id,op,subop,fecha,hora_inicio,hora_fin,id_rrhh,nº_tocholargo,long_inicial,long_tocho_cortado,cant_tochos cortados ,peso_promedio,long_final,Peso del resto del tocho
1,27,1,20190807,073000,075000,000011,187,580,45,4,14.76,398.9,NULL
2,31,1,20190806,142000,142500,000011,184,120.6,55,2,18.107,9.9,NULL
3,31,1,20190806,143600,152000,000011,184,580,55,10,18.025,27.3,NULL
4,31,1,20190806,152800,155800,000011,185,580,55,5,18.112,303.8,NULL
5,31,1,20190806,160000,161800,000011,185,303.8,55,5,18.06,26.9,NULL
6,31,1,20190806,163500,165600,000011,186,580,55,6,18.05,248.2,NULL
7,31,1,20190807,065000,071000,000011,186,248.2,55,4,18.05,26.2,NULL
8,31,1,20190807,082000,083500,000011,187,398.9,55,5,18.04,122.3,NULL
9,31,2,20190807,090000,090500,000011,187,122.3,63.9,1,20.941,58,NULL
10,31,2,20190807,091000,094500,000011,188,580,63.9,8,20.908,66.6,NULL
11,32,1,20190808,142500,150000,000011,189,580,49.6,11,16.223,31.6,NULL
12,32,1,20190808,152700,153700,000011,190,580,49.6,4,16.289,380.6,NULL
13,33,1,20190812,143500,155800,000011,190,380.6,50.9,7,16.553,24.4,NULL
14,33,1,20190812,163400,165700,000011,191,580,50.9,7,16.693,221,NULL
15,33,1,20190813,064100,070000,000011,191,221,50.9,4,16.753,16.5,NULL
16,33,1,20190813,071500,074000,000011,192,580,50.9,11,16.753,16.5,NULL
17,33,2,20190813,084000,091400,000011,192,224,31,7,10.207,1.6,NULL
18,33,2,20190813,093500,103100,000011,193,580,31,18,10.207,14.4,NULL
19,33,2,20190813,105300,114200,000011,194,580,31,17,10.207,45.6,NULL
20,34,1,20190820,135900,142300,000011,196,600,41.9,14,13.448,14,NULL
21,34,1,20190820,142900,150000,000011,197,600,41.9,14,13.512,13.5,NULL
22,34,1,20190820,151700,152900,000011,195,291,41.9,5,13.458,81.2,NULL
23,34,2,20190820,132200,134600,000011,195,600,30.6,10,9.84,291,NULL
24,34,3,20190820,162200,164700,000011,198,600,51.2,11,16.386,38,NULL
25,34,3,20190821,074500,075700,000011,199,600,51.2,7,16.386,243.5,NULL
26,34,4,20190821,084200,085400,000011,199,243.5,38,6,12.294,13.5,NULL
27,34,4,20190821,090300,093000,000011,200,600,38,14,12.294,63.5,NULL
28,34,5,20190821,095500,000010,000011,201,600,52.8,11,16.986,20.1,NULL
29,34,5,20190821,103000,104500,000011,202,600,52.8,8,16.986,178.5,NULL
30,34,6,20190821,105300,110000,000011,202,178.5,51.8,3,16.763,22.2,NULL
31,34,6,20190821,110800,113000,000011,203,600,51.8,11,16.763,28.6,NULL
32,34,6,20190821,113800,115800,000011,204,600,51.8,11,16.763,26.5,NULL
33,34,6,20190821,134000,135800,000011,205,600,51.8,10,17.08,78.8,NULL
34,34,7,20190821,141400,143200,000011,206,600,55.8,9,18.01,98.6,NULL
35,34,8,20190821,143700,144400,000011,206,98.6,44,2,14.128,9.3,NULL
36,34,8,20190821,150400,153100,000011,207,600,44,13,14.128,25.3,NULL
37,34,8,20190821,154000,160200,000011,208,600,44,6,14.128,336,NULL
38,35,1,20190821,161100,162000,000011,208,336,63.1,5,20.427,19.3,NULL
39,35,1,20190821,070100,072500,000011,209,600,63.1,9,20.357,35,NULL
40,35,1,20190822,073700,075900,000011,210,600,63.1,9,20.354,33,NULL
41,35,1,20190821,082700,085000,000011,211,600,63.1,9,20.394,33,NULL
42,35,1,20190822,090300,090400,000011,212,600,63.1,1,20.331,563.6,NULL
43,35,2,20190822,091100,094300,000011,212,536.6,35.3,15,11.464,4,NULL
44,35,2,20190822,100300,102400,000011,213,600,35.3,9,11.508,287,NULL
45,36,1,20190823,101500,103900,000011,214,600,32.5,18,10.504,17.9,NULL
47,36,1,20190823,134700,141000,000011,215,600,52.5,11,16.973,21.2,NULL
48,36,1,20190823,141900,144200,000011,216,600,52.5,11,16.993,20.8,NULL
49,36,1,20190823,145500,151700,000011,217,600,52.5,11,16.953,20.3,NULL
50,36,1,20190823,152200,154300,000011,218,600,52.5,11,16.993,20.6,NULL
51,36,1,20190823,155900,160700,000011,219,600,52.5,5,17.066,346.8,NULL
52,36,2,20190823,161200,162200,000011,219,346.8,52.8,6,16.969,29.5,NULL
53,36,2,20190826,073600,075800,000011,220,600,52.8,11,17.003,28.1,NULL
54,36,2,20190826,083000,084300,000011,221,600,52.8,5,17.16,347.3,NULL
55,36,2,20190826,094000,095100,000011,221,347.3,52.8,6,17.12,29.7,NULL
56,36,2,20190826,100000,102400,000011,222,600,52.8,11,17.01,28.4,NULL
57,36,2,20190826,103300,103400,000011,223,600,52.8,1,17.08,557.1,NULL
58,37,1,20190828,155800,162300,000011,223,557.6,47.9,11,15.532,28.2,NULL
59,37,1,20190828,162700,165000,000011,224,600,47.9,11,15.486,80.5,NULL
60,37,2,20190829,070400,070600,000011,224,80.5,48.4,1,15.599,31.8,NULL
61,37,2,20190829,071500,073800,000011,225,600,48.4,12,15.532,20.6,NULL
62,37,2,20190829,074600,080300,000011,226,600,48.4,9,15.509,165.1,NULL
63,38,1,20190829,083900,084600,000011,226,165.1,54.5,3,17.526,1.5,NULL
64,38,1,20190829,085200,091300,000011,227,600,54.5,10,17.65,54,NULL
65,38,1,20190829,092500,093200,000011,228,600,54.5,5,17.57,328.2,NULL
66,38,2,20190829,094000,095000,000011,228,328.2,56,5,18.06,46,NULL
67,38,2,20190829,100000,102000,000011,229,600,56,10,18.067,38.5,NULL
68,38,2,20190829,102500,102900,000011,230,600,56,3,18.12,448.3,NULL
69,38,3,20190829,104000,110700,000011,230,448.3,35.9,12,11.564,18,NULL
70,38,3,20190829,113300,115400,000011,231,600,35.9,11,11.581,212.3,NULL
71,39,1,20190902,162100,162500,000011,131,212.5,53.4,2,16.573,105,NULL
72,39,2,20190919,162900,163700,000011,131,105,43.3,2,14.028,17.6,57.388
73,39,3,20190919,164400,165000,000011,132,600,54.2,2,17.39,505.1,NULL
74,39,4,20190903,064100,064500,000011,132,505.1,49,2,15.846,403.7,NULL
75,39,5,20190903,065600,070000,000011,132,403.7,50.1,2,16.236,302.9,NULL
76,39,6,20190903,070500,070900,000011,132,302.9,37,2,12.091,227.6,NULL
77,40,1,20190903,105000,110000,000011,132,227.6,52,4,17.11,18.5,60.422
78,40,1,20190903,110700,113100,000011,133,600,52.9,11,17.09,27.3,8.793
79,40,1,20190903,131200,134200,000011,134,600,52.9,11,17.126,27.1,8.787
80,40,1,20190903,135400,141800,000011,135,600,52.9,11,16.983,26.6,8.563
81,40,1,20190903,142900,143400,000011,136,600,52.9,3,17.086,450.9,NULL
82,40,2,20190903,144100,150300,000011,136,450.9,39.6,11,12.841,11.1,35.813
83,40,2,20190903,153100,160300,000011,137,600,39.6,15,12.825,10.6,33.612
84,40,2,20190903,161400,163500,000011,138,600,39.6,11,12.811,169.7,NULL
85,40,2,20190904,073800,074800,000011,138,169.7,39.6,4,12.815,10,31.545
86,40,2,20190904,082600,085800,000011,239,600,39.6,15,12.838,10.2,33.746
87,40,2,20190904,091800,092600,000011,240,600,39.6,4,12.825,450.5,NULL
88,40,2,20190904,110100,113000,000011,242,600,38.3,15,12.374,30,9.687
89,40,3,20190904,093400,095700,000011,240,450.5,38.3,11,12.401,25.3,8.143
90,40,3,20190904,100900,103800,000011,241,600,38.3,15,12.398,13.5,9.937
91,40,3,20190904,130800,131300,000011,243,600,38.3,13,12.441,93.8,NULL
92,41,1,20190905,150500,152400,000011,143,493.9,45.7,10,14.832,33,10.631
93,41,2,20190905,153100,160000,000011,144,600,42,14,13.575,17,5.519
94,41,2,20190905,161600,163600,000011,145,600,42,10,13.585,177.4,NULL
95,41,3,20190906,064900,065400,000011,145,177.4,52.9,3,17.123,27.5,8.9
96,41,3,20190906,072000,074000,000011,146,600,52.9,11,17.063,23.3,7.499
97,41,3,20190906,075100,075200,000011,147,600,52.9,1,17.073,557.8,NULL
98,41,4,20190906,082500,084600,000011,147,557.8,42.4,13,13.715,1.4,4.536
99,41,4,20190906,091800,093300,000011,148,600,42.4,9,13.748,224.1,NULL
100,42,1,20190909,133200,134100,000011,248,224.1,47,4,15.199,34.8,11.237
101,42,1,20190909,135600,144000,000011,249,600,47,12,15.202,34,13.862
102,42,1,20190909,145500,150600,000011,250,600,47,6,15.282,326.6,NULL
103,43,1,20190910,092900,094200,000011,250,326.3,51.8,6,16.796,13.1,4.265
104,43,1,20190910,095800,102200,000011,251,600,51.8,11,16.773,35.9,11.551
105,43,1,20190910,104000,104400,000011,252,600,51.8,1,16.719,558.2,NULL
106,43,1,20190910,111500,113400,000011,252,558.2,51.8,10,16.729,35.5,11.457
107,43,1,20190910,130600,131500,000011,253,600,51.8,5,16.846,349,NULL
108,43,1,20190910,133700,134900,000011,253,349,51.8,6,16.853,35.5,11.484
109,43,1,20190910,140200,142200,000011,254,600,51.8,11,16.753,35.3,11.401
110,43,1,20190910,144700,150200,000011,255,600,51.8,11,16.796,37.2,11.958
111,44,1,20190911,134500,141300,000011,259,600,42.1,14,13.668,14.3,4.802
112,44,1,20190911,141900,144900,000011,258,600,42.1,14,13.652,13.2,4.215
113,44,1,20190911,150700,152000,000011,257,600,42.1,4,13.725,441.3,NULL
114,44,1,20190911,154600,160700,000011,257,441.3,42.1,10,13.735,12.2,39.881
115,44,1,20190911,162100,163500,000011,256,600,42.1,3,13.772,483.3,NULL
116,44,1,20190912,071600,073000,000011,256,483.3,42.1,5,13.732,268.4,NULL
117,44,2,20190912,135400,140100,000011,256,268,57.4,4,18.56,38,12.254
118,44,2,20190912,141900,144000,000011,260,600,57.4,10,18.7,29.5,9.884
119,44,2,20190912,145600,151500,000011,261,600,57.4,10,18.54,24.5,7.94
120,44,2,20190912,153300,155500,000011,262,600,57.4,10,18.54,23.2,7.459
121,44,2,20190912,160800,161300,000011,263,600,57.4,3,18.607,427.2,NULL
122,44,2,20190913,082600,084400,000011,266,600,55,10,17.796,46,14.842
123,44,3,20190912,161900,163200,000011,263,427.2,55,7,17.43,39.7,12.845
124,44,3,20190913,064000,070000,000011,264,600,55,10,17.82,46.4,14.995
125,44,3,20190913,072500,074300,000011,265,600,55,10,17.84,45.9,14.865
126,44,3,20190913,085200,085300,000011,267,600,55,1,17.853,555,NULL
127,44,3,20190913,103700,103800,000011,285,580,55,1,17.893,524.4,NULL
128,45,1,20190916,101300,103600,000011,285,524.4,40.8,12,13.238,31.3,10.254
129,45,1,20190916,105300,112600,000011,286,548,40.8,13,13.211,20.5,6.622
130,45,1,20190916,114000,114800,000011,267,610,40.8,5,13.195,404.3,NULL
131,45,1,20190916,154600,161700,000011,270,610,40.8,14,13.115,35.1,11.437
132,45,1,20190916,162900,164400,000011,271,610,40.8,7,13.141,323.1,NULL
133,45,2,20190916,142700,144400,000011,267,404.3,42.2,9,13.612,23,7.483
134,45,2,20190916,150300,153000,000011,269,610,42.2,12,13.595,103,NULL
135,45,3,20190917,071200,072200,000011,271,323.1,57.6,5,18.573,34.1,10.971
136,45,3,20190917,073600,075300,000011,272,610,57.6,10,18.637,38,10.28
137,45,3,20190917,082600,082900,000011,273,610,57.6,2,18.573,494.8,NULL
138,45,4,20190917,084100,085800,000011,273,494.8,39.8,8,12.825,173.8,NULL
139,45,4,20190917,091800,092500,000011,273,173.8,39.8,4,12.835,13.3,4301.563
140,45,4,20190917,093100,093400,000011,270,103.2,39.8,2,12.825,26,7.343
141,45,4,20190917,094800,101400,000011,274,610,39.8,15,12.851,8.3,2.764
142,45,4,20190917,102900,104300,000011,275,610,39.8,8,12.851,290.3,NULL
143,46,1,20190917,131600,132900,000011,275,290.3,44.2,6,14.272,23.1,7.476
144,46,1,20190917,133700,140100,000011,276,610,44.2,13,14.299,32,10.337
145,46,1,20190917,143800,144700,000011,277,610,44.2,5,14.279,387.5,NULL
146,46,2,20190917,143800,NULL,000011,277,387.5,51.2,7,16.526,26.6,NULL
148,46,2,20190917,154900,155400,000011,279,610,51.2,3,16.583,455.2,NULL
149,46,3,20190917,160500,162600,000011,279,455.2,36.2,12,11.684,17.2,5.659
150,46,3,20190917,163600,165200,000011,280,610,36.2,9,11.774,281.7,NULL
151,46,3,20190919,065100,070500,000011,280,281.7,36.2,7,11.738,26.6,8.48
152,46,3,20190919,071700,074400,000011,281,610,36.2,16,11.728,24,7.963
153,46,3,20190919,071800,084300,000011,282,610,36.2,14,11.728,98,NULL
154,46,4,20190918,090000,092100,000011,283,610,53.5,11,17.286,19.7,6.379
155,46,4,20190918,092900,094700,000011,284,610,53.5,11,17.316,21,6.869
156,46,4,20190918,100800,102600,000011,286,580,53.5,10,17.44,42.2,13.812
157,46,4,20190919,103700,104700,000011,287,580,53.5,7,17.453,203.5,NULL
158,47,1,20190919,072500,073400,000011,287,203.4,44.6,4,14.562,23.8,7.806
159,47,1,20190919,073800,074200,000011,282,98.2,44.6,2,14.405,8.5,2.674
160,47,1,20190919,082800,085900,000011,288,580,44.6,12,14.569,40.5,13.265
161,47,1,20190919,091100,093600,000011,289,580,44.6,12,14.559,39.5,12.901
162,47,1,20190919,095400,101900,000011,290,580,44.6,12,14.582,39,12.708
163,47,1,20190919,103400,104100,000011,291,580,44.6,4,14.562,399.2,NULL
164,48,1,20190923,071300,072800,000011,291,399.2,55.3,7,18,11,35.846
165,48,1,20190923,074300,080000,000011,292,580,55.3,10,17.993,25.2,8.176
166,48,1,20190923,082300,825000,000011,195,580,55.3,10,18.137,21.5,0.914
167,48,1,20190923,082900,083100,000011,158,56.2,55.3,1,17.923,1.4,0.283
168,48,2,20190923,155000,161300,000011,293,580,45.1,12,14.655,37.5,12.181
169,48,4,20190923,162700,164100,000011,294,580,43.5,8,14.195,229.5,NULL
170,48,5,20190923,164600,165200,000011,294,229.5,47.1,4,15.369,40,13.041
171,48,5,20190913,065900,072200,000011,295,580,47.1,12,15.299,14,4.688
172,48,5,20190913,073900,075000,000011,296,580,47.1,6,15.286,297,NULL
173,49,1,20190925,082300,082400,000011,264,46.4,35.3,1,11.394,11,3.498
174,49,1,20190925,082600,082600,000011,251,43.2,35.3,1,11.404,8,2.508
175,49,1,20190925,082800,083000,000011,288,38,35.3,1,11.404,2,0.744
176,49,1,20190925,083100,083200,000011,289,46,35.3,1,11.404,10.5,3.375
177,49,1,20190925,083400,084500,000011,293,39,35.3,1,11.384,2.5,0.814
178,49,1,20190925,084800,085200,000011,225,43,35.3,1,11.367,7,2.211
179,49,1,20190925,085300,085700,000011,294,46,35.3,1,11.364,10.1,3.331
180,49,1,20190925,090700,091800,000011,222,39,35.3,1,11.377,4.2,1.32
181,49,2,20190925,100600,100700,000011,260,49.6,35.3,1,11.588,14.2,4.582
182,49,2,20190925,100800,100900,000011,265,45.9,35.3,1,11.411,10.5,3.355
183,49,2,20190925,101100,101200,000011,160,54,35.3,1,11.431,18.5,5.966
184,49,2,20190925,103900,104100,000011,195,81,35.3,2,11.434,10.2,3.255
185,49,2,20190925,110400,110700,000011,199,79,35.3,2,11.374,7.5,2.468
186,49,2,20190925,111000,111200,000011,124,61.8,35.3,1,11.391,26.6,8.543
187,49,2,20190925,111300,111500,000011,200,63.3,35.3,1,11.417,28,9.01
188,49,2,20190925,111900,113200,000011,296,297.1,35.3,8,11.464,13,4.192
189,49,2,20190925,131300,134400,000011,297,580,35.3,13,11.498,117,NULL
190,49,3,20190926,155200,161500,000011,312,580,44.3,13,14.422,1,0.31
191,49,3,20190926,162900,164900,000011,313,580,44.3,11,14.456,178.8,NULL
192,49,4,20190926,111700,113700,000011,307,535.6,44.3,12,14.401,1.5,1.254
193,49,4,20190926,114700,115600,000011,308,580,44.3,5,14.421,357.3,NULL
194,49,4,20190926,131000,132300,000011,308,357.3,44.3,8,14.425,1.4,0.353
195,49,4,20190926,134800,142300,000011,309,580,44.3,13,14.435,2,0.604
196,49,4,20190926,145300,151700,000011,310,580,44.3,13,14.446,1.5,0.417
197,49,4,20190926,152300,154600,000011,311,580,44.3,10,14.416,45.5,14.845
198,49,5,20190925,063700,064300,000011,301,252.7,57.2,4,18.637,23,7.503
199,49,5,20190926,070000,071300,000011,302,580,57.2,7,18.66,177.2,NULL
200,49,7,20190926,073500,074500,000011,302,177.2,43.7,4,14.249,1.5,456.833
201,49,7,20190926,082300,085400,000011,303,580,43.7,13,14.262,9.2,2.778
202,49,7,20190926,092400,094900,000011,304,580,43.7,13,14.271,8,2.591
203,49,7,20190926,095800,101900,000011,305,580,43.7,13,14.282,7.5,2.511
204,49,7,20190926,103000,105500,000011,306,580,43.7,13,14.267,7.8,2.478
205,49,7,20190926,110600,110700,000011,307,580,43.7,1,14.282,535.6,NULL
206,49,8,20190925,141300,141700,000011,297,117,46.4,2,28.844,24.3,7.816
207,49,8,20190925,142800,145100,000011,298,580,46.4,12,15.135,20.2,6.512
208,49,8,20190925,150300,151700,000011,299,580,46.4,7,15.124,253.8,NULL
209,49,8,20190925,154000,154800,000011,299,253.8,46.4,5,15.114,20.8,6.706
210,49,8,20190925,160400,162100,000011,300,580,46.4,12,15.107,20,6.586
211,49,8,20190925,162800,163800,000011,301,580,46.4,7,15.136,252.7,NULL
212,50,1,20190930,134300,135000,000011,313,178.8,53.5,3,17.433,17.8,5.409
213,50,1,20190930,140000,142000,000011,314,580,53.5,10,17.456,42.5,13.878
214,50,1,20190930,142900,145000,000011,315,580,53.5,10,17.43,41.7,13.612
215,50,1,20190930,150000,151500,000011,316,580,53.5,5,17.508,310.4,NULL
216,50,1,20190930,153000,154000,000011,316,310.4,53.5,5,17.5,40.5,13.261
217,50,1,20190930,160200,162300,000011,317,580,53.5,10,17.494,40.1,13.031
218,50,1,20190930,163000,165000,000011,318,580,53.3,10,17.533,39,12.961
219,50,1,20191001,072200,074300,000011,319,580,53.5,10,17.368,44,14.532
220,50,1,20191001,053400,085600,000011,320,580,53.5,10,17.36,45,14.639
221,50,1,20191001,090900,091500,000011,321,580,53.5,4,17.39,365.7,NULL
222,50,2,20191001,092500,093700,000011,321,365.7,58.3,6,18.972,14.5,4.765
223,50,2,20191001,095800,101700,000011,322,580,58.3,9,18.998,53.6,17.503
224,50,2,20191001,102900,105200,000011,323,580,58.3,9,19.007,53.5,17.473
225,50,2,20191001,110000,111100,000011,324,580,58.3,3,18.997,403,NULL
226,50,2,20191001,113000,114100,000011,324,403,56.2,7,18.303,1.1,0.307
227,50,3,20191001,152800,154900,000011,329,580,55.2,10,17.965,27.1,8.853
228,50,3,20191001,160500,162900,000011,330,580,55.2,10,17.951,26,8.516
229,50,3,20191001,163000,165600,000011,331,580,55.2,10,17.995,25.9,8.38
230,50,3,20191019,072200,073700,000011,332,580,55.2,8,17.967,137,NULL
231,50,4,20191002,074700,074900,000011,332,137,49.9,2,16.253,37,12.061
232,50,4,20191002,082500,085000,000011,333,580,49.9,11,16.274,29.7,9.067
233,50,4,20191002,090600,092300,000011,334,580,49.9,8,16.309,177.7,NULL
234,50,5,20191001,130500,132700,000011,325,580,56.2,10,18.323,16.5,5.342
235,50,5,20191001,133600,134100,000011,326,580,56.2,3,18.31,410.6,NULL
236,50,6,20191001,135000,140500,000011,326,410.6,51.3,7,16.681,49.5,16.199
237,50,6,20191001,144300,150600,000011,327,580,51.3,11,16.754,13.2,4.282
238,51,1,20191003,131400,131800,000011,334,177.8,44.5,2,14.51,88.3,NULL
239,51,2,20191003,132500,132800,000011,334,88.3,37.5,2,12.256,13,4.142
240,51,3,20191003,134300,134600,000011,335,580,46.1,2,15.033,487.8,NULL
241,51,4,20191003,135200,135600,000011,335,487.8,46,2,14.962,395,NULL
242,52,1,20191008,104200,105300,000011,335,395,41.5,6,13.516,144.6,NULL
243,53,1,20191010,102200,102700,000011,334,144.6,57.7,2,18.773,9.1,9.483
245,53,1,20191010,110000,112200,000011,336,580,57.7,10,18.8,1,0.337
246,53,1,20191010,113000,115000,000011,337,580,57.7,10,18.795,9,0.403
247,53,1,20191010,130300,131100,000011,338,580,57.7,4,18.798,348.2,NULL
248,54,1,20191014,133900,000013,000011,338,348.3,37.1,4,12.071,199,NULL
249,54,1,20191015,050700,051700,000011,338,199,37.1,5,12.071,4.4,40.781
250,54,1,20191015,052500,055400,000011,339,580,37.1,15,12.084,20,6.492
251,54,1,20191015,060000,062700,000011,340,580,37.1,15,12.1,19.5,6.356
252,54,1,20191015,064000,070900,000011,341,580,37.1,15,12.093,19,6.182
253,54,1,20191015,071400,071600,000011,318,39,37.1,1,12.111,2.3,0.73
254,54,1,20191015,072000,072200,000011,332,37,37.1,1,12.061,2.3,NULL
255,54,2,20191015,074600,075800,000011,342,580,44.4,6,14.405,312.3,NULL
256,54,2,20191015,082200,083800,000011,342,312.3,44.4,7,14.417,1,0.303
257,54,2,20191015,084400,091300,000011,343,580,44.4,13,14.436,1.6,0.44
258,54,2,20191015,091900,095200,000011,344,580,44.4,13,14.432,5,353.462
259,54,2,20191015,100500,102900,000011,345,580,44.4,13,14.432,4.5,14.739
260,54,2,20191015,103800,110900,000011,346,580,44.4,13,14.446,4.5,14.652
261,54,2,20191015,111600,114500,000011,347,580,44.4,13,14.441,4,0.21
262,54,2,20191015,131900,134400,000011,348,580,44.4,13,14.435,4.5,14.665
263,54,2,20191015,134900,141200,000011,349,580,44.4,13,14.454,4.6,14.589
264,54,2,20191015,141600,144100,000011,350,580,44.4,13,14.464,4.4,14.392
265,54,2,20191016,071300,NULL,000011,351,580,44.4,13,14.407,2.2,6.736
266,54,2,20191016,074500,080000,000011,352,580,44.4,10,14.419,135.6,NULL
267,54,3,20191016,094800,095200,000011,353,101.9,43.1,2,14.05,5.1,4.932
268,54,3,20191016,100300,103200,000011,354,580,43.1,13,14.054,14.2,46.717
269,54,3,20191016,104300,105300,000011,355,580,43.1,5,14.104,361.5,NULL
270,54,4,20191016,105700,111300,000011,355,361.5,43.1,8,14.145,10.7,38.381
271,54,4,20191016,112500,115400,000011,356,580,43.1,13,14.185,6.5,2.117
272,54,4,20191016,132700,135200,000011,357,580,43.1,13,13.978,19.7,6.399
273,54,4,20191016,140500,143300,000011,358,580,43.1,13,14,17.5,5.782
274,54,4,20191016,143700,143800,000011,352,43.1,43.1,1,14.045,17.5,NULL
275,54,5,20191019,111000,111600,000011,363,170.1,54.2,3,17.644,6.7,2.254
276,54,5,20191019,112200,114000,000011,264,580,54.2,10,17.64,35.8,11.688
277,54,5,20191019,114300,120000,000011,365,580,54.2,10,17.66,35.8,11.641
278,54,5,20191023,131100,132900,000011,366,580,54.5,10,17.651,35.2,11.531
279,54,5,20191023,133200,135000,000011,367,580,54.5,10,17.666,35.6,11.614
280,54,5,20191023,140300,142500,000011,368,580,54.5,10,17.658,35.4,11.558
281,54,5,20191023,143700,150000,000011,369,600,54.5,11,17.49,2.5,0.724
282,54,5,20191023,150700,015300,000011,370,600,54.5,11,17.543,2.4,0.83
283,54,5,20191023,153300,153600,000011,371,600,54,1,17.493,547.5,NULL
284,54,6,20191023,131800,133500,000011,371,547.5,58.5,9,18.858,19.1,6.092
285,54,6,20191023,134500,140700,000011,372,600,58.5,10,18.925,14.5,4.625
286,54,6,20191024,141800,144700,000011,373,600,58.5,10,18.822,12.9,4.101
287,54,6,20191024,150600,152900,000011,374,600,58.5,10,18.925,14,4.508
288,54,6,20191024,164600,165500,000011,376,253,58.5,4,18.797,20,6.459
289,54,6,20191025,071000,073400,000011,377,600,58.5,10,18.778,15.8,5.082
290,54,6,20191025,084000,075200,000011,378,600,58.5,10,18.765,14.6,4.745
291,54,6,20191025,082600,084400,000011,379,600,58.5,7,18.773,191.1,NULL
292,54,7,20191016,145300,152400,000011,359,586,37.6,15,12.171,15.3,4.875
293,54,7,20191016,160200,163400,000011,360,580,37.6,15,12.178,14.8,4.725
294,54,7,20191016,163800,165100,000011,361,580,37.6,6,12.198,353.7,NULL
295,54,7,20191017,065800,071700,000011,361,353.7,37.6,9,12.192,12,4.658
296,54,7,20191017,073700,073900,000011,317,40.1,37.6,1,12.194,2.2,0.737
297,54,7,20191017,074100,074200,000011,323,53.5,37.6,1,12.194,15.9,5.195
298,54,7,20191017,074700,074900,000011,311,45.5,37.6,1,12.198,7.8,2.534
299,54,7,20191017,075000,075400,000011,320,45,37.6,1,12.214,7,2.324
300,54,7,20191017,082400,082500,000011,319,44,37.6,1,12.201,6.6,2.233
301,54,7,20191017,082700,082800,000011,315,41.7,37.6,1,12.211,4,1.297
302,54,7,20191017,083000,083900,000011,314,42.5,37.6,1,12.208,4.6,1.501
303,54,7,20191017,083400,083600,000011,316,40.5,37.6,1,12.211,2.8,0.93
304,54,7,20191025,085100,090300,000011,379,191.1,37.6,5,12.112,2.9,0.58
305,54,7,20191025,090800,094000,000011,380,600,37.6,15,12.146,32.9,10.617
306,54,7,20191025,094900,095100,000011,368,42.8,37.6,1,12.261,5,1.657
307,54,7,20191025,095400,100400,000011,370,120,37.6,3,12.231,7.2,NULL
308,55,1,20191016,085700,091000,000011,353,580,38.2,6,12.401,349,NULL
309,55,2,20191016,091400,092600,000011,353,349,41.2,6,13.382,101.9,NULL
310,55,3,20191016,083000,083600,000011,352,135.6,46.1,2,15.04,42.8,14.045
311,55,3,20191016,081100,084300,000011,329,49.5,46.1,1,15.019,3,10.737
312,55,3,20191016,084400,084600,000011,322,53.6,46.1,1,15.045,7,2.354
313,56,1,20191017,091000,102100,000011,362,580,44.4,7,14.421,268.4,NULL
314,57,1,20191022,160300,160600,000011,262,268.4,48.7,2,15.816,170.7,NULL
315,57,2,20191022,161600,161900,000011,262,170.7,63.7,2,20.744,42.8,14.022
316,57,3,20191022,163000,163400,000011,263,580,46.1,2,15.065,487.6,NULL
317,57,4,20191022,163700,163900,000011,263,487.6,43.9,2,14.563,399.6,NULL
318,57,5,20191022,164100,164500,000011,263,399.6,34.2,2,11.207,330.1,NULL
319,57,6,20191022,164700,165700,000011,263,330.1,34.9,2,11.339,260,NULL
320,57,7,20191022,165300,165600,000011,263,260,44.7,2,14.523,170,NULL
321,58,1,20191024,154800,161300,000011,375,600,49.6,12,15.946,5.3,1.651
322,58,1,20191024,162800,164200,000011,376,600,49.6,7,16.012,253,NULL
323,59,1,20191028,050000,530000,000011,381,600,40.3,14,12.963,37.1,11.951
324,59,1,20191028,053800,061100,000011,382,600,40.5,14,13.028,37,12.061
325,59,1,20191028,062300,065700,000011,383,600,40.3,14,12.985,38.1,12.328
326,59,1,20191028,071800,073800,000011,384,600,40.3,10,12.948,198.7,NULL
327,59,2,20191028,074700,075600,000011,384,198.7,46.2,4,14.88,12.8,4.145
328,59,2,20191028,082500,085100,000011,385,600,46.2,12,14.92,45.4,14.662
329,59,2,20191028,090300,094000,000011,386,600,46.2,12,14.929,45.4,14.715
330,59,2,20191028,101500,103900,000011,387,600,46.2,12,14.983,42.4,13.784
331,59,2,20191028,104800,1100000,000011,388,600,46.2,5,14.927,360.2,NULL
332,59,3,20191029,073000,074600,000011,392,331.8,36.8,8,11.928,34.5,11.114
333,59,3,20191029,083000,090300,000011,393,600,36.8,16,11.985,6,2.074
334,59,3,20191029,091200,91500,000011,394,600,36.8,16,11.996,2.5,0.667
335,59,3,20191029,101700,105500,000011,395,600,36.8,16,12.036,1.5,0.457
336,59,3,20191029,105700,105900,000011,282,38,36.8,1,12.061,0,0
337,59,4,20191028,143000,144900,000011,388,360.2,44.3,8,14.272,13.5,4.288
338,59,4,20191028,150000,153000,000011,389,600,44.3,13,14.33,13.7,7.316
339,59,4,20191028,155000,162200,000011,390,600,44.3,13,14.043,19.8,63.99
340,59,4,20191028,162900,165600,000011,391,600,44.3,13,14.32,24.1,NULL
341,59,4,20191029,071100,072400,000011,392,600,44.3,6,14.369,331.8,NULL
342,60,1,20191030,153000,160400,000011,396,600,48.9,12,15.797,17.2,5.542
343,60,1,20191030,161200,163600,000011,397,600,48.9,12,15.799,15.7,5.145
344,60,1,20191031,063900,065800,000011,398,600,48.9,12,15.76,15.6,5.038
345,60,1,20191031,071000,072100,000011,399,600,48.9,7,15.704,258.4,NULL
346,60,2,20191031,073800,074500,000011,399,258.4,48.5,5,8.191,14.9,4.828
347,60,2,20191031,082200,083800,000011,400,600,48.5,12,15.644,16.4,5.312
348,60,2,20191031,084600,091300,000011,401,600,48.5,12,15.6,15.2,4.862
349,60,2,20191031,092400,094900,000011,402,600,48.5,12,15.65,12.9,4.208
350,60,2,20191031,095700,100100,000011,403,600,48.5,2,15.789,503,NULL
351,60,3,20191031,101600,104500,000011,403,503,35.5,14,11.561,4,0.167
352,60,3,20191031,105800,112200,000011,404,600,35.5,16,11.484,26.7,8.596
353,60,3,20191031,132400,135500,000011,405,600,35.5,16,11.51,16.2,8.5
354,60,3,20191031,140900,143000,000011,406,600,35.5,13,11.536,134.2,NULL
355,61,1,20191104,070800,071400,000011,406,134.1,38.8,3,12.555,17,5.499
356,61,1,20191104,071600,074600,000011,407,600,38.8,15,12.572,14,4.522
357,61,1,20191104,082300,083300,000011,408,600,38.8,7,12.543,327.2,NULL
358,61,3,20191104,084100,084900,000011,408,327.2,49.7,6,16.073,17.7,0.9
359,61,3,20191104,085800,091500,000011,409,600,49.7,12,15.974,2.7,0.897
360,61,3,20191104,092300,092500,000011,410,600,49.7,1,15.959,550.1,NULL
361,61,4,20191104,093700,095300,000011,410,550.1,53.4,10,17.168,14.3,4.605
362,61,4,20191104,100800,102000,000011,411,600,53.4,8,17.211,173.4,NULL
363,61,5,20191104,102400,102700,000011,411,173.4,58.5,2,18.818,56,18.043
364,61,5,20191104,103600,115300,000011,412,600,58.5,10,18.887,16.5,53.92
365,61,5,20191104,110200,110700,000011,413,600,58.5,4,18.845,399.6,NULL
366,62,3,20191107,063200,064000,000011,420,170.2,40,4,12.895,9.3,31.011
367,62,3,20191107,065100,071900,000011,421,600,40,14,12.897,38.5,12.395
368,62,3,20191107,073000,075100,000011,422,600,40,10,12.938,199.2,NULL
369,62,3,20191107,082500,082900,000011,422,199.2,40,4,12.928,38.4,12.511
370,62,3,20191107,083600,085400,000011,423,600,40,10,12.907,199,NULL
371,62,4,20191107,090800,091500,000011,423,199,52,3,16.853,40.6,13.765
372,62,4,20191107,092400,094300,000011,424,600,52,11,16.756,26.4,8.586
373,62,4,20191107,100200,100400,000011,425,600,52,1,16.873,548.7,NULL
374,62,4,20191107,102600,105100,000011,426,600,52,11,16.784,25.7,8.363
375,62,4,20191107,110400,112400,000011,427,600,52,11,16.739,26,8.376
376,62,4,20191107,113400,114000,000011,428,600,52,4,17.43,392.1,NULL
377,62,5,20191107,131200,132500,000011,428,392.1,43.1,9,13.859,20.8,7.569
378,62,5,20191107,134600,141200,000011,429,600,43.1,13,13.912,20.2,27.677
379,62,5,20191107,142900,145300,000011,430,600,43.1,13,13.952,41.6,13.522
380,62,5,20191107,130400,153300,000011,431,600,43.1,13,13.9,41.3,12.835
381,62,5,20191107,153500,153700,000011,412,49,43.1,1,13.895,5.5,1.784
382,62,6,20191107,155200,162000,000011,432,600,42.6,14,13.724,4.5,14.572
383,62,6,20191107,062900,164100,000011,433,600,42.6,6,13.738,346.9,NULL
384,64,1,20191125,095200,095700,000011,434,600,36.1,3,11.581,495.7,NULL
385,64,2,20191125,102300,103000,000011,434,495.7,32.6,3,10.511,396.8,NULL
386,64,2,20191125,104800,111000,000011,434,369.8,32.6,12,10.504,2.4,NULL
387,64,2,20191125,113600,113800,000011,422,38.4,32.6,1,10.571,5.5,1.837
388,64,2,20191125,114000,114200,000011,366,35.2,32.6,1,10.607,2.4,0.814
389,64,2,20191125,114400,114600,000011,430,41.6,32.6,1,10.564,8.6,2.851
390,64,2,20191125,114800,115000,000011,264,38.8,32.6,1,10.594,3,0.964
391,64,2,20191125,131100,131300,000011,368,35.4,35.4,1,10.621,3.1,0.804
392,64,2,20191125,131500,131800,000011,387,42.4,32.6,1,10.54,9.5,3.138
393,64,2,20191125,132100,132200,000011,386,45.4,32.6,1,10.54,12.3,4.028
394,64,2,20191125,132400,132500,000011,423,40.6,32.6,1,10.517,9.5,3.148
395,64,2,20191125,132800,132900,000011,429,41.5,32.6,1,10.537,8.5,2.821
396,64,2,20191125,133500,133800,000011,329,33.5,32.6,1,10.54,1,0.147
397,64,2,20191125,134300,134500,000011,385,45.9,32.6,1,10.537,12.7,4.068
398,64,2,20191125,134900,135000,000011,381,37.1,32.6,1,10.55,4,1.29
399,64,2,20191125,135100,135300,000011,271,34.1,32.6,1,10.54,1.4,0.63
400,64,2,20191125,135500,135700,000011,431,41.3,32.6,1,10.54,8.1,2.654
401,64,2,20191125,140000,140200,000011,270,35.1,32.6,1,10.48,2.7,0.854
402,64,2,20191125,140300,140600,000011,380,44.7,32.6,1,10.634,11.8,3.848
403,64,2,20191125,140800,141000,000011,383,38.1,32.6,1,10.564,5,1.651
404,64,2,20191125,143000,130800,000011,435,600,32.6,18,10.559,8,2.631
405,64,2,20191125,151900,153000,000011,436,600,32.6,5,10.567,436.5,NULL
406,65,1,20191126,102700,104600,000011,436,436.5,47.9,9,15.51,2.8,0.854
407,65,1,20191126,105700,112200,000011,437,600,47.9,12,15.459,22,7.173
408,65,1,20191126,113500,115500,000011,438,600,47.9,7,15.44,260.6,NULL
409,65,1,20191126,131100,131600,000011,438,260.6,47.9,3,15.41,119.3,NULL
410,65,1,20191127,073900,074100,000011,438,119.3,47.9,2,15.399,23.1,7.426
411,65,1,20191127,082200,084500,000011,439,600,47.9,12,15.419,23.9,7.706
412,65,1,20191127,090000,082500,000011,440,600,47.9,12,15.457,23,7.513
413,65,1,20191127,094400,100700,000011,441,600,47.9,12,15.5,22.8,7.413
414,65,1,20191127,101800,104100,000011,442,600,47.9,12,15.417,27.2,8.74
415,65,1,20191127,105300,111500,000011,443,600,47.9,12,15.43,26.9,8.68
416,65,1,20191127,112800,114100,000011,444,600,47.9,7,15.556,265,NULL
417,66,1,20191127,151100,152300,000011,444,265,36,7,11.653,11.1,3.668
418,66,1,20191127,153400,160700,000011,445,600,36,16,11.608,24.2,7.766
419,66,1,20191127,161900,163000,000011,446,600,36,6,11.598,387.1,NULL
420,67,1,20191129,150900,152700,000011,446,387.1,37.5,10,12.063,10,3.178
421,67,1,20191129,153700,160500,000011,447,600,37.5,16,12.041,38.2,12.261
423,67,1,20191202,100600,101800,000011,452,251.6,37.5,6,12.095,26,8.436
424,67,1,20191202,103000,104700,000011,453,600,37.5,8,12.118,299.5,NULL
425,67,2,20191202,070600,073700,000011,449,600,39.1,15,12.593,13.1,5.469
426,67,2,20191202,081900,083700,000011,450,600,39.1,15,12.57,13.2,5.432
427,67,2,20191202,085800,093100,000011,451,600,39.1,15,12.538,13.4,5.525
428,67,2,20191202,094200,100100,000011,452,600,39.1,9,12.583,246.1,NULL
429,69,1,20191209,092800,095000,000011,457,558.5,45.2,12,14.617,13.1,4.272
430,69,1,20191209,100000,102700,000011,458,600,45.2,13,14.489,9.8,3.225
431,69,1,20191209,104300,110900,000011,459,600,45.2,12,14.627,55.4,18.017
432,69,2,20191209,113400,115700,000011,460,600,41.1,11,13.241,147.5,NULL
433,69,2,20191209,130700,131100,000011,460,147.5,41.1,3,13.213,24,7.773
434,69,2,20191209,132200,135200,000011,461,600,41.1,14,13.185,24,7.729
435,69,2,20191209,140000,143100,000011,462,600,41.1,14,13.242,22.3,7.226
436,69,3,20191209,151500,152400,000011,463,228.3,45.6,5,14.707,0.1,14.592
437,69,3,20191209,153500,160600,000011,464,600,45.6,13,14.783,3,0.924
438,69,3,20191209,162000,165100,000011,465,600,45.6,13,14.815,1.2,0.36
439,69,2,20191209,144000,150100,000011,463,600,41.1,9,13.275,228.3,NULL
440,69,3,20191210,71800,74000,000011,466,600,45.6,13,14.899,6.9,14.259
441,69,3,20191210,75000,75400,000011,467,600,45.6,2,14.957,508.3,NULL
442,69,4,20191210,81900,84300,000011,467,508.3,43.3,11,13.966,28,9.063
443,69,4,20191210,85000,91800,000011,468,600,43.3,13,13.945,33.3,10.924
444,69,4,20191210,93800,100400,000011,469,600,43.3,13,14.027,33,10.891
445,69,4,20191210,102200,104900,000011,470,600,43.3,13,13.979,35.1,11.411
446,69,4,20191210,110000,113100,000011,471,600,43.3,13,13.966,33.6,10.861
447,69,5,20191211,74300,75400,000011,472,600,41.1,2,13.165,477.7,NULL
448,69,5,20191211,85000,91100,000011,472,477.7,41.1,11,13.173,25,8.09
449,69,5,20191211,91800,93000,000011,473,600,41.1,7,13.169,311.8,NULL
450,69,5,20191212,152100,153200,000011,473,311.8,41.1,7,13.165,23.8,7.626
451,69,5,20191212,154600,155600,000011,474,600,41.1,3,13.267,436.5,NULL
452,69,5,20191213,64000,65800,000011,474,436.5,41.1,10,13.275,24,7.936
453,69,5,20191213,70600,72500,000011,475,600,41.1,10,13.243,188,NULL
454,70,1,20191213,73300,73900,000011,475,188,54.8,3,17.746,22.8,7.336
455,70,1,20191213,81900,84300,000011,476,600,54.8,10,17.731,49.3,15.852
456,70,1,20191213,85500,90600,000011,477,600,54.8,6,17.678,269.1,NULL
457,71,1,20191217,93300,94100,000011,477,269.1,45,5,14.469,43.3,13.908
458,71,1,20191217,95000,101200,000011,478,600,45,13,14.539,12.5,4.008
459,71,1,20191217,102200,105100,000011,479,600,45,13,14.519,11.8,3.875
460,71,1,20191217,110700,113000,000011,480,600,45,10,14.509,146.7,NULL
461,71,1,20191217,133000,133400,000011,480,146.7,45,3,14.469,11,3.618
462,71,1,20191217,134200,140600,000011,481,600,45,13,14.583,12.3,3.998
463,71,1,20191217,141700,144700,000011,482,600,45,13,14.533,11,3.618
464,71,2,20191218,65800,72500,000011,483,600,46.3,10,14.722,141.6,NULL
465,71,4,20191218,73300,74000,000011,483,141.6,45.7,3,14.723,3.2,1.21
466,71,4,20191218,82000,84000,000011,484,600,45.7,7,14.809,279.2,NULL
467,71,3,20191218,85400,90500,000011,484,279.2,49.9,5,16.163,28.5,9.17
468,71,3,20191218,91300,94100,000011,485,600,49.9,11,16.071,47.5,15.249
469,71,3,20191218,95000,103700,000011,486,600,49.9,11,16.123,48.5,15.579
470,71,3,20191218,110400,112500,000011,487,600,49.9,4,16.185,400,NULL
471,71,3,20191218,130900,134200,000011,487,400,49.9,7,16.127,48.5,15.736
472,72,1,20191219,200500,201600,000011,488,600,55.1,10,17.716,48.3,15.559
473,72,1,20191219,202200,204400,000011,489,600,55.1,10,17.786,49,15.886
474,72,1,20191219,204900,211400,000011,490,600,55.1,10,17.751,48.3,15.666
475,72,1,20191219,212000,213800,000011,491,600,55.1,8,17.823,158.5,NULL
476,72,2,20191219,220500,220900,000011,491,158.5,61.8,2,20.007,34.5,11.201
477,72,2,20191219,221400,223400,000011,492,600,61.8,9,19.945,42.3,13.685
478,72,2,20191219,224000,230200,000011,493,600,61.8,9,19.872,41.7,13.442
479,72,2,20191220,062800,064200,000011,494,600,61.8,7,19.885,166,NULL
480,72,3,20191220,070300,070600,000011,494,166,75.5,2,24.302,14.7,4.702
481,72,3,20191220,071100,072700,000011,495,600,75.5,7,24.242,70.7,22.702
482,72,3,20191220,073300,074400,000011,496,600,75.5,5,24.467,222.4,NULL
483,73,1,20200103,071800,072900,000011,496,221.7,45.1,4,14.577,40.7,13.228
484,73,1,20200103,073800,080000,000011,497,600,45.1,13,14.616,9.8,3.255
485,73,1,20200103,083200,085700,000011,498,600,45.1,13,14.534,11,3.581
486,73,1,20200103,090700,092200,000011,499,600,45.1,7,14.602,282,NULL
487,73,2,20200103,160000,161100,000011,499,282,37.8,7,12.226,16.2,5.289
488,73,2,20200103,162000,164700,000011,500,600,37.8,15,12.204,29.7,9.607
489,73,2,20200106,073200,075700,000011,501,600,37.8,15,12.2,29.9,9.65
490,73,2,20200106,082500,082700,000011,490,48.3,37.8,1,12.204,10.3,3.341
491,73,2,20200106,082900,083000,000011,489,49,37.8,1,12.238,10.7,3.531
492,73,2,20200106,083500,083700,000011,496,40.7,37.8,1,12.258,2.7,0.86
493,73,2,20200106,084500,092100,000011,502,600,37.8,15,12.168,28.8,9.317
494,74,1,20200107,140700,143200,000011,503,600,44,13,14.212,28.5,9.29
495,74,1,20200107,144200,151200,000011,504,600,44,13,14.129,26.5,8.573
496,74,1,20200107,152300,155400,000011,505,600,44,13,14.276,24.1,7.843
497,74,1,20200107,160700,163000,000011,506,600,44,9,14.246,201.5,NULL
498,75,1,20200109,065100,070400,000011,506,201.5,34.8,5,11.131,27.5,8.87
499,75,1,20200109,071300,075200,000011,507,600,34.8,17,11.131,10.1,33.345
500,75,1,20200109,082700,085800,000011,508,600,34.8,14,11.198,109.9,NULL
501,75,2,20200109,091500,092000,000011,508,109.9,51.6,2,16.733,6.4,1.974
502,75,2,20200109,092500,095000,000011,509,600,51.6,11,16.643,30.5,9.737
503,75,2,20200109,100800,103300,000011,510,600,51.6,11,16.584,31.4,10.114
504,75,2,20200109,104400,110900,000011,511,600,51.6,11,16.666,29.2,9.483
505,75,2,20200109,112800,114200,000011,513,600,51.6,6,16.743,287.2,NULL
506,75,3,20200109,131100,132200,000011,513,287.5,49.5,5,16.009,38.9,12.611
507,75,3,20200109,135500,140400,000011,514,600,49.5,12,15.974,2.7,0.817
508,75,3,20200109,142000,144800,000011,515,600,49.5,12,16.019,2.1,0.77
509,75,3,20200109,145700,152500,000011,516,600,49.5,12,16.206,3.2,0.957
510,75,3,20200109,154100,161000,000011,517,600,49.5,12,15.98,1.3,0.32
511,75,3,20200109,161700,162000,000011,459,55.4,49.5,1,15.866,6,2.034
512,75,3,20200109,162300,162500,000011,495,72.7,49.5,1,17.743,21.1,6.862
513,75,4,20200110,073500,075600,000011,118,600,44,13,14.247,25.4,8.316
514,75,4,20200110,084400,091500,000011,119,600,44,13,14.102,25.4,8.16
515,75,4,20200110,94400,101200,000011,120,600,44,13,14.226,23.2,7.549
516,75,4,20200110,102600,105600,000011,121,600,44,13,14.224,24.2,7.813
517,75,4,20200110,112000,113100,000011,122,600,44,5,14.226,338.5,NULL
518,76,1,20200114,135300,140600,000011,522,378.5,55,3,17.721,212.8,NULL
519,76,4,20200115,070700,071900,000011,522,212.8,40.8,5,13.153,7.5,2.478
520,76,4,20200115,073100,080900,000011,523,600,40.8,14,13.155,26,8.52
521,76,4,20200115,083000,090600,000011,524,600,40.8,14,13.175,25.3,8.146
522,76,1,20200115,092100,094800,000011,525,600,55,10,17.694,47.6,15.459
523,76,1,20200115,100000,102600,000011,526,600,55,10,17.721,48.7,15.769
524,76,1,20200115,103900,110400,000011,527,600,55,10,17.724,47.7,15.456
525,76,1,20200115,112600,114900,000011,528,600,55,10,17.693,48.2,15.596
526,76,1,20200115,131500,133700,000011,529,600,55,10,17.74,47.2,15.289
527,76,1,20200115,135100,141400,000011,530,600,55,10,17.684,46.5,14.959
528,76,1,20200115,142700,145300,000011,531,600,55,10,17.734,48.3,15.596
529,76,1,20200115,151000,153600,000011,532,600,55,10,17.718,49.7,16.049
530,76,1,20200115,154500,155300,000011,533,600,55,3,17.723,435.5,NULL
531,76,2,20200115,160600,162200,000011,533,435.5,74.9,5,24.135,59.7,19.26
532,76,2,20200115,163000,164800,000011,534,600,74.9,7,24.315,73.2,23.829
533,76,5,20200116,071600,074000,000011,535,600,53.1,11,17.128,15.5,4.968
534,76,5,20200116,082400,074800,000011,536,600,53.1,11,17.053,15,4.845
535,76,5,20200116,090900,093500,000011,537,600,53.1,11,17.09,15,4.835
536,76,5,20200116,094600,101300,000011,538,600,53.1,11,17.131,13.2,4.242
537,76,5,20200116,102500,105000,000011,539,600,53.1,11,17.16,13.7,4.488
538,76,6,20200116,111300,114500,000011,540,600,45.7,13,14.687,6.5,2.044
539,76,6,20200116,131100,134100,000011,541,600,45.7,13,14.679,5.8,1.867
540,76,6,20200116,135200,135500,000011,525,47.6,45.7,1,14.665,2,0.69
541,76,6,20200116,135700,135900,000011,526,48.7,45.7,1,14.685,3,0.967
542,76,6,20200116,140100,140300,000011,527,47.7,45.7,1,14.695,2.3,0.657
543,76,6,20200116,140800,140900,000011,528,48.2,45.7,1,14.669,2.4,0.82
544,76,6,20200116,141100,141300,000011,529,47.2,45.7,1,14.682,1.5,0.507
545,76,6,20200116,141400,141500,000011,530,46.5,45.7,1,14.67,5,0.197
546,76,6,20200116,143200,144500,000011,542,600,45.7,7,14.679,278.5,NULL
547,76,7,20200117,142600,143600,000011,542,278.5,48.2,5,15.533,36.5,11.754
548,76,7,20200117,144800,151100,000011,425,548.5,48.2,11,15.546,15.5,5.072
549,76,7,20200117,151500,151700,000011,533,59.7,48.2,1,7.203,5.4,3.618
550,76,7,20200117,152000,152100,000011,532,49.7,48.2,1,15.539,1.3,0.4
551,76,7,20200117,152200,152300,000011,531,48.3,48.2,1,15.596,1,15.596
552,76,6,20200121,070000,073900,000011,543,600,31.7,18,10.126,28.2,9.107
553,76,6,20200121,074900,075400,000011,534,75.2,31.7,2,10.225,9.7,3.161
554,76,6,20200121,082700,085400,000011,544,600,31.7,13,10.099,187.2,NULL
555,77,1,20200123,101400,102100,000011,544,187.2,55.5,3,17.876,19.7,6.386
556,77,1,20200123,103000,105200,000011,545,600,55.5,10,17.937,41.7,13.322
557,77,1,20200123,110000,112200,000011,546,600,55.5,10,17.947,41.4,13.362
558,76,2,20200127,070700,073700,000011,547,600,45.8,13,14.756,4.4,18.94
559,76,2,20200127,082000,085000,000011,548,600,45.8,13,14.783,4.5,1.534
560,76,1,20200127,091200,092200,000011,638,600,45.8,4,14.682,422.1,NULL
561,76,9,20200127,093900,095700,000011,638,424.1,51.1,8,16.419,13.7,4.485
562,76,9,20200127,101000,103400,000011,637,600,51.1,11,16.447,42,13.602
563,76,9,20200127,104200,110500,000011,636,600,51.1,11,16.447,41.7,13.448
564,76,9,20200127,112000,114400,000011,635,600,51.1,10,16.51,93.1,NULL
565,76,10,20200127,131000,131400,000011,635,93.1,38.8,2,12.529,15.1,4.918
566,76,10,20200127,131800,135000,000011,634,600,38.8,15,12.561,21,6.826
567,76,10,20200127,141400,144700,000011,633,600,38.8,15,12.511,20.5,6.682
568,76,10,20200127,150000,155000,000011,554,600,38.8,15,12.512,20.5,6.646
569,76,10,20200127,161300,162900,000011,553,600,38.8,7,12.523,332.6,NULL
570,76,4,20200128,065200,071500,000011,553,332.7,33.3,9,10.751,30.4,9.8
571,76,4,20200128,072400,075800,000011,552,600,33.3,13,10.739,168.6,NULL
572,76,4,20200128,084300,085200,000011,552,168.6,33.3,5,10.733,34,11.027
573,76,4,20200128,090000,090800,000011,551,600,33.3,3,10.805,555.5,NULL
574,78,1,20200128,091600,095000,000011,551,555.5,55,9,17.753,7.7,2.504
575,78,1,20200128,103900,111200,000011,550,600,55,11,17.753,55,NULL
576,78,1,20200128,113000,113900,000011,549,600,55,4,17.666,386,NULL
577,78,3,20200128,131700,133500,000011,549,386,43,8,13.809,39.7,12.748
578,78,3,20200128,140000,143400,000011,560,600,43,14,13.944,1.6,0.527
579,78,3,20200128,145400,153700,000011,559,600,43,14,13.952,1.3,0.353
580,78,3,20200128,153700,160700,000011,558,600,43,13,13.826,43.4,13.968
581,78,4,20200128,162400,164500,000011,557,600,60.5,10,19.597,60.5,19.547
582,78,4,20200129,065400,071200,000011,556,600,60.5,8,19.474,121.5,NULL
583,78,5,20200129,071700,072600,000011,556,121.5,51.9,2,16.669,17.5,5.595
584,78,5,20200129,073500,075500,000011,555,600,51.9,11,16.717,34.5,11.161
585,78,5,20200129,085000,090800,000011,566,600,51.9,7,16.744,245.3,NULL
586,78,2,20200129,091600,092600,000011,566,245.3,53.3,4,17.18,31.3,10.154
587,78,2,20200129,093500,100400,000011,565,600,53.3,11,17.153,22.2,7.176
588,78,7,20200129,103500,110900,000011,564,600,38.4,15,12.332,32.2,10.414
589,78,7,20200129,113000,114800,000011,563,600,38.4,7,12.34,339.6,NULL
590,78,6,20200129,130900,132500,000011,563,339.6,55.7,6,17.96,4,1.427
591,78,6,20200129,133400,140000,000011,562,600,55.7,10,17.918,51.4,16.619
592,78,6,20200129,141500,143800,000011,561,600,55.7,10,18.027,49.9,16.183
593,78,6,20200129,150800,153800,000011,567,600,55.7,10,17.947,45.3,14.655
594,78,6,20200129,154400,160200,000011,568,600,55.7,9,18.047,100.5,NULL
595,79,1,20200130,163400,165000,000011,569,600,60.2,10,19.282,2.9,0.89
596,79,1,20200131,065200,071700,000011,570,600,60.2,10,19.285,4.7,1.551
597,79,1,20200131,072100,072300,000011,568,100.5,60.2,1,19.387,40.3,13.075
598,79,2,20200131,073600,075700,000011,571,600,42.4,10,13.595,180.5,NULL
599,79,2,20200131,082400,083300,000011,571,180.5,42.4,4,13.607,10.3,3.348
600,79,2,20200131,084500,090300,000011,572,600,42.4,9,13.654,222.5,NULL
601,79,1,20200203,112500,113100,000011,572,222.5,67.1,3,21.641,21.6,6.712
602,79,1,20200203,114400,113100,000011,573,600,67.1,9,21.596,3.5,1.07
603,79,1,20200203,131400,133800,000011,574,600,67.1,9,21.613,3.5,1.087
604,79,1,20200203,134500,141100,000011,575,600,67.1,9,21.671,3.5,1.08
605,79,1,20200203,142300,144600,000011,576,600,67.1,8,21.675,72.3,23.515
606,79,2,20200203,162600,170500,000011,577,600,32,19,10.272,1.5,0.497
607,79,2,20200203,065700,072000,000011,578,600,32,9,10.264,322.3,NULL
608,79,2,20200203,062500,072700,000011,564,32,32,1,10.414,0,0
609,79,2,20200203,062800,072900,000011,176,32,32,1,10.337,0,0
610,79,3,20200203,074400,075800,000011,578,322.3,38.3,8,12.362,14.5,4.668
611,79,3,20200203,083300,090900,000011,579,600,38.3,14,12.301,69.3,NULL
612,80,1,20200204,135200,135700,000011,579,69.3,31,2,9.498,6.3,2.191
613,80,1,20200204,140000,140400,000011,576,72.3,31,2,10.058,9.9,3.188
614,80,1,20200204,140700,141000,000011,487,48.5,31,1,10.017,17.5,5.612
615,80,1,20200204,141200,141400,000011,486,48.3,31,1,9.994,17,5.469
616,80,1,20200204,141900,142100,000011,637,42,31,1,9.957,11,3.498
617,80,1,20200204,142400,142600,000011,558,43.4,31,1,9.964,12.4,3.895
618,80,1,20200204,142800,143100,000011,561,49.9,31,1,10.044,18.6,6.029
619,80,1,20200204,143300,143400,000011,562,51.4,31,1,9.977,20.3,6.529
620,80,1,20200204,143500,143700,000011,476,49.3,31,1,9.353,18.1,5.719
621,80,1,20200204,144000,144200,000011,567,45.3,31,1,9.997,14,4.548
622,80,1,20200204,144300,144500,000011,568,40.3,31,1,10.027,9.2,2.948
623,80,1,20200204,144600,144700,000011,555,34.5,31,1,9.994,3.6,1.06
624,80,1,20200204,144800,145100,000011,636,47.1,31,1,10.004,10.5,3.341
625,80,1,20200204,145500,145700,000011,549,39.7,31,1,9.97,8.4,2.671
626,80,1,20200204,145700,150000,000011,488,48.3,31,1,9.967,17.3,5.482
627,80,1,20200204,150100,150300,000011,485,47.5,31,1,9.93,16.3,5.215
628,80,1,20200204,150400,150500,000011,566,31.3,31,1,10.154,0.3,10.154
629,80,1,20200204,151400,153200,000011,580,600,31,8,9.949,355.6,NULL
630,80,1,20200204,155000,160700,000011,580,355.6,47.7,7,15.33,19,6.166
631,80,3,20200204,161600,164000,000011,581,600,47.7,12,15.42,28.7,9.25
632,80,3,20200204,164800,165400,000011,582,600,47.7,3,15.586,461.3,NULL
633,80,2,20200205,104200,110900,000011,582,461.3,38.7,12,12.493,3,0.784
634,80,2,20200205,111500,111100,000011,583,600,38.7,10,12.492,218.8,NULL
635,80,4,20200205,140900,142100,000011,583,218.8,39.7,5,12.808,19,6.349
636,80,4,20200205,143200,150700,000011,584,600,39.7,15,12.835,3.3,0.947
637,80,4,20200205,153400,154400,000011,585,600,39.7,4,12.941,449.7,NULL
638,80,6,20200205,155300,161000,000011,585,449.7,50.1,8,16.177,47.5,15.236
639,80,6,20200206,065000,071600,000011,586,600,50.1,12,16.236,4.1,1.247
640,80,6,20200206,073500,074200,000011,587,600,50.1,2,16.279,560.5,NULL
641,80,7,20200206,082000,084100,000011,587,560.5,51.9,9,16.771,40.8,13.211
642,80,7,20200206,085300,092100,000011,588,600,51.9,11,16.704,36,11.558
643,80,8,20200206,084900,101300,000011,589,600,52.8,11,17.008,28.3,9.12
644,80,8,20200206,103500,105500,000011,590,600,52.8,9,17.024,133.5,NULL
645,80,9,20200206,112000,112500,000011,590,133.5,46.2,2,14.925,40.5,13.098
646,80,9,20200206,113200,120200,000011,591,600,46.2,13,14.925,1,1.901
647,80,9,20200206,132900,135000,000011,592,600,46.2,8,14.939,223.7,NULL
648,80,10,20200206,141900,143800,000011,592,223.7,28.2,8,9.063,6.8,2.167
649,80,10,20200206,144500,144800,000011,589,117.5,28.2,4,9.2,0,NULL
650,80,10,20200206,145200,150600,000011,593,600,28.2,5,10.388,362.9,NULL
651,80,10,20200207,102600,110000,000011,593,362.9,28.2,16,9.079,7.7,2.484
652,80,11,20200207,115300,151800,000011,594,600,43.2,13,13.91,42,13.548
653,80,11,20200207,152800,154300,000011,595,600,43.2,7,13.976,299.8,NULL
654,80,12,20200207,160000,161100,000011,596,600,32.2,9,10.37,8,2.588
656,81,2,20200211,114200,115900,000011,597,600,36.2,7,11.638,354.5,NULL
657,81,2,20200211,130700,134700,000011,597,354.5,36.2,9,11.638,27.5,8.78
658,81,3,20200211,135600,142500,000011,598,600,55.1,11,17.664,0,NULL
659,81,3,20200211,143000,145900,000011,599,600,55.1,11,17.67,0,NULL
660,81,3,20200211,150400,152000,000011,600,600,55.1,8,17.668,167,NULL
661,81,4,20200211,154000,155000,000011,600,167,46.9,3,15.025,26,8.34
662,81,4,20200211,160000,161000,000011,601,600,46.9,3,15.012,468.5,NULL
663,81,5,20200211,161500,163000,000011,601,468.5,54.9,8,17.67,27.5,8.727
664,81,5,20200212,083600,090500,000011,602,600,54.9,11,17.641,4.1,1.16
665,81,5,20200212,164300,164800,000011,606,600,54.9,4,17.718,337.5,NULL
666,82,1,20200212,143400,150800,000011,603,600,47.6,12,15.266,35.5,11.407
667,82,1,20200212,152000,154200,000011,604,600,47.6,10,15.369,130.6,NULL
668,82,2,20200212,155200,155500,000011,604,130.6,46.6,2,15.137,37.7,12.241
669,82,2,20200212,160500,163300,000011,605,600,46.6,14,15.087,42,13.565
670,82,2,20200213,065800,071400,000011,606,337.5,46.6,6,15.052,55.5,NULL
671,82,3,20200213,071700,072400,000011,606,116.5,29.7,3,9.65,16,5.265
672,82,3,20200213,074200,075500,000011,607,600,29.7,6,9.646,427,NULL
673,82,3,20200213,082400,090500,000011,607,427,29.7,14,9.65,4.5,1.414
674,82,4,20200213,092300,094700,000011,608,600,51.3,11,16.563,41.3,13.402
675,82,4,20200213,100400,103200,000011,609,600,51.3,11,16.456,44.3,14.245
676,82,4,20200213,104700,104800,000011,610,600,51.3,1,16.569,548.7,NULL
677,81,1,20200218,103600,110000,000011,610,548.7,52.4,10,16.914,33,106.739
678,81,1,20200218,111100,114000,000011,611,600,52.4,11,16.986,30.2,9.794
679,81,1,20200218,114700,115800,000011,612,600,52.4,4,16.946,400.3,NULL
680,81,1,20200218,131200,133200,000011,612,400.3,52.4,7,16.951,32,10.38
681,81,1,20200218,150400,151900,000011,613,600,52.4,8,16.967,188,NULL
682,81,8,20200218,153100,153600,000011,613,188,67.2,2,20.741,53,17.156
683,81,8,20200218,154400,160500,000011,614,600,67.2,9,21.696,4,1.21
684,81,8,20200218,162200,164000,000011,615,600,67.2,8,21.696,51.8,16.347
685,81,8,20200219,064300,070800,000011,616,600,67.2,9,21.579,2,0.617
686,81,8,20200219,072000,074800,000011,617,600,67.2,9,21.793,3,0.95
687,81,8,20200219,072300,082500,000011,618,600,67.2,1,21.598,543,NULL
688,81,7,20200219,084300,092100,000011,618,543,45.4,11,14.637,40.2,12.968
689,81,7,20200219,100000,102200,000011,619,600,45.4,13,14.686,13.3,4.382
690,81,7,20200219,104600,111500,000011,620,600,45.4,13,14.709,13.5,4.405
691,81,6,20200219,113000,114900,000011,621,600,45.4,10,14.731,147,NULL
692,81,9,20200219,131200,131700,000011,621,147,50.2,2,16.196,46.5,17.02
693,81,9,20200219,133000,135300,000011,622,600,50.2,12,16.201,1.3,0.31
694,81,9,20200219,135900,142300,000011,623,600,50.2,11,16.207,49.2,15.816
695,81,9,20200219,143300,145700,000011,624,600.6,50.2,12,16.21,50.2,16.226
696,81,6,20200219,151500,152500,000011,225,600.5,50.2,5,16.279,352,NULL
697,83,1,20200219,154500,155700,000011,225,352,44.7,7,14.435,38.3,12.395
698,83,1,20200219,160800,163100,000011,226,600.5,44.7,13,14.465,21.1,6.919
699,83,1,20200219,163800,164100,000011,623,49.2,44.7,1,14.405,3.8,1.307
700,83,1,20200219,164200,164500,000011,621,46.5,44.7,1,14.435,1.5,0.484
701,83,1,20200219,164600,164800,000011,615,51.8,44.7,1,14.389,5.5,1.871
702,83,1,20200219,165000,165100,000011,609,44.7,44.7,1,14.249,0,14.249
703,80,12,20200225,072200,075600,000011,512,600,32.2,14,10.419,208.5,NULL
704,84,1,20200225,110000,111400,000011,512,208.5,32.2,6,10.409,13.3,4.298
705,84,1,20200225,112600,115600,000011,627,600,32.2,13,10.397,120.8,NULL
706,84,3,20200225,131000,131400,000011,627,120.8,42.8,2,13.792,35,11.207
707,84,3,20200225,132100,132200,000011,594,423,42.8,1,13.538,4.2,13.538
708,84,3,20200225,132300,132500,000011,586,47.5,42.8,1,13.862,4.2,1.297
709,84,3,20200225,132700,132200,000011,613,53,42.8,1,13.852,9.9,3.194
710,84,3,20200225,133600,133700,000011,NULL,42.8,42.8,1,13.962,0,0
711,84,3,20200225,133800,133900,000011,NULL,42.8,42.8,1,13.958,0,0
712,84,3,20200225,134000,134100,000011,NULL,43,43,1,13.975,0,0
713,84,4,20200225,135400,135700,000011,608,41.3,39.6,1,12.655,2.3,0.637
714,84,4,20200225,135800,140000,000011,590,40.5,39.6,1,12.638,1,0.36
715,84,4,20200225,140100,140300,000011,587,40.8,39.6,1,12.681,1.5,0.43
716,84,4,20200225,140400,140700,000011,618,40.7,39.6,1,12.588,1,0.28
717,84,2,20200226,093100,100000,000011,628,600,49,12,15.754,23.2,7.536
718,84,2,20200226,101400,102400,000011,629,600,49,4,15.752,415.2,NULL
719,85,1,20200227,082400,083700,000011,629,415,62.2,6,20.065,41,13.178
720,85,1,20200227,084600,085400,000011,630,600,62.2,3,20.194,422.2,NULL
721,88,1,20200319,072800,074700,000011,630,422.2,50.1,8,16.444,6,5.095
722,88,1,20200319,082100,084700,000011,631,600,50.1,12,16.319,1,0.197
723,88,1,20200319,090300,092800,000011,632,600,50.1,12,16.134,9.3,3.104
724,88,1,20200319,095100,101300,000011,639,607,50.1,10,16.201,107,NULL
725,88,2,20200319,102400,103100,000011,639,107,48.4,2,15.696,9,2.908
726,88,2,20200319,103900,110400,000011,640,610,48.4,12,15.57,13.6,7.683
727,88,2,20200319,111600,112500,000011,641,607,48.4,4,15.581,412.3,NULL
728,88,3,20200319,113000,114700,000011,641,412.3,43.2,9,13.889,22.5,7.159
729,88,3,20200319,131200,132900,000011,642,607,43.2,8,13.954,219,NULL
730,88,4,20200319,135800,141000,000011,642,219,33.7,6,10.854,16,5.185
731,88,4,20200319,142000,145400,000011,643,610,33.7,17,10.872,31,10.064
732,88,4,20200319,140700,152500,000011,644,610,33.7,8,10.854,332.1,NULL
733,88,5,20200319,153400,154700,000011,644,332.1,35.6,8,11.458,15.9,5.255
734,88,5,20200320,082700,085000,000011,645,610,35.6,17,11.389,35.5,11.297
735,88,6,20200320,085700,092900,000011,646,610,42.4,14,13.66,11.4,37.714
736,88,6,20200320,093700,101000,000011,647,610,42.4,14,13.69,11.4,37.714
737,88,6,20200320,102200,105200,000011,648,610,42.4,14,13.666,11.4,3.701
738,88,6,20200320,110600,111700,000011,649,610,42.4,5,13.565,394.2,NULL
739,89,1,20200413,084700,092300,000011,649,394.2,33.4,11,10.757,22.8,7.363
740,89,1,20200413,094000,102800,000015,650,610,33.4,18,10.804,0,NULL
741,89,1,20200413,105000,110000,000015,692,610,33.4,3,10.791,589,NULL
742,89,2,20200413,111900,110700,000015,692,506.8,46.4,10,14.889,42.2,13.612
743,89,2,20200413,132500,134800,000015,691,610,46.4,8,15.095,237.9,NULL
744,89,3,20200413,135300,141200,000015,691,237.9,41.9,5,13.642,21.5,7.063
745,89,3,20200413,155400,161200,000015,690,610,41.9,5,13.608,390.6,NULL
746,89,4,20200414,161500,164000,000015,690,399,41.4,9,13.378,20.1,6.642
747,89,4,20200414,070600,072400,000015,689,610,41.4,9,13.334,231.6,NULL
748,89,5,20200414,073000,074000,000011,689,231.6,42.4,5,13.607,8.7,6.069
749,89,5,20200414,082600,084600,000011,688,610,42.4,10,13.655,181,NULL
750,89,6,20200414,085800,091200,000011,688,182,44.3,4,13.988,6.4,2.087
751,89,6,20200414,092500,095000,000011,687,610,44.3,11,14.044,126.7,NULL
752,89,7,20200414,100000,100300,000011,687,126.7,61.7,2,19.919,3.2,0.994
753,89,7,20200414,104000,110200,000011,656,610,61.7,9,19.857,54.4,17.49
754,90,1,20200428,132600,134000,000011,655,610,33.9,5,10.932,439.7,NULL
755,90,1,20200428,143000,145700,000011,655,439.7,33.9,12,10.941,30.7,9.937
756,90,1,20200428,150500,154000,000011,654,610,33.9,17,10.937,30.4,9.837
757,90,1,20200428,160000,162200,000011,653,610,33.9,11,10.897,235.2,NULL
758,87,1,20200428,163000,164400,000011,653,235.2,30.2,7,9.712,22.5,7.303
759,87,1,20200428,164600,164800,000011,654,30.4,30.4,1,9.837,0,0
760,87,1,20200428,165000,165200,000011,655,30.7,30.7,1,9.937,0,0
761,87,1,20200428,070800,074800,000011,652,610,30.2,19,9.67,15.9,21.875
762,90,2,20200429,083100,085600,000011,651,610,50.6,12,16.359,50.6,16.349
763,90,2,20200429,091200,092400,000011,662,610,50.6,4,16.333,403.6,NULL
764,90,3,20200429,093000,094200,000011,662,403.6,51.1,7,16.513,43.5,13.952
765,91,1,20200430,070000,072000,000011,661,504.2,54.8,8,17.568,64.2,NULL
766,91,3,20200430,072500,072700,000011,661,64.2,40,1,12.811,24,NULL
767,91,2,20200430,073200,075100,000011,660,610,40,5,12.889,405.7,NULL
768,91,2,20200430,082000,083500,000011,660,405.5,46.5,8,14.987,31.9,10.254
769,91,2,20200430,085700,090600,000011,659,610,46.5,3,14.974,466.6,NULL
770,91,2,20200505,083000,084600,000011,659,466.6,38.8,10,12.451,77.7,NULL
771,92,7,20200512,154000,161000,000011,658,607,40.1,15,12.865,3,0.84
772,92,7,20200512,162000,165000,000011,657,607,40.1,15,12.98,2.5,0.687
773,92,7,20200513,065000,070800,000011,668,610,40.1,9,12.89,246.8,NULL
774,92,1,20200513,071800,072700,000011,668,246.8,44.7,5,14.365,22.2,7.253
775,92,1,20200513,073800,074800,000011,667,610,44.7,5,14.447,385.1,NULL
776,92,3,20200513,073000,084800,000011,667,385.1,45.8,8,14.806,15.9,5.145
777,92,3,20200513,085200,085400,000011,NULL,46.5,45.8,1,14.795,0.1,0.067
778,92,3,20200513,085600,085800,000011,656,54.4,45.8,1,14.832,7.5,2.551
779,92,4,20200513,092500,094800,000011,666,610,49.5,11,15.809,67.8,21.198
780,92,5,20200513,101000,103700,000011,665,610,42,16,13.457,20.2,6.519
781,92,5,20200513,104200,104300,000011,605,42,42,1,13.565,0,0
782,92,5,20200513,104500,104700,000011,692,42.3,42.3,1,13.616,0,0
783,92,5,20200513,105600,110100,000011,664,610,42.2,2,13.465,525.5,NULL
784,92,2,20200513,110800,113000,000011,664,525.5,41.6,10,13.342,107,NULL
785,92,6,20200518,070000,070500,000011,664,107.1,45.4,2,14.523,16.1,5.225
786,92,6,20200518,071600,074300,000011,663,610,45.4,13,14.564,19.3,6.229
787,92,6,20200518,081900,085000,000011,674,607,45.4,13,14.624,15.8,5.172
788,92,6,20200518,091900,094800,000011,673,607,45.4,13,14.592,15.8,5.159
789,92,6,20200518,100500,101700,000011,672,607,45.4,5,14.595,380,NULL
790,93,1,20200520,133000,134600,000011,672,380,43.4,8,14.008,30.5,9.89
791,93,1,20200520,135700,NULL,000011,671,607,43.4,13,13.987,39.5,12.715
792,93,1,20200520,133600,150300,000011,670,607,43.4,13,13.967,39.4,12.671
793,93,1,20200520,151600,154200,000011,669,607,43.4,13,13.98,38.4,12.374
794,93,1,20200520,155600,162000,000011,680,610,43.4,11,13.956,129.1,NULL
795,94,2,20200521,094700,095300,000011,680,129.1,47.9,2,15.366,33,10.604
796,94,2,20200521,100200,103000,000011,679,610.5,47.9,12,15.394,32.5,10.44
797,94,2,20200521,103600,103800,000011,659,77.8,47.9,1,15.422,29.6,9.55
798,94,2,20200521,104000,104300,000011,666,67.8,47.9,1,15.389,17.5,5.702
799,94,3,20200521,110300,113500,000011,678,610,43.3,14,13.899,1,0.243
800,94,3,20200521,113800,113900,000011,662,43.5,43.5,1,13.952,0,0
801,94,1,20200521,131000,132800,000011,677,610,67.3,9,21.656,3,0.85
802,94,1,20200521,134300,134500,000011,676,610,67.3,1,21.681,542.5,NULL
803,94,4,20200521,144000,142000,000011,676,542.5,48,11,15.503,10.2,3.311
804,94,4,20200521,143400,144800,000011,675,610,48,7,15.528,271.2,NULL
805,94,5,20200521,145800,151100,000011,675,271.2,60.6,8,9.892,23.2,NULL
806,94,5,20200521,152000,152200,000011,553,271.2,30.6,1,9.794,30.1,9.794
807,94,5,20200521,152300,152400,000011,NULL,31,31,1,9.894,0,0
808,94,5,20200521,152600,152700,000011,672,30.5,30.5,1,9.89,0,0
809,94,5,20200521,154300,160400,000011,686,610,30.6,10,9.961,297.6,NULL
810,95,1,20200522,155500,160300,000011,686,297.6,50.5,5,16.236,44.5,14.339
811,95,1,20200522,161100,163500,000011,685,610,50.5,12,16.244,2.2,0.604
812,95,2,20200525,073300,073900,000011,684,610,46.1,3,14.779,471.4,NULL
813,95,3,20200525,082000,083900,000011,684,471.4,52,9,14.759,1.2,0.407
814,95,3,20200525,090300,092900,000011,683,610,52,11,16.756,34.8,10.731
815,95,3,20200525,094100,100800,000011,682,610,52,11,16.736,34.6,11.214
816,95,3,20200525,102400,104900,000011,681,588.5,52,11,16.864,13,4.228
817,95,3,20200525,110600,113100,000011,696,607.2,52,11,16.781,31.4,10.197
818,95,3,20200525,114300,120400,000011,697,607.5,52,11,16.734,31.3,10.097
819,96,1,20200528,130600,134000,000011,696,60.9,32.6,18,10.436,21.2,6.859
820,96,1,20200528,135000,142700,000011,695,607.9,32.6,18,10.45,20.6,6.702
821,96,1,20200528,151700,153500,000011,694,607,32.7,10,10.458,281,NULL
822,96,2,20200528,154200,155800,000011,694,281,45.3,6,14.681,7.2,2.418
823,96,2,20200528,160900,163300,000011,693,607.4,45.3,13,14.612,14.1,4.525
824,26,2,20200529,064000,070400,000011,699,610,45.3,13,14.469,20.4,6.516
825,96,2,20200529,072300,075100,000011,700,610,45.3,13,14.559,20.8,6.736
826,96,2,20200529,075400,075600,000011,701,610,45.3,1,14.539,564.6,NULL
827,96,3,20200529,084000,085600,000011,701,564.6,53.2,10,17.158,29.5,9.513
828,96,3,20200529,090400,092500,000011,702,610,53.2,11,17.218,20.7,6.789
829,96,3,20200529,093600,095800,000011,703,610,53.2,11,17.13,21.1,6.796
830,96,3,20200529,101400,103500,000011,704,610,53.2,11,17.203,21.4,7.203
831,96,4,20200529,105700,105700,000011,705,607.5,42.3,14,13.619,13.2,75027.255
832,96,4,20200529,113400,120000,000011,706,607.5,42.3,14,13.62,12.5,4.011
833,96,4,20200529,130700,133700,000011,707,607.5,42.3,14,13.61,12.9,4.148
834,96,4,20200529,134200,135800,000011,708,607.5,42.3,8,136.536,267.6,NULL
835,96,5,20200529,141000,142100,000011,708,267.6,46.8,5,15.15,32.5,10.571
836,96,5,20200529,145500,151800,000011,709,607.5,46.8,12,15.079,43.5,14.078
837,96,5,20200529,152700,154800,000011,710,607,46.8,12,15.022,43,13.842
838,96,5,20200529,160000,162000,000011,715,610,46.8,12,15.109,45.9,14.862
839,96,5,20200529,162300,163000,000011,716,610,46.8,4,15.044,422.2,NULL
840,96,6,20200601,074700,075900,000011,716,422.2,67.6,6,21.758,15.3,4.912
841,96,6,20200601,083000,084900,000011,711,609.6,67.6,9,21.836,67,21.651
842,96,6,20200601,085600,091400,000011,712,609.7,67.6,9,21.835,67,21.655
843,96,6,20200601,092800,094300,000011,713,609.5,67.6,8,21.778,66.5,21.468
844,96,6,20200601,095200,100400,000011,714,610,67.6,5,21.698,270.5,NULL
845,96,7,20200601,101100,102300,000011,714,270.5,45.6,5,14.634,41.7,13.332
846,96,7,20200601,104100,105600,000011,717,609.9,45.6,7,14.802,288.7,NULL
847,96,8,20200601,110600,111600,000011,717,288.7,51,5,16.591,32.6,10.624
848,96,8,20200601,113000,115200,000011,718,609.6,51,11,16.453,44.9,14.435
849,96,8,20200601,130900,131200,000011,NULL,NULL,51.1,9,16.509,51.1,16.509
850,96,9,20200601,133000,135600,000011,719,609.6,51,14,13.079,37.2,12.054
851,96,9,20200601,141200,143000,000011,720,609.7,51,9,13.125,241.7,NULL
852,96,10,20200601,143800,144500,000011,720,241.7,54,4,17.464,24.8,8.056
853,96,10,20200601,145400,151400,000011,721,610,54,11,17.358,13.8,4.418
854,96,10,20200601,152100,152800,000011,722,610,54,3,17.414,447.3,NULL
