ID_MOVIMIENTO,FECHA ,HORA ,ID_RESPONSABLE,TIPO_CONTENEDOR_ORIGEN,ID_CONTENEDOR_ORIGEN,TIPO_CONTENEDOR_DESTINO,ID_CONTENEDOR_DESTINO,CODIGO ,LONGITUD,ENVEJECIDO,ACABADO,COLOR,DEFECTUOSO,CANTIDAD,nro_ext,nro_envejecimiento,nro_pint,id_imp_etiq,com,es_fix,ok
1,20200228,NULL,5,NULL,NULL,2,1,PROFILE-0077,6,1,0,0,0,233,NULL,NULL,NULL,NULL,NULL,0,NULL
2,20200228,NULL,12,2,1,NULL,NULL,PROFILE-0077,6,1,0,0,0,86,NULL,NULL,NULL,NULL,NULL,0,NULL
3,20200529,NULL,12,2,1,NULL,NULL,PROFILE-0077,6,1,0,0,0,147,NULL,NULL,NULL,NULL,NULL,0,NULL
4,20200228,NULL,5,NULL,NULL,2,2,PROFILE-0116,6,1,0,0,0,59,NULL,NULL,NULL,NULL,NULL,0,NULL
5,20200228,NULL,5,NULL,NULL,2,3,PROFILE-0116,6,1,0,0,0,112,NULL,NULL,NULL,NULL,NULL,0,NULL
6,20200228,NULL,5,NULL,NULL,2,4,PROFILE-0161,6,1,0,0,0,60,NULL,NULL,NULL,NULL,NULL,0,NULL
7,20200311,NULL,5,2,4,NULL,NULL,PROFILE-0161,6,1,0,0,0,4,NULL,NULL,NULL,NULL,NULL,0,NULL
8,20200317,NULL,5,2,4,NULL,NULL,PROFILE-0161,6,1,0,0,0,41,NULL,NULL,NULL,NULL,NULL,0,NULL
9,20200318,NULL,12,2,4,NULL,NULL,PROFILE-0161,6,1,0,0,0,15,NULL,NULL,NULL,NULL,NULL,0,NULL
10,20200228,NULL,5,NULL,NULL,2,5,PROFILE-0177,6,1,0,0,0,6,NULL,NULL,NULL,NULL,NULL,0,NULL
11,20200316,NULL,11,NULL,NULL,2,5,PROFILE-0177,6,1,0,0,0,27,NULL,NULL,NULL,NULL,NULL,0,NULL
12,20200228,NULL,5,NULL,NULL,2,5,PROFILE-0157,6,1,0,0,0,2,NULL,NULL,NULL,NULL,NULL,0,NULL
13,20200228,NULL,5,NULL,NULL,2,6,PROFILE-0078,6,1,0,0,0,444,NULL,NULL,NULL,NULL,NULL,0,NULL
14,20200228,NULL,5,2,6,NULL,NULL,PROFILE-0078,6,1,0,0,0,97,NULL,NULL,NULL,NULL,NULL,0,NULL
15,20200521,NULL,12,2,6,NULL,NULL,PROFILE-0078,6,1,0,0,0,347,NULL,NULL,NULL,NULL,NULL,0,NULL
16,20200228,NULL,5,NULL,NULL,2,7,PROFILE-0144,6,1,0,0,0,4,NULL,NULL,NULL,NULL,NULL,0,NULL
17,20200228,NULL,5,NULL,NULL,2,7,PROFILE-0143,6,1,0,0,0,3,NULL,NULL,NULL,NULL,NULL,0,NULL
18,20200228,NULL,5,NULL,NULL,2,7,PROFILE-0145,6,1,0,0,0,12,NULL,NULL,NULL,NULL,NULL,0,NULL
19,20200228,NULL,5,NULL,NULL,2,8,PROFILE-0066,6,1,0,0,0,30,NULL,NULL,NULL,NULL,NULL,0,NULL
20,20200228,NULL,5,NULL,NULL,2,9,PROFILE-0109,6,1,0,0,0,47,NULL,NULL,NULL,NULL,NULL,0,NULL
21,20200228,NULL,5,NULL,NULL,2,10,PROFILE-0080,6,1,0,0,0,105,NULL,NULL,NULL,NULL,NULL,0,NULL
22,20200327,NULL,12,2,10,NULL,NULL,PROFILE-0080,6,1,0,0,0,91,NULL,NULL,NULL,NULL,NULL,0,NULL
23,20200506,NULL,12,2,10,NULL,NULL,PROFILE-0080,6,1,0,0,0,14,NULL,NULL,NULL,NULL,NULL,0,NULL
24,20200228,NULL,5,NULL,NULL,2,10,PROFILE-0089,6,1,0,0,0,94,NULL,NULL,NULL,NULL,NULL,0,NULL
25,20200228,NULL,5,NULL,NULL,2,11,PROFILE-0088,6,1,0,0,0,182,NULL,NULL,NULL,NULL,NULL,0,NULL
26,20200228,NULL,5,NULL,NULL,2,12,PROFILE-0140,6,1,0,0,0,12,NULL,NULL,NULL,NULL,NULL,0,NULL
27,20200228,NULL,5,NULL,NULL,2,13,PROFILE-0141,6,1,0,0,0,30,NULL,NULL,NULL,NULL,NULL,0,NULL
28,20200228,NULL,5,NULL,NULL,2,14,PROFILE-0164,6,1,0,0,0,43,NULL,NULL,NULL,NULL,NULL,0,NULL
29,20200228,NULL,5,NULL,NULL,2,15,PROFILE-0165,6,1,0,0,0,6,NULL,NULL,NULL,NULL,NULL,0,NULL
30,20200311,NULL,12,2,15,NULL,NULL,PROFILE-0165,6,1,0,0,0,6,NULL,NULL,NULL,NULL,NULL,0,NULL
31,20200316,NULL,11,NULL,NULL,2,15,PROFILE-0132,6,1,0,0,0,36,NULL,NULL,NULL,NULL,NULL,0,NULL
32,20200228,NULL,5,NULL,NULL,2,16,PROFILE-0168,6,1,0,0,0,76,NULL,NULL,NULL,NULL,NULL,0,NULL
33,20200521,NULL,12,2,16,NULL,NULL,PROFILE-0168,6,1,0,0,0,15,NULL,NULL,NULL,NULL,NULL,0,NULL
34,20200608,NULL,12,2,16,NULL,NULL,PROFILE-0168,6,1,0,0,0,10,NULL,NULL,NULL,NULL,NULL,0,NULL
35,20200228,NULL,5,NULL,NULL,2,17,PROFILE-0121,6,1,0,0,0,140,NULL,NULL,NULL,NULL,NULL,0,NULL
36,20200521,NULL,12,2,17,NULL,NULL,PROFILE-0121,6,1,0,0,0,25,NULL,NULL,NULL,NULL,NULL,0,NULL
37,20200228,NULL,5,NULL,NULL,2,18,PROFILE-0169,6,1,0,0,0,40,NULL,NULL,NULL,NULL,NULL,0,NULL
38,20200228,NULL,5,NULL,NULL,2,20,PROFILE-0064,6,1,0,0,0,55,NULL,NULL,NULL,NULL,NULL,0,NULL
39,20200521,NULL,12,2,20,NULL,NULL,PROFILE-0064,6,1,0,0,0,50,NULL,NULL,NULL,NULL,NULL,0,NULL
40,20200228,NULL,5,NULL,NULL,2,21,PROFILE-0179,6,1,0,0,0,534,NULL,NULL,NULL,NULL,NULL,0,NULL
41,20200228,NULL,5,NULL,NULL,2,22,PROFILE-0162,6,1,0,0,0,26,NULL,NULL,NULL,NULL,NULL,0,NULL
42,20200317,NULL,12,2,22,NULL,NULL,PROFILE-0162,6,1,0,0,0,26,NULL,NULL,NULL,NULL,NULL,0,NULL
43,20200228,NULL,5,NULL,NULL,2,22,PROFILE-0082,6,1,0,0,0,13,NULL,NULL,NULL,NULL,NULL,0,NULL
44,20200228,NULL,5,NULL,NULL,2,22,PROFILE-0143,6,1,0,0,0,6,NULL,NULL,NULL,NULL,NULL,0,NULL
45,20200228,NULL,5,NULL,NULL,2,22,PROFILE-0145,6,1,0,0,0,8,NULL,NULL,NULL,NULL,NULL,0,NULL
46,20200228,NULL,5,NULL,NULL,2,23,PROFILE-0064,6,1,0,0,0,172,NULL,NULL,NULL,NULL,NULL,0,NULL
47,20200228,NULL,5,NULL,NULL,2,24,PROFILE-0121,6,1,0,0,0,240,NULL,NULL,NULL,NULL,NULL,0,NULL
48,20200228,NULL,5,NULL,NULL,2,25,PROFILE-0157,6,1,0,0,0,20,NULL,NULL,NULL,NULL,NULL,0,NULL
49,20200228,NULL,12,2,25,NULL,NULL,PROFILE-0157,6,1,0,0,0,3,NULL,NULL,NULL,NULL,NULL,0,NULL
50,20200317,NULL,12,2,25,NULL,NULL,PROFILE-0157,6,1,0,0,0,17,NULL,NULL,NULL,NULL,NULL,0,NULL
51,20200228,NULL,5,NULL,NULL,2,26,PROFILE-0181,6,1,0,0,0,6,NULL,NULL,NULL,NULL,NULL,0,NULL
52,20200228,NULL,12,2,26,NULL,NULL,PROFILE-0181,6,1,0,0,0,6,NULL,NULL,NULL,NULL,NULL,0,NULL
53,20200304,NULL,11,NULL,NULL,2,26,PROFILE-0148,6,1,0,0,0,27,NULL,NULL,NULL,NULL,NULL,0,NULL
54,20200228,NULL,5,NULL,NULL,2,27,PROFILE-0169,6,1,0,0,0,44,NULL,NULL,NULL,NULL,NULL,0,NULL
55,20200317,NULL,12,2,27,NULL,NULL,PROFILE-0169,6,1,0,0,0,40,NULL,NULL,NULL,NULL,NULL,0,NULL
56,20200317,NULL,12,2,27,NULL,NULL,PROFILE-0169,6,1,0,0,0,4,NULL,NULL,NULL,NULL,NULL,0,NULL
57,20200228,NULL,5,NULL,NULL,2,28,PROFILE-0120,5,1,0,0,0,44,NULL,NULL,NULL,NULL,NULL,0,NULL
58,20200304,NULL,11,NULL,NULL,2,28,PROFILE-0113,6,1,0,0,0,37,NULL,NULL,NULL,NULL,NULL,0,NULL
59,20200305,NULL,12,2,28,NULL,NULL,PROFILE-0113,6,1,0,0,0,20,NULL,NULL,NULL,NULL,NULL,0,NULL
60,20200228,NULL,5,NULL,NULL,2,29,PROFILE-0150,6,1,0,0,0,19,NULL,NULL,NULL,NULL,NULL,0,NULL
61,20200311,NULL,12,2,29,NULL,NULL,PROFILE-0150,6,1,0,0,0,7,NULL,NULL,NULL,NULL,NULL,0,NULL
62,20200317,NULL,12,2,29,NULL,NULL,PROFILE-0150,6,1,0,0,0,1,NULL,NULL,NULL,NULL,NULL,0,NULL
63,20200228,NULL,5,NULL,NULL,2,30,PROFILE-0118,6,1,0,0,0,97,NULL,NULL,NULL,NULL,NULL,0,NULL
64,20200228,NULL,5,NULL,NULL,2,31,PROFILE-0093,6,1,0,0,0,165,NULL,NULL,NULL,NULL,NULL,0,NULL
65,20200228,NULL,5,NULL,NULL,2,32,PROFILE-0152,6,1,0,0,0,102,NULL,NULL,NULL,NULL,NULL,0,NULL
66,20200228,NULL,5,NULL,NULL,2,33,PROFILE-0078,6,1,0,0,0,598,NULL,NULL,NULL,NULL,NULL,0,NULL
67,20200520,NULL,12,2,33,NULL,NULL,PROFILE-0078,6,1,0,0,0,39,NULL,NULL,NULL,NULL,NULL,0,NULL
68,20200529,NULL,12,2,33,NULL,NULL,PROFILE-0078,6,1,0,0,0,77,NULL,NULL,NULL,NULL,NULL,0,NULL
69,20200609,NULL,12,2,33,NULL,NULL,PROFILE-0078,6,1,0,0,0,92,NULL,NULL,NULL,NULL,NULL,0,NULL
70,20200228,NULL,5,NULL,NULL,2,34,PROFILE-0153,6,1,0,0,0,130,NULL,NULL,NULL,NULL,NULL,0,NULL
71,20200228,NULL,5,NULL,NULL,2,35,PROFILE-0159,6,1,0,0,0,40,NULL,NULL,NULL,NULL,NULL,0,NULL
72,20200521,NULL,12,2,35,NULL,NULL,PROFILE-0159,6,1,0,0,0,40,NULL,NULL,NULL,NULL,NULL,0,NULL
73,20200228,NULL,5,NULL,NULL,2,36,PROFILE-0187,6,1,0,0,0,27,NULL,NULL,NULL,NULL,NULL,0,NULL
74,20200228,NULL,5,NULL,NULL,2,37,PROFILE-0180,6,1,0,0,0,162,NULL,NULL,NULL,NULL,NULL,0,NULL
75,20200228,NULL,12,2,37,NULL,NULL,PROFILE-0180,6,1,0,0,0,50,NULL,NULL,NULL,NULL,NULL,0,NULL
76,20200228,NULL,5,NULL,NULL,2,38,PROFILE-0124,6,1,0,0,0,40,NULL,NULL,NULL,NULL,NULL,0,NULL
77,20200228,NULL,5,NULL,NULL,2,39,PROFILE-0163,6,1,0,0,0,25,NULL,NULL,NULL,NULL,NULL,0,NULL
78,20200311,NULL,12,2,37,NULL,NULL,PROFILE-0163,6,1,0,0,0,3,NULL,NULL,NULL,NULL,NULL,0,NULL
79,20200228,NULL,5,NULL,NULL,2,40,PROFILE-0127,6,1,0,0,0,30,NULL,NULL,NULL,NULL,NULL,0,NULL
80,20200203,NULL,15,1,8,2,40,PROFILE-0184,6,1,0,0,0,65,NULL,NULL,NULL,NULL,NULL,0,NULL
81,20200521,NULL,15,2,40,NULL,NULL,PROFILE-0184,6,1,0,0,0,30,NULL,NULL,NULL,NULL,NULL,0,NULL
82,20200228,NULL,5,NULL,NULL,2,41,PROFILE-0125,6,1,0,0,0,69,NULL,NULL,NULL,NULL,NULL,0,NULL
83,20200228,NULL,12,2,41,NULL,NULL,PROFILE-0125,6,1,0,0,0,34,NULL,NULL,NULL,NULL,NULL,0,NULL
84,20200228,NULL,5,2,41,NULL,NULL,PROFILE-0125,6,1,0,0,0,34,NULL,NULL,NULL,NULL,NULL,0,NULL
85,20200311,NULL,12,NULL,NULL,2,41,PROFILE-0185,6,1,0,0,0,6,NULL,NULL,NULL,NULL,NULL,0,NULL
86,20200228,NULL,5,NULL,NULL,2,42,PROFILE-0159,6,1,0,0,0,56,NULL,NULL,NULL,NULL,NULL,0,NULL
87,20200228,NULL,5,NULL,NULL,2,43,PROFILE-0079,6,1,0,0,0,33,NULL,NULL,NULL,NULL,NULL,0,NULL
88,20200228,NULL,5,NULL,NULL,2,43,PROFILE-0074,6,1,0,0,0,33,NULL,NULL,NULL,NULL,NULL,0,NULL
89,20200228,NULL,12,2,43,NULL,NULL,PROFILE-0074,6,1,0,0,0,33,NULL,NULL,NULL,NULL,NULL,0,NULL
90,20200228,NULL,5,NULL,NULL,2,43,PROFILE-0112,6,1,0,0,0,15,NULL,NULL,NULL,NULL,NULL,0,NULL
91,20200228,NULL,5,NULL,NULL,2,43,PROFILE-0184,6,1,0,0,0,65,NULL,NULL,NULL,NULL,NULL,0,NULL
92,20200228,NULL,5,NULL,NULL,2,44,PROFILE-0180,6,1,0,0,0,65,NULL,NULL,NULL,NULL,NULL,0,NULL
93,20200605,NULL,12,2,44,NULL,NULL,PROFILE-0180,6,1,0,0,0,56,NULL,NULL,NULL,NULL,NULL,0,NULL
94,20200228,NULL,5,NULL,NULL,2,45,PROFILE-0180,6,1,0,0,0,130,NULL,NULL,NULL,NULL,NULL,0,NULL
95,20200605,NULL,12,2,45,NULL,NULL,PROFILE-0180,6,1,0,0,0,4,NULL,NULL,NULL,NULL,NULL,0,NULL
96,20200608,NULL,12,2,45,NULL,NULL,PROFILE-0180,6,1,0,0,0,20,NULL,NULL,NULL,NULL,NULL,0,NULL
97,20200228,NULL,5,NULL,NULL,2,46,PROFILE-0128,6,1,0,0,0,31,NULL,NULL,NULL,NULL,NULL,0,NULL
98,20200605,NULL,12,2,46,NULL,NULL,PROFILE-0128,6,1,0,0,0,6,NULL,NULL,NULL,NULL,NULL,0,NULL
99,20200228,NULL,5,NULL,NULL,2,47,PROFILE-0187,6,1,0,0,0,36,NULL,NULL,NULL,NULL,NULL,0,NULL
100,20200228,NULL,11,NULL,NULL,2,47,PROFILE-0188,6,1,0,0,0,18,NULL,NULL,NULL,NULL,NULL,0,NULL
101,20200228,NULL,5,NULL,NULL,2,48,PROFILE-0127,6,1,0,0,0,26,NULL,NULL,NULL,NULL,NULL,0,NULL
102,20200228,NULL,5,NULL,NULL,2,49,PROFILE-0163,6,1,0,0,0,72,NULL,NULL,NULL,NULL,NULL,0,NULL
103,20200228,NULL,5,NULL,NULL,2,50,PROFILE-0168,6,1,0,0,0,255,NULL,NULL,NULL,NULL,NULL,0,NULL
104,20200228,NULL,12,NULL,NULL,2,51,PROFILE-0108,6,1,0,0,0,42,NULL,NULL,NULL,NULL,NULL,0,NULL
105,20200228,NULL,12,2,51,NULL,NULL,PROFILE-0108,6,1,0,0,0,11,NULL,NULL,NULL,NULL,NULL,0,NULL
106,20200305,NULL,12,2,51,NULL,NULL,PROFILE-0108,6,1,0,0,0,4,NULL,NULL,NULL,NULL,NULL,0,NULL
107,20200228,NULL,12,NULL,NULL,2,52,PROFILE-0126,6,1,0,0,0,186,NULL,NULL,NULL,NULL,NULL,0,NULL
108,20200228,NULL,12,NULL,NULL,2,53,PROFILE-0088,6,1,0,0,0,192,NULL,NULL,NULL,NULL,NULL,0,NULL
109,20200228,NULL,12,NULL,NULL,2,54,PROFILE-0135,6,1,0,0,0,10,NULL,NULL,NULL,NULL,NULL,0,NULL
110,20200228,NULL,12,NULL,NULL,2,54,PROFILE-0136,6,1,0,0,0,7,NULL,NULL,NULL,NULL,NULL,0,NULL
111,20200228,NULL,12,NULL,NULL,2,55,PROFILE-0188,6,1,0,0,0,36,NULL,NULL,NULL,NULL,NULL,0,NULL
112,20200605,NULL,12,2,55,NULL,NULL,PROFILE-0188,6,1,0,0,0,6,NULL,NULL,NULL,NULL,NULL,0,NULL
113,20200228,NULL,12,NULL,NULL,2,56,PROFILE-0095,6,1,0,0,0,103,NULL,NULL,NULL,NULL,NULL,0,NULL
114,20200306,NULL,11,NULL,NULL,2,56,PROFILE-0095,6,1,0,0,0,40,NULL,NULL,NULL,NULL,NULL,0,NULL
115,20200306,NULL,11,NULL,NULL,2,56,PROFILE-0095,6,1,0,0,0,48,NULL,NULL,NULL,NULL,NULL,0,NULL
116,20200306,NULL,11,NULL,NULL,2,56,PROFILE-0096,6,1,0,0,0,29,NULL,NULL,NULL,NULL,NULL,0,NULL
117,20200228,NULL,12,NULL,NULL,2,57,PROFILE-0180,6,1,0,0,0,25,NULL,NULL,NULL,NULL,NULL,0,NULL
118,20200228,NULL,12,NULL,NULL,2,57,PROFILE-0185,6,1,0,0,0,6,NULL,NULL,NULL,NULL,NULL,0,NULL
119,20200306,NULL,11,NULL,NULL,2,59,PROFILE-0170,6,1,0,0,0,5,NULL,NULL,NULL,NULL,NULL,0,NULL
120,20200309,NULL,11,NULL,NULL,2,60,PROFILE-0119,6,1,0,0,0,26,NULL,NULL,NULL,NULL,NULL,0,NULL
121,20200309,NULL,11,NULL,NULL,2,60,PROFILE-0114,6,1,0,0,0,7,NULL,NULL,NULL,NULL,NULL,0,NULL
122,20200309,NULL,11,NULL,NULL,2,60,PROFILE-0082,5,1,0,0,0,7,NULL,NULL,NULL,NULL,NULL,0,NULL
123,20200306,NULL,11,NULL,NULL,2,61,PROFILE-0160,6,1,0,0,0,23,NULL,NULL,NULL,NULL,NULL,0,NULL
124,20200309,NULL,11,NULL,NULL,2,62,PROFILE-0188,6,1,0,0,0,38,NULL,NULL,NULL,NULL,NULL,0,NULL
125,20200309,NULL,11,NULL,NULL,2,63,PROFILE-0155,6,1,0,0,0,30,NULL,NULL,NULL,NULL,NULL,0,NULL
126,20200604,NULL,12,2,63,NULL,NULL,PROFILE-0155,6,1,0,0,0,21,NULL,NULL,NULL,NULL,NULL,0,NULL
127,20200309,NULL,11,NULL,NULL,2,64,PROFILE-0093,6,1,0,0,0,66,NULL,NULL,NULL,NULL,NULL,0,NULL
128,20200310,NULL,11,NULL,NULL,2,64,PROFILE-0162,6,1,0,0,0,20,NULL,NULL,NULL,NULL,NULL,0,NULL
129,20200306,NULL,11,NULL,NULL,2,65,PROFILE-0083,6,1,0,0,0,3,NULL,NULL,NULL,NULL,NULL,0,NULL
130,20200306,NULL,11,NULL,NULL,2,65,PROFILE-0079,6,1,0,0,0,16,NULL,NULL,NULL,NULL,NULL,0,NULL
131,20200309,NULL,11,NULL,NULL,2,66,PROFILE-0079,6,1,0,0,0,16,NULL,NULL,NULL,NULL,NULL,0,NULL
132,20200309,NULL,11,NULL,NULL,2,66,PROFILE-0169,5,1,0,0,0,2,NULL,NULL,NULL,NULL,NULL,0,NULL
133,20200309,NULL,11,NULL,NULL,2,66,PROFILE-0169,4,1,0,0,0,4,NULL,NULL,NULL,NULL,NULL,0,NULL
134,20200309,NULL,11,NULL,NULL,2,66,PROFILE-0116,5,1,0,0,0,8,NULL,NULL,NULL,NULL,NULL,0,NULL
135,20200309,NULL,11,NULL,NULL,2,66,PROFILE-0166,5,1,0,0,0,1,NULL,NULL,NULL,NULL,NULL,0,NULL
136,20200309,NULL,11,NULL,NULL,2,66,PROFILE-0162,5,1,0,0,0,1,NULL,NULL,NULL,NULL,NULL,0,NULL
137,20200309,NULL,11,NULL,NULL,2,66,PROFILE-0075,5,1,0,0,0,5,NULL,NULL,NULL,NULL,NULL,0,NULL
138,20200309,NULL,11,NULL,NULL,2,66,PROFILE-0116,4,1,0,0,0,3,NULL,NULL,NULL,NULL,NULL,0,NULL
139,20200309,NULL,11,NULL,NULL,2,66,PROFILE-0180,5,1,0,0,0,2,NULL,NULL,NULL,NULL,NULL,0,NULL
140,20200309,NULL,11,NULL,NULL,2,66,PROFILE-0104,5,1,0,0,0,10,NULL,NULL,NULL,NULL,NULL,0,NULL
141,20200309,NULL,11,NULL,NULL,2,66,PROFILE-0164,5,1,0,0,0,2,NULL,NULL,NULL,NULL,NULL,0,NULL
142,20200309,NULL,11,NULL,NULL,2,66,PROFILE-0118,4,1,0,0,0,16,NULL,NULL,NULL,NULL,NULL,0,NULL
143,20200309,NULL,11,NULL,NULL,2,66,PROFILE-0118,5,1,0,0,0,2,NULL,NULL,NULL,NULL,NULL,0,NULL
144,20200310,NULL,11,NULL,NULL,2,66,PROFILE-0116,5,1,0,0,0,6,NULL,NULL,NULL,NULL,NULL,0,NULL
145,20200310,NULL,11,NULL,NULL,2,66,PROFILE-0116,4,1,0,0,0,1,NULL,NULL,NULL,NULL,NULL,0,NULL
146,20200310,NULL,11,NULL,NULL,2,66,PROFILE-0089,5,1,0,0,0,5,NULL,NULL,NULL,NULL,NULL,0,NULL
147,20200310,NULL,11,NULL,NULL,2,66,PROFILE-0082,5,1,0,0,0,4,NULL,NULL,NULL,NULL,NULL,0,NULL
148,20200310,NULL,11,NULL,NULL,2,66,PROFILE-0079,5,1,0,0,0,4,NULL,NULL,NULL,NULL,NULL,0,NULL
149,20200310,NULL,11,NULL,NULL,2,66,PROFILE-0079,4,1,0,0,0,2,NULL,NULL,NULL,NULL,NULL,0,NULL
150,20200310,NULL,11,NULL,NULL,2,66,PROFILE-0077,4,1,0,0,0,4,NULL,NULL,NULL,NULL,NULL,0,NULL
151,20200310,NULL,11,NULL,NULL,2,66,PROFILE-0139,4,1,0,0,0,3,NULL,NULL,NULL,NULL,NULL,0,NULL
152,20200309,NULL,11,NULL,NULL,2,67,PROFILE-0175,5,1,0,0,0,18,NULL,NULL,NULL,NULL,NULL,0,NULL
153,20200309,NULL,11,NULL,NULL,2,67,PROFILE-0177,5,1,0,0,0,2,NULL,NULL,NULL,NULL,NULL,0,NULL
154,20200309,NULL,11,NULL,NULL,2,67,PROFILE-0128,5,1,0,0,0,4,NULL,NULL,NULL,NULL,NULL,0,NULL
155,20200309,NULL,11,NULL,NULL,2,67,PROFILE-0128,4,1,0,0,0,4,NULL,NULL,NULL,NULL,NULL,0,NULL
156,20200309,NULL,11,NULL,NULL,2,67,PROFILE-0132,5,1,0,0,0,12,NULL,NULL,NULL,NULL,NULL,0,NULL
157,20200309,NULL,11,NULL,NULL,2,67,PROFILE-0079,5,1,0,0,0,2,NULL,NULL,NULL,NULL,NULL,0,NULL
158,20200309,NULL,11,NULL,NULL,2,67,PROFILE-0083,5,1,0,0,0,2,NULL,NULL,NULL,NULL,NULL,0,NULL
159,20200309,NULL,11,NULL,NULL,2,67,PROFILE-0175,5,1,0,0,0,4,NULL,NULL,NULL,NULL,NULL,0,NULL
160,20200423,NULL,5,NULL,NULL,1,9,PROFILE-0106,6,1,0,0,0,220,NULL,NULL,NULL,NULL,NULL,0,NULL
161,20200423,NULL,5,NULL,NULL,1,9,PROFILE-0106,4,1,0,0,0,69,NULL,NULL,NULL,NULL,NULL,0,NULL
162,20200423,NULL,5,NULL,NULL,1,23,PROFILE-0077,6,1,0,0,0,445,NULL,NULL,NULL,NULL,NULL,0,NULL
163,20200608,NULL,12,1,23,NULL,NULL,PROFILE-0077,6,1,0,0,0,134,NULL,NULL,NULL,NULL,NULL,0,NULL
164,20200423,NULL,5,NULL,NULL,1,11,PROFILE-0123,6,1,0,0,0,455,NULL,NULL,NULL,NULL,NULL,0,NULL
165,20200610,NULL,12,1,11,NULL,NULL,PROFILE-0123,6,1,0,0,0,5,NULL,NULL,NULL,NULL,NULL,0,NULL
166,20200423,NULL,5,NULL,NULL,1,11,PROFILE-0164,6,1,0,0,0,39,NULL,NULL,NULL,NULL,NULL,0,NULL
167,20200423,NULL,5,NULL,NULL,1,3,PROFILE-0109,6,1,0,0,0,24,NULL,NULL,NULL,NULL,NULL,0,NULL
168,20200423,NULL,12,1,3,1,16,PROFILE-0109,6,1,0,0,0,24,NULL,NULL,NULL,NULL,NULL,0,NULL
169,20200423,NULL,5,NULL,NULL,1,3,PROFILE-0175,5,1,0,0,0,13,NULL,NULL,NULL,NULL,NULL,0,NULL
170,20200519,NULL,12,1,3,1,12,PROFILE-0175,5,1,0,0,0,13,NULL,NULL,NULL,NULL,NULL,0,NULL
171,20200423,NULL,5,NULL,NULL,1,3,PROFILE-0175,3,1,0,0,0,20,NULL,NULL,NULL,NULL,NULL,0,NULL
172,20200428,NULL,12,1,3,NULL,NULL,PROFILE-0175,3,1,0,0,0,20,NULL,NULL,NULL,NULL,NULL,0,NULL
173,20200423,NULL,5,NULL,NULL,1,12,PROFILE-0110,6,1,0,0,0,252,NULL,NULL,NULL,NULL,NULL,0,NULL
174,20200423,NULL,5,NULL,NULL,1,12,PROFILE-0179,6,1,0,0,0,59,NULL,NULL,NULL,NULL,NULL,0,NULL
175,20200423,NULL,5,NULL,NULL,1,12,PROFILE-0081,6,1,0,0,0,130,NULL,NULL,NULL,NULL,NULL,0,NULL
176,20200608,NULL,12,1,12,NULL,NULL,PROFILE-0081,6,1,0,0,0,130,NULL,NULL,NULL,NULL,NULL,0,NULL
177,20200423,NULL,5,NULL,NULL,1,12,PROFILE-0126,6,1,0,0,0,27,NULL,NULL,NULL,NULL,NULL,0,NULL
178,20200615,NULL,12,1,12,NULL,NULL,PROFILE-0126,6,1,0,0,0,2,NULL,NULL,NULL,NULL,NULL,0,NULL
179,20200423,NULL,5,NULL,NULL,1,21,PROFILE-0175,5,1,0,0,0,19,NULL,NULL,NULL,NULL,NULL,0,NULL
180,20200423,NULL,5,NULL,NULL,1,21,PROFILE-0128,5,1,0,0,0,1,NULL,NULL,NULL,NULL,NULL,0,NULL
181,20200423,NULL,5,NULL,NULL,1,21,PROFILE-0184,5,1,0,0,0,2,NULL,NULL,NULL,NULL,NULL,0,NULL
182,20200423,NULL,5,NULL,NULL,1,21,PROFILE-0112,5,1,0,0,0,8,NULL,NULL,NULL,NULL,NULL,0,NULL
183,20200423,NULL,5,NULL,NULL,1,21,PROFILE-0082,5,1,0,0,0,30,NULL,NULL,NULL,NULL,NULL,0,NULL
184,20200423,NULL,5,NULL,NULL,1,21,PROFILE-0076,5,1,0,0,0,25,NULL,NULL,NULL,NULL,NULL,0,NULL
185,20200423,NULL,5,NULL,NULL,1,21,PROFILE-0159,5,1,0,0,0,2,NULL,NULL,NULL,NULL,NULL,0,NULL
186,20200423,NULL,12,NULL,NULL,1,14,PROFILE-0130,6,1,0,0,0,28,NULL,NULL,NULL,NULL,NULL,0,NULL
187,20200423,NULL,12,1,14,1,16,PROFILE-0130,6,1,0,0,0,28,NULL,NULL,NULL,NULL,NULL,0,NULL
188,20200527,NULL,12,1,16,NULL,NULL,PROFILE-0130,6,1,0,0,0,28,NULL,NULL,NULL,NULL,NULL,0,NULL
189,20200423,NULL,12,NULL,NULL,1,14,PROFILE-0113,6,1,0,0,0,23,NULL,NULL,NULL,NULL,NULL,0,NULL
190,20200423,NULL,12,1,14,1,16,PROFILE-0113,6,1,0,0,0,23,NULL,NULL,NULL,NULL,NULL,0,NULL
191,20200423,NULL,12,1,14,1,16,PROFILE-0081,6,1,0,0,0,254,NULL,NULL,NULL,NULL,NULL,0,NULL
192,20200423,NULL,12,1,14,NULL,NULL,PROFILE-0081,6,1,0,0,0,254,NULL,NULL,NULL,NULL,NULL,0,NULL
193,20200423,NULL,12,NULL,NULL,1,2,PROFILE-0124,6,1,0,0,0,9,NULL,NULL,NULL,NULL,NULL,0,NULL
194,20200423,NULL,12,NULL,NULL,1,2,PROFILE-0124,5,1,0,0,0,49,NULL,NULL,NULL,NULL,NULL,0,NULL
195,20200423,NULL,12,NULL,NULL,1,2,PROFILE-0174,6,1,0,0,0,20,NULL,NULL,NULL,NULL,NULL,0,NULL
196,20200423,NULL,12,NULL,NULL,1,2,PROFILE-0079,6,1,0,0,0,5,NULL,NULL,NULL,NULL,NULL,0,NULL
197,20200423,NULL,12,NULL,NULL,1,13,PROFILE-0113,6,1,0,0,0,44,NULL,NULL,NULL,NULL,NULL,0,NULL
198,20200423,NULL,12,NULL,NULL,1,13,PROFILE-0081,6,1,0,0,0,300,NULL,NULL,NULL,NULL,NULL,0,NULL
199,20200520,NULL,12,1,13,NULL,NULL,PROFILE-0081,6,1,0,0,0,116,NULL,NULL,NULL,NULL,NULL,0,NULL
200,20200604,NULL,12,1,13,NULL,NULL,PROFILE-0081,6,1,0,0,0,184,NULL,NULL,NULL,NULL,NULL,0,NULL
201,20200423,NULL,12,NULL,NULL,1,26,PROFILE-0120,5,1,0,0,0,2,NULL,NULL,NULL,NULL,NULL,0,NULL
202,20200423,NULL,12,NULL,NULL,1,26,PROFILE-0172,5,1,0,0,0,19,NULL,NULL,NULL,NULL,NULL,0,NULL
203,20200423,NULL,12,NULL,NULL,1,26,PROFILE-0120,6,1,0,0,0,8,NULL,NULL,NULL,NULL,NULL,0,NULL
204,20200423,NULL,12,NULL,NULL,1,10,PROFILE-0079,6,1,0,0,0,15,NULL,NULL,NULL,NULL,NULL,0,NULL
205,20200423,NULL,12,NULL,NULL,1,10,PROFILE-0079,5,1,0,0,0,19,NULL,NULL,NULL,NULL,NULL,0,NULL
206,20200423,NULL,12,NULL,NULL,1,10,PROFILE-0148,4,1,0,0,0,10,NULL,NULL,NULL,NULL,NULL,0,NULL
207,20200423,NULL,12,NULL,NULL,1,10,PROFILE-0171,3.5,1,0,0,0,12,NULL,NULL,NULL,NULL,NULL,0,NULL
208,20200423,NULL,12,1,10,NULL,NULL,PROFILE-0171,3.5,1,0,0,0,2,NULL,NULL,NULL,NULL,NULL,0,NULL
209,20200423,NULL,10,NULL,NULL,1,6,PROFILE-0133,4,1,0,0,0,22,NULL,NULL,NULL,NULL,NULL,0,NULL
210,20200423,NULL,10,NULL,NULL,1,6,PROFILE-0133,5,1,0,0,0,20,NULL,NULL,NULL,NULL,NULL,0,NULL
211,20200423,NULL,10,NULL,NULL,1,6,PROFILE-0160,6,1,0,0,0,28,NULL,NULL,NULL,NULL,NULL,0,NULL
212,20200423,NULL,10,NULL,NULL,1,6,PROFILE-0188,6,1,0,0,0,7,NULL,NULL,NULL,NULL,NULL,0,NULL
213,20200423,NULL,10,NULL,NULL,1,7,PROFILE-0086,6,1,0,0,0,85,NULL,NULL,NULL,NULL,NULL,0,NULL
214,20200526,NULL,12,1,7,NULL,NULL,PROFILE-0086,6,1,0,0,0,30,NULL,NULL,NULL,NULL,NULL,0,NULL
215,20200529,NULL,12,1,7,NULL,NULL,PROFILE-0086,6,1,0,0,0,40,NULL,NULL,NULL,NULL,NULL,0,NULL
216,20200605,NULL,12,1,7,NULL,NULL,PROFILE-0086,6,1,0,0,0,15,NULL,NULL,NULL,NULL,NULL,0,NULL
217,20200423,NULL,10,NULL,NULL,1,7,PROFILE-0104,6,1,0,0,0,155,NULL,NULL,NULL,NULL,NULL,0,NULL
218,20200608,NULL,12,1,7,NULL,NULL,PROFILE-0104,6,1,0,0,0,10,NULL,NULL,NULL,NULL,NULL,0,NULL
219,20200423,NULL,10,NULL,NULL,1,16,PROFILE-0112,6,1,0,0,0,127,NULL,NULL,NULL,NULL,NULL,0,NULL
220,20200423,NULL,10,NULL,NULL,1,24,PROFILE-0126,6,1,0,0,0,153,NULL,NULL,NULL,NULL,NULL,0,NULL
221,20200520,NULL,12,1,24,NULL,NULL,PROFILE-0126,6,1,0,0,0,100,NULL,NULL,NULL,NULL,NULL,0,NULL
222,20200423,NULL,10,NULL,NULL,1,24,PROFILE-0174,6,1,0,0,0,97,NULL,NULL,NULL,NULL,NULL,0,NULL
223,20200423,NULL,9,NULL,NULL,1,17,PROFILE-0105,6,1,0,0,0,166,NULL,NULL,NULL,NULL,NULL,0,NULL
224,20200423,NULL,9,NULL,NULL,1,17,PROFILE-0105,4,1,0,0,0,16,NULL,NULL,NULL,NULL,NULL,0,NULL
225,20200423,NULL,9,NULL,NULL,1,17,PROFILE-0139,4,1,0,0,0,42,NULL,NULL,NULL,NULL,NULL,0,NULL
226,20200423,NULL,9,NULL,NULL,1,17,PROFILE-0138,4,1,0,0,0,18,NULL,NULL,NULL,NULL,NULL,0,NULL
227,20200423,NULL,9,NULL,NULL,1,20,PROFILE-0077,6,1,0,0,0,422,NULL,NULL,NULL,NULL,NULL,0,NULL
228,20200423,NULL,9,NULL,NULL,1,20,PROFILE-0111,6,1,0,0,0,27,NULL,NULL,NULL,NULL,NULL,0,NULL
229,20200423,NULL,9,NULL,NULL,1,20,PROFILE-0104,6,1,0,0,0,139,NULL,NULL,NULL,NULL,NULL,0,NULL
230,20200423,NULL,9,NULL,NULL,1,20,PROFILE-0119,6,1,0,0,0,28,NULL,NULL,NULL,NULL,NULL,0,NULL
231,20200423,NULL,9,NULL,NULL,1,1,PROFILE-0078,6,1,0,0,0,824,NULL,NULL,NULL,NULL,NULL,0,NULL
232,20200423,NULL,9,NULL,NULL,1,1,PROFILE-0078,5,1,0,0,0,65,NULL,NULL,NULL,NULL,NULL,0,NULL
233,20200423,NULL,9,NULL,NULL,1,1,PROFILE-0078,4,1,0,0,0,3,NULL,NULL,NULL,NULL,NULL,0,NULL
234,20200423,NULL,9,NULL,NULL,1,1,PROFILE-0077,6,1,0,0,0,15,NULL,NULL,NULL,NULL,NULL,0,NULL
235,20200423,NULL,9,NULL,NULL,1,1,PROFILE-0076,5,1,0,0,0,20,NULL,NULL,NULL,NULL,NULL,0,NULL
236,20200423,NULL,9,NULL,NULL,1,1,PROFILE-0139,6,1,0,0,0,27,NULL,NULL,NULL,NULL,NULL,0,NULL
237,20200423,NULL,9,NULL,NULL,1,1,PROFILE-0120,5,1,0,0,0,19,NULL,NULL,NULL,NULL,NULL,0,NULL
238,20200423,NULL,9,NULL,NULL,1,1,PROFILE-0125,5,1,0,0,0,2,NULL,NULL,NULL,NULL,NULL,0,NULL
239,20200423,NULL,9,NULL,NULL,1,1,PROFILE-0116,5,1,0,0,0,3,NULL,NULL,NULL,NULL,NULL,0,NULL
240,20200429,NULL,8,NULL,NULL,1,2,PROFILE-0125,6,1,0,0,0,52,NULL,NULL,NULL,NULL,NULL,0,NULL
241,20200429,NULL,8,NULL,NULL,1,2,PROFILE-0075,6,1,0,0,0,29,NULL,NULL,NULL,NULL,NULL,0,NULL
242,20200429,NULL,12,1,2,NULL,NULL,PROFILE-0075,6,1,0,0,0,20,NULL,NULL,NULL,NULL,NULL,0,NULL
243,20200429,NULL,12,1,2,NULL,NULL,PROFILE-0075,6,1,0,0,0,9,NULL,NULL,NULL,NULL,NULL,0,NULL
244,20200521,NULL,12,1,2,1,18,PROFILE-0075,6,1,0,0,0,9,NULL,NULL,NULL,NULL,NULL,0,NULL
245,20200528,NULL,12,1,18,NULL,NULL,PROFILE-0075,6,1,0,0,0,9,NULL,NULL,NULL,NULL,NULL,0,NULL
246,20200429,NULL,8,NULL,NULL,1,25,PROFILE-0157,6,1,0,0,0,49,NULL,NULL,NULL,NULL,NULL,0,NULL
247,20200429,NULL,8,NULL,NULL,1,25,PROFILE-0157,5,1,0,0,0,16,NULL,NULL,NULL,NULL,NULL,0,NULL
248,20200429,NULL,8,NULL,NULL,1,25,PROFILE-0077,5,1,0,0,0,9,NULL,NULL,NULL,NULL,NULL,0,NULL
249,20200429,NULL,8,NULL,NULL,1,25,PROFILE-0120,5,1,0,0,0,2,NULL,NULL,NULL,NULL,NULL,0,NULL
250,20200429,NULL,8,NULL,NULL,1,5,PROFILE-0116,6,1,0,0,0,58,NULL,NULL,NULL,NULL,NULL,0,NULL
251,20200615,NULL,12,1,5,NULL,NULL,PROFILE-0116,6,1,0,0,0,7,NULL,NULL,NULL,NULL,NULL,0,NULL
252,20200429,NULL,8,NULL,NULL,1,5,PROFILE-0169,6,1,0,0,0,28,NULL,NULL,NULL,NULL,NULL,0,NULL
253,20200429,NULL,8,NULL,NULL,1,4,PROFILE-0167,6,1,0,0,0,38,NULL,NULL,NULL,NULL,NULL,0,NULL
254,20200529,NULL,12,1,4,NULL,NULL,PROFILE-0167,6,1,0,0,0,6,NULL,NULL,NULL,NULL,NULL,0,NULL
255,20200504,NULL,8,NULL,NULL,1,18,PROFILE-0158,6,1,0,0,0,20,NULL,NULL,NULL,NULL,NULL,0,NULL
256,20200521,NULL,12,1,18,NULL,NULL,PROFILE-0158,6,1,0,0,0,20,NULL,NULL,NULL,NULL,NULL,0,NULL
257,20200504,NULL,8,NULL,NULL,1,18,PROFILE-0107,6,1,0,0,0,113,NULL,NULL,NULL,NULL,NULL,0,NULL
258,20200504,NULL,12,1,18,NULL,NULL,PROFILE-0107,6,1,0,0,0,37,NULL,NULL,NULL,NULL,NULL,0,NULL
259,20200608,NULL,12,1,18,NULL,NULL,PROFILE-0107,6,1,0,0,0,47,NULL,NULL,NULL,NULL,NULL,0,NULL
260,20200504,NULL,8,NULL,NULL,1,8,PROFILE-0166,6,1,0,0,0,29,NULL,NULL,NULL,NULL,NULL,0,NULL
261,20200521,NULL,12,1,8,NULL,NULL,PROFILE-0166,6,1,0,0,0,9,NULL,NULL,NULL,NULL,NULL,0,NULL
262,20200521,NULL,12,1,8,1,18,PROFILE-0166,6,1,0,0,0,20,NULL,NULL,NULL,NULL,NULL,0,NULL
263,20200615,NULL,12,1,18,NULL,NULL,PROFILE-0166,6,1,0,0,0,3,NULL,NULL,NULL,NULL,NULL,0,NULL
264,20200504,NULL,8,NULL,NULL,1,8,PROFILE-0155,5,1,0,0,0,37,NULL,NULL,NULL,NULL,NULL,0,NULL
265,20200505,NULL,12,1,8,1,15,PROFILE-0155,5,1,0,0,0,37,NULL,NULL,NULL,NULL,NULL,0,NULL
266,20200528,NULL,12,1,15,NULL,NULL,PROFILE-0155,5,1,0,0,0,20,NULL,NULL,NULL,NULL,NULL,0,NULL
267,20200504,NULL,8,NULL,NULL,1,8,PROFILE-0107,5,1,0,0,0,8,NULL,NULL,NULL,NULL,NULL,0,NULL
268,20200505,NULL,12,1,8,1,15,PROFILE-0107,5,1,0,0,0,8,NULL,NULL,NULL,NULL,NULL,0,NULL
269,20200504,NULL,8,NULL,NULL,1,8,PROFILE-0107,4,1,0,0,0,17,NULL,NULL,NULL,NULL,NULL,0,NULL
270,20200505,NULL,12,1,8,1,15,PROFILE-0107,4,1,0,0,0,17,NULL,NULL,NULL,NULL,NULL,0,NULL
271,20200504,NULL,8,NULL,NULL,1,8,PROFILE-0158,5,1,0,0,0,1,NULL,NULL,NULL,NULL,NULL,0,NULL
272,20200521,NULL,12,1,8,1,18,PROFILE-0158,5,1,0,0,0,1,NULL,NULL,NULL,NULL,NULL,0,NULL
273,20200504,NULL,8,NULL,NULL,1,8,PROFILE-0158,4,1,0,0,0,1,NULL,NULL,NULL,NULL,NULL,0,NULL
274,20200521,NULL,12,1,8,1,18,PROFILE-0158,4,1,0,0,0,1,NULL,NULL,NULL,NULL,NULL,0,NULL
275,20200504,NULL,8,NULL,NULL,1,15,PROFILE-0162,6,1,0,0,0,54,NULL,NULL,NULL,NULL,NULL,0,NULL
276,20200504,NULL,12,1,15,NULL,NULL,PROFILE-0162,6,1,0,0,0,26,NULL,NULL,NULL,NULL,NULL,0,NULL
277,20200504,NULL,8,NULL,NULL,1,15,PROFILE-0158,6,1,0,0,0,27,NULL,NULL,NULL,NULL,NULL,0,NULL
278,20200504,NULL,12,1,15,NULL,NULL,PROFILE-0158,6,1,0,0,0,20,NULL,NULL,NULL,NULL,NULL,0,NULL
279,20200512,NULL,12,1,15,NULL,NULL,PROFILE-0158,6,1,0,0,0,7,NULL,NULL,NULL,NULL,NULL,0,NULL
280,20200519,NULL,8,NULL,NULL,1,25,PROFILE-0115,6,1,0,0,0,31,NULL,NULL,NULL,NULL,NULL,0,NULL
281,20200604,NULL,12,1,25,NULL,NULL,PROFILE-0115,6,1,0,0,0,14,NULL,NULL,NULL,NULL,NULL,0,NULL
282,20200519,NULL,8,NULL,NULL,1,25,PROFILE-0080,6,1,0,0,0,586,NULL,NULL,NULL,NULL,NULL,0,NULL
283,20200529,NULL,12,1,25,NULL,NULL,PROFILE-0080,6,1,0,0,0,400,NULL,NULL,NULL,NULL,NULL,0,NULL
284,20200608,NULL,12,1,25,NULL,NULL,PROFILE-0080,6,1,0,0,0,152,NULL,NULL,NULL,NULL,NULL,0,NULL
285,20200519,NULL,8,NULL,NULL,1,14,PROFILE-0079,6,1,0,0,0,25,NULL,NULL,NULL,NULL,NULL,0,NULL
286,20200519,NULL,12,1,14,1,16,PROFILE-0079,6,1,0,0,0,25,NULL,NULL,NULL,NULL,NULL,0,NULL
287,20200526,NULL,12,1,16,NULL,NULL,PROFILE-0079,6,1,0,0,0,25,NULL,NULL,NULL,NULL,NULL,0,NULL
288,20200519,NULL,8,NULL,NULL,1,14,PROFILE-0165,3.5,1,0,0,0,23,NULL,NULL,NULL,NULL,NULL,0,NULL
289,20200520,NULL,12,1,14,NULL,NULL,PROFILE-0165,3.5,1,0,0,0,16,NULL,NULL,NULL,NULL,NULL,0,NULL
290,20200519,NULL,8,NULL,NULL,1,2,PROFILE-0156,6,1,0,0,0,39,NULL,NULL,NULL,NULL,NULL,0,NULL
291,20200527,NULL,12,1,2,NULL,NULL,PROFILE-0156,6,1,0,0,0,8,NULL,NULL,NULL,NULL,NULL,0,NULL
292,20200527,NULL,12,1,2,1,18,PROFILE-0156,6,1,0,0,0,31,NULL,NULL,NULL,NULL,NULL,0,NULL
293,20200615,NULL,12,1,18,NULL,NULL,PROFILE-0156,6,1,0,0,0,4,NULL,NULL,NULL,NULL,NULL,0,NULL
294,20200519,NULL,8,NULL,NULL,1,2,PROFILE-0096,6,1,0,0,0,21,NULL,NULL,NULL,NULL,NULL,0,NULL
295,20200526,NULL,12,1,2,NULL,NULL,PROFILE-0096,6,1,0,0,0,14,NULL,NULL,NULL,NULL,NULL,0,NULL
296,20200519,NULL,8,NULL,NULL,1,2,PROFILE-0079,6,1,0,0,0,88,NULL,NULL,NULL,NULL,NULL,0,NULL
297,20200528,NULL,12,1,2,NULL,NULL,PROFILE-0079,6,1,0,0,0,88,NULL,NULL,NULL,NULL,NULL,0,NULL
298,20200519,NULL,8,NULL,NULL,1,3,PROFILE-0161,6,1,0,0,0,41,NULL,NULL,NULL,NULL,NULL,0,NULL
299,20200520,NULL,12,1,3,NULL,NULL,PROFILE-0161,6,1,0,0,0,20,NULL,NULL,NULL,NULL,NULL,0,NULL
300,20200520,NULL,12,1,3,1,25,PROFILE-0161,6,1,0,0,0,21,NULL,NULL,NULL,NULL,NULL,0,NULL
301,20200519,NULL,8,NULL,NULL,1,3,PROFILE-0083,6,1,0,0,0,60,NULL,NULL,NULL,NULL,NULL,0,NULL
302,20200529,NULL,12,1,3,NULL,NULL,PROFILE-0083,6,1,0,0,0,20,NULL,NULL,NULL,NULL,NULL,0,NULL
303,20200608,NULL,12,1,3,NULL,NULL,PROFILE-0083,6,1,0,0,0,20,NULL,NULL,NULL,NULL,NULL,0,NULL
304,20200529,NULL,12,1,3,1,25,PROFILE-0083,6,1,0,0,0,40,NULL,NULL,NULL,NULL,NULL,0,NULL
305,20200608,NULL,12,1,25,NULL,NULL,PROFILE-0083,6,1,0,0,0,40,NULL,NULL,NULL,NULL,NULL,0,NULL
306,20200521,NULL,8,NULL,NULL,1,26,PROFILE-0083,6,1,0,0,0,100,NULL,NULL,NULL,NULL,NULL,0,NULL
307,20200528,NULL,12,1,26,NULL,NULL,PROFILE-0083,6,1,0,0,0,100,NULL,NULL,NULL,NULL,NULL,0,NULL
308,20200520,NULL,8,NULL,NULL,1,4,PROFILE-0083,6,1,0,0,0,64,NULL,NULL,NULL,NULL,NULL,0,NULL
309,20200527,NULL,12,1,4,NULL,NULL,PROFILE-0083,6,1,0,0,0,64,NULL,NULL,NULL,NULL,NULL,0,NULL
310,20200521,NULL,8,NULL,NULL,1,4,PROFILE-0117,6,1,0,0,0,140,NULL,NULL,NULL,NULL,NULL,0,NULL
311,20200527,NULL,12,1,4,NULL,NULL,PROFILE-0117,6,1,0,0,0,140,NULL,NULL,NULL,NULL,NULL,0,NULL
312,20200521,NULL,8,NULL,NULL,1,14,PROFILE-0117,6,1,0,0,0,132,NULL,NULL,NULL,NULL,NULL,0,NULL
313,20200521,NULL,12,1,14,NULL,NULL,PROFILE-0117,6,1,0,0,0,132,NULL,NULL,NULL,NULL,NULL,0,NULL
314,20200521,NULL,8,NULL,NULL,1,14,PROFILE-0079,6,1,0,0,0,36,NULL,NULL,NULL,NULL,NULL,0,NULL
315,20200526,NULL,12,1,14,NULL,NULL,PROFILE-0079,6,1,0,0,0,36,NULL,NULL,NULL,NULL,NULL,0,NULL
316,20200521,NULL,8,NULL,NULL,1,14,PROFILE-0080,6,1,0,0,0,145,NULL,NULL,NULL,NULL,NULL,0,NULL
317,20200521,NULL,8,NULL,NULL,1,14,PROFILE-0186,4,1,0,0,0,16,NULL,NULL,NULL,NULL,NULL,0,NULL
318,20200521,NULL,8,NULL,NULL,1,19,PROFILE-0186,4,1,0,0,0,41,NULL,NULL,NULL,NULL,NULL,0,NULL
319,20200527,NULL,12,1,19,NULL,NULL,PROFILE-0186,4,1,0,0,0,18,NULL,NULL,NULL,NULL,NULL,0,NULL
320,20200529,NULL,12,1,19,NULL,NULL,PROFILE-0186,4,1,0,0,0,12,NULL,NULL,NULL,NULL,NULL,0,NULL
321,20200603,NULL,12,1,19,NULL,NULL,PROFILE-0186,4,1,0,0,0,6,NULL,NULL,NULL,NULL,NULL,0,NULL
322,20200526,NULL,8,NULL,NULL,1,8,PROFILE-0184,6,1,0,0,0,132,NULL,NULL,NULL,NULL,NULL,0,NULL
323,20200601,NULL,12,1,8,NULL,NULL,PROFILE-0184,6,1,0,0,0,65,NULL,NULL,NULL,NULL,NULL,0,NULL
324,20200527,NULL,8,NULL,NULL,1,3,PROFILE-0184,6,1,0,0,0,88,NULL,NULL,NULL,NULL,NULL,0,NULL
325,20200615,NULL,9,1,3,2,40,PROFILE-0184,6,1,0,0,0,28,NULL,NULL,NULL,NULL,NULL,0,NULL
326,20200527,NULL,8,NULL,NULL,1,3,PROFILE-0173,6,1,0,0,0,18,NULL,NULL,NULL,NULL,NULL,0,NULL
327,20200527,NULL,12,1,3,NULL,NULL,PROFILE-0173,6,1,0,0,0,2,NULL,NULL,NULL,NULL,NULL,0,NULL
328,20200615,NULL,9,1,3,2,22,PROFILE-0173,6,1,0,0,0,16,NULL,NULL,NULL,NULL,NULL,0,NULL
329,20200527,NULL,8,NULL,NULL,1,2,PROFILE-0173,6,1,0,0,0,28,NULL,NULL,NULL,NULL,NULL,0,NULL
330,20200527,NULL,12,1,2,NULL,NULL,PROFILE-0173,6,1,0,0,0,28,NULL,NULL,NULL,NULL,NULL,0,NULL
331,20200527,NULL,8,NULL,NULL,1,2,PROFILE-0122,6,1,0,0,0,122,NULL,NULL,NULL,NULL,NULL,0,NULL
332,20200527,NULL,12,1,2,NULL,NULL,PROFILE-0122,6,1,0,0,0,10,NULL,NULL,NULL,NULL,NULL,0,NULL
333,20200615,NULL,12,1,2,NULL,NULL,PROFILE-0122,6,1,0,0,0,1,NULL,NULL,NULL,NULL,NULL,0,NULL
334,20200527,NULL,8,NULL,NULL,1,25,PROFILE-0130,6,1,0,0,0,224,NULL,NULL,NULL,NULL,NULL,0,NULL
335,20200527,NULL,12,1,25,NULL,NULL,PROFILE-0130,6,1,0,0,0,71,NULL,NULL,NULL,NULL,NULL,0,NULL
336,20200601,NULL,12,1,25,NULL,NULL,PROFILE-0130,6,1,0,0,0,50,NULL,NULL,NULL,NULL,NULL,0,NULL
337,20200608,NULL,12,1,25,NULL,NULL,PROFILE-0130,6,1,0,0,0,50,NULL,NULL,NULL,NULL,NULL,0,NULL
338,20200610,NULL,3,1,25,NULL,NULL,PROFILE-0130,6,1,0,0,0,20,NULL,NULL,NULL,NULL,NULL,0,NULL
339,20200615,NULL,12,1,25,NULL,NULL,PROFILE-0130,6,1,0,0,0,9,NULL,NULL,NULL,NULL,NULL,0,NULL
340,20200527,NULL,8,NULL,NULL,1,25,PROFILE-0130,4,1,0,0,0,75,NULL,NULL,NULL,NULL,NULL,0,NULL
341,20200527,NULL,12,1,25,1,2,PROFILE-0130,4,1,0,0,0,75,NULL,NULL,NULL,NULL,NULL,0,NULL
342,20200529,NULL,8,NULL,NULL,1,2,PROFILE-0149,6.2,1,0,0,0,17,NULL,NULL,NULL,NULL,NULL,0,NULL
343,20200608,NULL,12,1,2,NULL,NULL,PROFILE-0149,6.2,1,0,0,0,1,NULL,NULL,NULL,NULL,NULL,0,NULL
344,20200530,NULL,8,NULL,NULL,1,2,PROFILE-0149,4.65,1,0,0,0,15,NULL,NULL,NULL,NULL,NULL,0,NULL
345,20200608,NULL,12,1,2,NULL,NULL,PROFILE-0149,4.65,1,0,0,0,15,NULL,NULL,NULL,NULL,NULL,0,NULL
346,20200531,NULL,8,NULL,NULL,1,7,PROFILE-0172,6,1,0,0,0,18,NULL,NULL,NULL,NULL,NULL,0,NULL
347,20200611,NULL,12,1,7,2,1,PROFILE-0172,6,1,0,0,0,18,NULL,NULL,NULL,NULL,NULL,0,NULL
348,20200522,NULL,8,NULL,NULL,1,7,PROFILE-0116,6,1,0,0,0,71,NULL,NULL,NULL,NULL,NULL,0,NULL
349,20200611,NULL,12,1,7,2,2,PROFILE-0116,6,1,0,0,0,51,NULL,NULL,NULL,NULL,NULL,0,NULL
350,20200611,NULL,12,1,7,2,4,PROFILE-0116,6,1,0,0,0,20,NULL,NULL,NULL,NULL,NULL,0,NULL
351,20200503,NULL,8,NULL,NULL,1,19,PROFILE-0158,6,1,0,0,0,26,NULL,NULL,NULL,NULL,NULL,0,NULL
352,20200529,NULL,12,1,19,NULL,NULL,PROFILE-0158,6,1,0,0,0,12,NULL,NULL,NULL,NULL,NULL,0,NULL
353,20200611,NULL,12,1,19,2,6,PROFILE-0158,6,1,0,0,0,14,NULL,NULL,NULL,NULL,NULL,0,NULL
354,20200504,NULL,8,NULL,NULL,1,19,PROFILE-0172,6,1,0,0,0,24,NULL,NULL,NULL,NULL,NULL,0,NULL
355,20200504,NULL,12,1,19,NULL,NULL,PROFILE-0172,6,1,0,0,0,16,NULL,NULL,NULL,NULL,NULL,0,NULL
356,20200529,NULL,12,1,19,1,7,PROFILE-0172,6,1,0,0,0,8,NULL,NULL,NULL,NULL,NULL,0,NULL
357,20200504,NULL,8,NULL,NULL,0,0,PROFILE-0158,6,1,0,0,0,17,NULL,NULL,NULL,NULL,NULL,0,NULL
358,20200615,NULL,12,0,0,NULL,NULL,PROFILE-0158,6,1,0,0,0,12,NULL,NULL,NULL,NULL,NULL,0,NULL
359,20200504,NULL,8,NULL,NULL,0,0,PROFILE-0151,6,1,0,0,0,127,NULL,NULL,NULL,NULL,NULL,0,NULL
360,20200601,NULL,12,0,0,NULL,NULL,PROFILE-0151,6,1,0,0,0,50,NULL,NULL,NULL,NULL,NULL,0,NULL
361,20200604,NULL,12,0,0,NULL,NULL,PROFILE-0151,6,1,0,0,0,2,NULL,NULL,NULL,NULL,NULL,0,NULL
362,20200605,NULL,12,0,0,NULL,NULL,PROFILE-0151,6,1,0,0,0,39,NULL,NULL,NULL,NULL,NULL,0,NULL
363,20200602,NULL,8,NULL,NULL,1,18,PROFILE-0083,6,1,0,0,0,99,NULL,NULL,NULL,NULL,NULL,0,NULL
364,20200610,NULL,3,1,18,NULL,NULL,PROFILE-0083,6,1,0,0,0,42,NULL,NULL,NULL,NULL,NULL,0,NULL
365,20200610,NULL,3,1,18,NULL,NULL,PROFILE-0083,6,1,0,0,0,36,NULL,NULL,NULL,NULL,NULL,0,NULL
366,20200615,NULL,9,1,18,2,27,PROFILE-0083,6,1,0,0,0,21,NULL,NULL,NULL,NULL,NULL,0,NULL
367,20200602,NULL,8,NULL,NULL,1,26,PROFILE-0149,4.65,1,0,0,0,35,NULL,NULL,NULL,NULL,NULL,0,NULL
368,20200608,NULL,12,1,26,NULL,NULL,PROFILE-0149,4.65,1,0,0,0,35,NULL,NULL,NULL,NULL,NULL,0,NULL
369,20200602,NULL,8,NULL,NULL,1,4,PROFILE-0082,6,1,0,0,0,187,NULL,NULL,NULL,NULL,NULL,0,NULL
370,20200604,NULL,12,1,4,NULL,NULL,PROFILE-0082,6,1,0,0,0,60,NULL,NULL,NULL,NULL,NULL,0,NULL
371,20200608,NULL,12,1,4,NULL,NULL,PROFILE-0082,6,1,0,0,0,60,NULL,NULL,NULL,NULL,NULL,0,NULL
372,20200610,NULL,12,1,4,NULL,NULL,PROFILE-0082,6,1,0,0,0,11,NULL,NULL,NULL,NULL,NULL,0,NULL
373,20200610,NULL,12,1,4,1,15,PROFILE-0082,6,1,0,0,0,56,NULL,NULL,NULL,NULL,NULL,0,NULL
374,20200602,NULL,8,NULL,NULL,1,24,PROFILE-0083,6,1,0,0,0,100,NULL,NULL,NULL,NULL,NULL,0,NULL
375,20200602,NULL,12,1,24,NULL,NULL,PROFILE-0083,6,1,0,0,0,52,NULL,NULL,NULL,NULL,NULL,0,NULL
376,20200610,NULL,12,1,24,NULL,NULL,PROFILE-0083,6,1,0,0,0,48,NULL,NULL,NULL,NULL,NULL,1,NULL
377,20200603,NULL,8,NULL,NULL,1,2,PROFILE-0079,6,1,0,0,0,252,NULL,NULL,NULL,NULL,NULL,0,NULL
378,20200603,NULL,8,NULL,NULL,1,19,PROFILE-0079,6,1,0,0,0,129,NULL,NULL,NULL,NULL,NULL,0,NULL
379,20200603,NULL,8,NULL,NULL,1,19,PROFILE-0181,6,1,0,0,0,53,NULL,NULL,NULL,NULL,NULL,0,NULL
380,20200603,NULL,8,NULL,NULL,1,15,PROFILE-0083,6,1,0,0,0,19,NULL,NULL,NULL,NULL,NULL,0,NULL
381,20200603,NULL,8,NULL,NULL,1,15,PROFILE-0082,6,1,0,0,0,131,NULL,NULL,NULL,NULL,NULL,0,NULL
382,20200603,NULL,8,NULL,NULL,1,15,PROFILE-0075,6,1,0,0,0,22,NULL,NULL,NULL,NULL,NULL,0,NULL
383,20200603,NULL,8,NULL,NULL,1,3,PROFILE-0181,6,1,0,0,0,126,NULL,NULL,NULL,NULL,NULL,0,NULL
384,20200603,NULL,12,1,3,NULL,NULL,PROFILE-0181,6,1,0,0,0,63,NULL,NULL,NULL,NULL,NULL,0,NULL
385,20200611,NULL,12,1,3,2,5,PROFILE-0181,6,1,0,0,0,63,NULL,NULL,NULL,NULL,NULL,0,NULL
386,20200604,NULL,8,NULL,NULL,1,5,PROFILE-0076,6,1,0,0,0,121,NULL,NULL,NULL,NULL,NULL,0,NULL
387,20200604,NULL,12,1,5,NULL,NULL,PROFILE-0076,6,1,0,0,0,60,NULL,NULL,NULL,NULL,NULL,0,NULL
388,20200604,NULL,12,1,5,1,3,PROFILE-0076,6,1,0,0,0,61,NULL,NULL,NULL,NULL,NULL,0,NULL
389,20200604,NULL,8,NULL,NULL,1,13,PROFILE-0181,6,1,0,0,0,19,NULL,NULL,NULL,NULL,NULL,0,NULL
390,20200604,NULL,8,NULL,NULL,1,13,PROFILE-0091,6,1,0,0,0,47,NULL,NULL,NULL,NULL,NULL,0,NULL
391,20200604,NULL,8,NULL,NULL,1,13,PROFILE-0091,5,1,0,0,0,7,NULL,NULL,NULL,NULL,NULL,0,NULL
392,20200604,NULL,8,NULL,NULL,1,18,PROFILE-0076,6,1,0,0,0,121,NULL,NULL,NULL,NULL,NULL,0,NULL
393,20200604,NULL,8,NULL,NULL,1,26,PROFILE-0091,6,1,0,0,0,58,NULL,NULL,NULL,NULL,NULL,0,NULL
394,20200605,NULL,12,1,26,NULL,NULL,PROFILE-0091,6,1,0,0,0,25,NULL,NULL,NULL,NULL,NULL,0,NULL
395,20200604,NULL,8,NULL,NULL,1,26,PROFILE-0091,6,1,0,0,0,9,NULL,NULL,NULL,NULL,NULL,0,NULL
