nro_extrusion,long__cm,cantidad,peso_1tocho__kg
1,60.0,18,19.174
2,58.0,20,18.807
3,42.0,20,13.944
4,66.0,18,21.665
5,41.5,15,13.825
6,41.5,8,13.585
7,44.0,15,13.585
8,44.0,3,14.539
9,41.0,30,13.408
10,47.0,20,15.422
11,41.0,30,13.408
12,66.0,28,21.665
13,39.0,12,12.835
14,39.0,15,12.718
15,42.1,30,13.785
16,61.5,27,20.171
17,38.0,40,12.331
18,51.4,14,16.899
19,47.3,26,15.626
20,41.6,5,13.69
21,41.9,32,13.759
22,55.3,20,18.138
22,41.0,3,13.438
23,41.0,14,13.438
24,38.4,3,13.301
25,57.9,15,18.997
26,55.3,20,18.09
26,35.0,1,11.404
27,55.3,20,18.09
27,35.0,1,11.404
28,41.0,26,13.301
28,41.5,18,13.535
29,39.2,14,12.838
30,39.2,2,12.838
31,38.0,20,12.505
32,34.9,19,11.321
33,38.2,10,12.583
34,51.4,28,16.829
35,55.3,1,18.12
36,55.3,13,18.12
36,26.3,1,8.62
36,27.0,1,8.74
37,55.3,26,18.12
37,26.6,1,8.433
38,26.5,1,8.733
38,48.8,21,15.942
39,24.2,1,7.966
39,25.5,1,8.413
39,52.7,19,17.3
40,26.5,1,8.683
40,32.0,1,10.457
40,52.9,14,17.3
41,35.0,2,11.404
41,52.7,20,17.3
42,55.3,3,18.09
43,43.2,3,13.918
44,53.7,4,17.65
45,60.1,3,19.59
46,34.8,2,11.405
46,42.6,19,13.908
47,34.8,2,11.405
47,64.4,4,21.152
48,43.2,9,14.155
49,50.3,22,16.501
50,50.7,20,16.624
51,54.6,11,17.851
52,60.4,10,19.821
53,55.2,18,18.075
54,34.8,2,11.405
54,60.1,10,19.765
54,60.1,9,19.765
55,61.1,6,19.997
55,37.4,1,12.298
55,36.0,1,11.811
56,23.5,1,7.739
56,23.4,1,7.676
56,65.8,15,21.579
57,43.2,15,14.695
58,64.4,7,21.051
59,54.6,8,17.883
60,49.9,13,16.377
61,50.7,13,16.606
62,65.1,10,21.089
62,41.4,1,13.588
63,41.2,3,13.536
64,43.1,3,14.15
65,55.0,3,18.005
66,52.7,2,17.27
67,38.0,3,12.518
68,34.6,1,11.411
68,61.4,3,20.129
69,37.5,3,12.322
70,54.3,3,17.808
71,53.2,3,17.453
72,49.9,2,16.377
73,54.6,2,17.883
74,38.5,1,12.668
74,38.0,1,12.518
75,38.0,2,12.518
76,55.0,2,18.005
77,38.0,2,12.518
78,40.3,18,13.255
79,53.4,12,17.51
80,54.1,13,17.756
81,53.2,2,17.198
82,52.7,2,17.04
83,55.9,8,18.083
84,59.1,6,19.087
85,49.4,26,15.984
86,63.9,21,20.565
87,49.8,20,16.106
87,49.8,8,16.106
88,53.3,5,18.515
89,43.2,9,14.182
90,55.2,12,18.088
91,25.6,1,8.473
91,25.6,1,8.453
91,65.8,10,21.603
92,55.9,8,18.018
93,63.9,13,20.584
93,28.4,1,9.34
93,27.9,1,9.2
94,48.6,21,15.607
95,59.1,15,19.072
95,24.4,1,7.903
95,23.8,1,7.723
96,49.8,20,16.052
97,59.7,17,19.377
98,33.0,1,10.744
98,56.6,17,18.267
99,31.5,1,10.277
99,63.5,16,20.454
100,42.7,3,13.732
101,51.6,17,16.633
101,2.8,1,9.103
102,51.0,15,16.387
102,50.9,3,16.431
102,51.0,1,16.683
102,51.0,1,16.699
102,20.4,1,6.712
102,20.6,1,6.792
102,38.0,1,12.264
102,37.2,1,12.074
103,51.0,4,16.387
104,58.9,11,19.012
105,42.7,3,13.732
106,42.9,7,13.838
106,42.7,2,13.838
107,57.4,19,18.521
108,36.2,1,11.698
108,36.5,1,12.004
108,64.4,19,20.814
109,38.0,23,12.338
110,50.1,21,16.148
111,65.0,16,21.012
111,29.8,1,9.63
111,29.6,1,9.633
112,56.9,5,18.437
113,48.2,18,15.854
114,63.1,3,20.282
115,20.2,1,6.549
115,42.7,2,13.718
116,24.0,1,7.783
116,42.7,2,13.718
117,20.5,1,6.666
117,52.3,1,18.473
117,53.5,1,17.356
118,43.2,6,14.288
119,37.0,1,12.164
119,37.2,1,12.144
119,37.4,1,12.218
120,18.3,1,5.935
120,49.9,1,16.173
120,50.0,1,16.596
121,20.3,1,6.339
121,52.5,1,17.24
121,52.5,1,17.183
121,20.9,1,6.762
121,46.0,1,14.845
122,20.9,1,6.762
122,46.0,1,14.845
123,23.3,1,7.559
123,46.1,1,14.859
123,46.6,1,15.039
124,21.3,1,6.883
124,42.7,2,13.718
125,28.4,1,9.18
125,28.5,1,9.343
125,56.9,20,18.437
126,41.0,2,13.209
127,31.3,3,10.107
128,38.5,1,12.681
128,38.2,1,12.378
129,40.8,2,13.128
130,40.0,1,12.978
130,37.9,1,12.328
131,31.3,1,10.107
131,44.7,1,14.752
132,46.0,2,14.813
133,40.2,1,13.011
133,41.2,1,13.588
134,46.0,1,14.813
134,41.0,1,13.209
135,43.0,14,13.866
135,43.0,4,13.866
136,27.9,1,9.077
136,28.5,1,9.093
136,59.3,3,19.094
137,26.0,1,8.426
137,52.7,2,17.063
138,25.7,1,8.463
138,56.9,2,18.437
139,24.0,1,7.95
139,52.7,2,17.063
140,27.1,1,8.83
140,44.9,22,14.51
141,52.7,18,17.063
142,41.0,5,13.209
143,52.1,3,16.839
144,32.0,1,10.4
144,52.7,2,17.063
145,27.5,1,8.847
145,56.9,3,18.437
146,41.0,2,13.209
147,41.0,2,13.209
148,41.0,2,13.209
149,31.6,1,10.27
149,52.1,2,16.839
150,41.0,2,13.196
151,30.4,1,9.847
151,58.3,26,18.721
152,59.7,27,19.232
153,23.8,1,7.699
153,23.6,1,7.576
153,63.8,6,20.579
154,24.0,1,7.813
154,25.5,1,8.276
154,64.8,31,20.949
155,42.4,20,13.742
156,58.2,20,18.788
157,52.6,13,17.026
158,52.1,29,16.839
159,58.5,16,18.877
160,20.8,1,6.712
160,17.8,1,5.769
160,63.8,26,20.579
161,45.0,2,14.485
162,51.5,36,16.639
163,30.5,1,9.947
163,30.8,1,9.97
163,56.9,4,18.365
164,18.0,1,5.939
164,17.5,1,5.679
164,63.2,15,20.471
165,39.2,16,12.683
166,51.6,25,16.666
167,38.4,15,12.658
168,44.9,2,14.43
168,29.0,1,9.393
168,27.1,1,8.827
168,57.3,27,18.835
169,31.2,1,10.15
169,29.7,1,9.6
169,56.9,5,18.365
170,41.0,2,18.365
171,44.9,6,14.43
172,38.6,24,12.685
173,48.5,22,15.917
174,48.5,20,15.917
175,44.9,11,14.43
175,44.9,6,14.753
176,41.0,5,13.194
176,40.3,8,13.231
177,45.0,2,14.485
178,43.7,20,14.373
178,43.0,1,13.928
179,41.2,1,13.558
179,43.5,1,14.269
179,43.2,1,14.212
180,45.0,3,14.485
180,63.9,1,20.908
181,35.3,1,11.391
181,35.9,1,11.841
182,45.0,10,14.485
183,55.0,37,18.06
183,35.3,1,11.594
184,63.9,8,20.908
184,64.9,3,21.282
185,49.6,15,16.289
186,51.0,2,16.723
187,31.0,42,10.204
188,51.0,15,16.723
189,51.0,18,16.723
190,30.6,10,9.84
191,51.2,18,16.386
192,42.0,31,13.512
193,38.0,20,12.294
194,51.8,35,16.763
195,52.8,10,16.986
196,44.0,21,14.128
197,55.8,9,18.01
198,63.1,26,20.427
199,35.3,24,11.464
200,52.8,9,16.986
201,63.1,7,20.427
202,52.5,1,16.983
203,52.8,20,16.983
204,47.9,22,15.486
205,52.5,1,16.983
206,48.4,2,15.532
207,35.9,24,11.581
208,54.5,1,17.526
209,56.0,2,18.06
210,48.4,20,15.486
211,52.8,3,16.993
212,54.5,16,17.526
213,52.5,19,16.983
214,43.3,2,14.028
215,49.0,2,15.846
216,50.1,2,16.236
217,54.2,2,17.39
218,53.4,2,16.573
219,35.1,2,12.091
220,52.5,39,16.983
221,52.0,18,17.11
222,52.0,7,17.11
223,42.0,8,14.832
224,45.7,5,13.578
225,46.0,1,14.762
225,33.0,1,10.753
226,56.0,2,18.06
227,52.8,20,16.969
228,52.9,15,17.84
229,42.4,22,13.715
230,45.7,2,13.578
231,38.3,5,12.825
232,38.3,3,12.825
233,47.0,38,16.673
234,51.8,23,16.796
235,42.1,50,13.938
236,42.0,16,13.825
237,38.3,20,12.825
238,38.3,14,12.825
239,57.4,37,18.7
240,55.0,38,17.82
241,39.6,3,12.374
242,42.2,21,13.612
243,47.0,6,15.186
244,47.0,16,15.186
245,40.9,3,13.115
246,40.9,30,13.115
247,57.6,17,18.573
248,39.8,38,12.851
249,51.2,21,16.526
250,44.2,13,14.272
251,44.2,9,14.272
252,35.3,2,11.357
253,39.6,56,12.374
254,40.9,4,13.115
255,44.6,13,14.562
256,44.6,6,14.562
257,43.5,8,14.195
258,47.1,22,15.299
259,45.1,3,14.655
260,55.3,19,17.993
261,52.9,19,17.11
262,36.2,56,11.774
263,53.5,7,17.106
264,35.3,4,11.404
265,35.3,5,11.404
266,46.4,13,15.135
267,46.4,32,15.135
268,57.2,11,18.66
269,44.3,11,14.421
270,57.2,13,18.66
271,57.2,15,18.66
272,44.3,45,14.421
273,55.2,7,17.965
274,56.2,20,18.303
275,49.9,21,16.253
276,53.5,19,17.368
277,46.0,2,14.962
278,37.5,2,12.256
279,46.1,2,15.033
280,44.0,2,14.51
281,53.5,25,17.368
282,53.5,33,17.368
283,45.1,9,14.654
284,58.3,4,18.972
285,56.0,12,18.123
286,51.3,18,16.681
287,44.6,7,14.605
288,43.7,57,14.262
289,53.5,10,17.313
290,35.5,2,11.431
291,41.5,6,13.516
292,55.2,32,17.965
293,57.7,36,19.007
294,35.3,3,11.431
295,58.3,2,18.972
296,44.6,2,14.562
297,53.5,24,17.316
298,25.0,1,8.376
298,44.6,16,14.562
299,26.0,1,8.516
299,44.4,58,14.432
300,44.4,81,14.432
301,37.1,45,12.071
302,37.1,10,12.071
303,46.1,4,15.04
304,38.2,6,12.401
305,41.2,6,13.382
306,37.6,48,12.194
307,44.4,7,14.421
308,46.1,2,14.993
309,43.9,2,14.263
310,34.2,2,11.205
311,34.9,2,11.339
312,44.7,2,14.523
313,48.7,2,15.816
314,63.7,2,21.151
315,58.3,4,18.972
316,35.3,2,11.404
317,49.6,19,15.946
318,40.3,41,12.061
319,40.3,11,12.061
320,46.2,45,14.92
321,58.5,35,18.778
322,35.3,3,11.404
323,36.8,57,11.928
324,44.3,53,14.272
325,48.9,42,15.797
326,48.5,30,15.594
327,48.5,13,15.594
328,35.5,30,11.561
329,35.5,29,11.561
330,26.7,1,8.596
330,43.1,6,14.05
331,54.2,11,17.493
331,22.6,1,7.316
332,54.2,6,17.493
333,49.7,2,15.979
334,20.5,1,7.003
334,49.7,19,16.073
335,23.5,1,8.24
335,53.4,18,17.168
336,18.2,1,9.847
336,58.5,16,18.818
337,35.3,4,11.404
338,53.2,7,17.121
339,53.2,34,17.121
340,35.5,59,11.486
341,52.0,12,16.757
342,43.1,49,13.859
343,42.6,20,13.724
344,40.0,12,12.895
345,40.0,16,12.895
346,35.3,3,11.404
347,42.4,4,16.241
348,43.1,10,14.245
349,43.1,14,14.245
350,36.1,3,11.581
351,40.7,2,13.125
352,40.7,2,13.125
353,40.7,2,13.125
354,40.7,2,13.125
355,40.7,2,13.125
356,43.0,2,14.098
357,43.0,2,14.098
358,43.0,2,14.098
359,43.0,3,14.098
360,40.7,3,13.125
361,35.5,3,11.484
362,32.6,64,10.54
363,47.9,11,15.51
364,36.0,29,11.581
365,35.5,2,11.484
366,27.2,4,8.74
367,35.5,2,11.484
368,54.2,43,17.493
369,38.0,3,10.28
370,35.4,18,11.924
371,54.2,14,17.493
372,37.5,6,12.063
373,39.1,4,12.593
374,42.1,50,13.645
375,39.1,20,12.553
376,39.1,2,12.553
377,39.1,2,12.553
378,45.2,37,14.617
379,38.5,2,12.395
380,38.5,2,12.395
381,39.1,3,12.553
382,38.5,3,12.395
383,41.1,51,13.241
384,45.6,46,14.707
385,43.3,54,13.966
386,35.4,2,11.924
387,38.5,2,12.395
388,69.5,32,13.165
389,41.1,18,13.165
390,54.8,19,17.746
391,52.0,24,16.853
392,58.5,25,18.925
393,47.9,16,15.51
394,47.9,14,15.51
395,58.5,10,18.925
396,47.9,38,15.51
397,47.9,20,15.51
398,35.5,2,11.491
399,35.5,3,11.491
400,35.5,3,11.491
401,35.5,3,11.491
402,35.5,2,11.491
403,35.5,2,11.491
404,35.5,2,11.491
405,35.5,2,11.491
406,35.5,2,11.491
407,45.0,11,14.469
408,35.5,2,11.491
409,35.5,2,11.491
410,45.0,7,14.469
411,46.3,10,14.722
412,45.0,7,14.469
413,45.0,36,14.469
414,45.0,24,14.469
415,55.1,20,17.709
416,61.8,9,19.945
417,55.1,18,17.716
418,35.8,1,11.641
418,49.9,16,16.877
419,37.5,50,12.063
420,45.1,37,14.577
421,45.7,10,14.723
422,37.8,10,12.226
423,44.0,12,14.212
424,39.5,14,12.553
425,49.7,18,16.241
426,34.8,36,11.131
427,51.6,41,16.733
428,49.5,55,16.009
429,44.0,57,14.226
430,49.9,22,16.363
431,58.5,19,19.117
432,40.8,5,13.645
433,55.0,20,17.694
434,40.8,32,19.117
435,55.0,30,17.702
436,53.1,30,17.128
437,75.5,2,24.442
438,55.0,36,17.694
439,53.1,26,17.128
440,48.2,9,15.539
441,48.2,10,15.539
442,37.8,30,12.226
443,45.7,39,14.679
444,31.7,3,10.126
445,55.5,23,17.876
446,74.9,12,23.809
447,77.5,5,24.242
448,37.8,16,12.226
449,45.8,30,14.756
450,38.8,3,12.561
451,51.1,4,16.419
452,43.0,50,13.809
453,60.5,18,19.597
454,51.9,20,16.669
455,55.0,6,17.753
456,33.3,32,10.751
457,55.0,18,17.753
458,53.3,15,17.18
459,55.7,25,17.96
460,55.7,3,17.96
461,38.4,22,12.332
462,60.2,11,19.282
463,60.2,$tochos.D694*$tochos.C694,19.282
464,42.4,16,13.595
465,31.7,2,10.126
466,51.1,30,16.419
467,67.1,38,21.641
468,32.0,12,10.272
469,38.3,22,12.362
470,37.5,3,12.201
471,37.5,2,12.201
472,36.0,2,11.638
473,36.0,2,11.638
474,36.0,2,11.638
475,40.0,2,12.895
476,40.0,2,12.895
477,40.0,2,12.895
478,40.0,2,12.895
479,38.7,22,12.493
480,47.7,22,15.33
481,31.0,10,9.965
482,40.0,2,12.895
483,44.0,21,14.212
484,44.0,12,14.212
485,28.2,37,9.079
486,52.5,20,17.008
487,36.2,32,11.638
488,39.7,3,12.808
489,47.6,27,15.266
490,55.1,30,17.92
491,46.6,25,15.137
492,54.9,6,17.641
493,54.9,17,17.641
494,46.9,6,15.025
495,29.7,23,9.65
496,51.3,23,16.563
497,50.1,22,16.177
498,46.2,22,14.925
499,43.2,20,13.91
500,51.0,10,16.771
501,51.9,10,16.771
502,39.7,10,12.808
503,45.4,37,14.726
504,45.4,10,14.709
505,52.4,40,16.951
506,30.1,2,10.22
506,39.7,3,12.808
507,44.7,24,14.405
508,38.8,3,12.561
509,67.2,10,21.579
510,31.0,17,10.13
511,31.7,28,10.126
512,32.0,33,10.419
513,32.2,19,10.409
514,39.6,4,12.588
515,42.8,8,13.852
516,49.0,8,15.754
517,67.1,27,21.579
518,50.2,23,16.573
519,50.2,20,16.573
520,28.2,2,9.079
520,62.2,9,20.065
521,55.7,18,17.96
522,54.2,3,16.753
523,43.2,18,13.889
524,48.4,18,15.696
525,50.1,42,16.444
526,33.7,32,10.854
527,35.6,25,11.389
528,42.4,3,13.927
529,42.4,3,13.927
530,33.4,32,10.757
531,41.4,18,13.334
532,42.4,16,13.607
533,44.3,15,14.044
534,41.9,10,13.642
535,46.4,6,14.889
536,46.4,11,14.889
537,88.7,11,19.921
538,33.9,5,10.932
539,30.2,28,9.697
540,50.6,6,16.366
541,54.8,8,17.568
542,40.0,6,12.811
543,40.1,39,12.865
544,44.7,3,14.365
545,45.8,10,14.805
546,42.0,18,13.457
547,41.6,10,13.342
548,49.5,11,15.809
549,45.4,46,14.564
550,38.8,17,12.538
551,33.9,35,10.938
552,43.4,20,13.987
553,43.4,3,13.987
554,43.4,34,13.987
555,42.4,2,13.928
556,47.9,16,15.394
557,43.3,15,13.899
558,30.6,21,9.961
559,50.0,17,16.236
560,48.0,15,15.528
561,67.3,11,21.656
562,46.1,15,14.779
563,31.0,3,10.057
563,61.8,18,19.874
564,52.0,21,16.76
565,52.0,43,16.76
566,42.4,6,13.928
567,32.6,46,10.436
568,45.3,46,14.681
569,53.2,2,17.158
570,53.2,43,17.158
571,46.8,15,15.15
572,46.8,28,15.15
573,67.6,24,21.758
574,67.6,13,21.758
575,42.3,50,17.158
576,51.0,25,16.591
577,45.6,12,14.634
578,54.0,18,17.464
579,14.5,1,4.725
579,14.0,1,5.525
579,12.0,1,3.771
579,5.8,1,1.867
579,10.3,1,3.338
579,5.4,1,1.674
579,2.0,1,0.69
579,15.0,1,4.805
579,10.3,1,3.194
579,2.3,1,0.824
579,12.6,1,4.098
579,14.5,1,4.765
579,12.3,1,3.895
580,12.3,1.0,3.868
580,3.6,1,1.064
580,15.0,1,4.928
580,11.0,1,2.362
580,10.5,1,3.361
580,20.2,1,6.516
580,9.0,1,2.944
580,8.0,1,2.591
580,6.7,1,2.591
580,17.0,1,2.167
580,15.3,1,5.635
580,17.0,1,5.472
580,16.3,1,5.339
580,10.0,1,3.188
581,54.6,75,17.766
582,34.0,17,10.771
583,38.0,30,12.538
584,41.7,9,13.28
585,51.5,11,19.187
586,30.2,11,9.781
587,26.9,6,8.787
588,42.4,32,13.928
589,34.4,50,11.029
590,34.4,17,10.362
591,38.6,9,12.493
