nro_extrusion,longitud__m,cantidad,tipo_contenedor,nro_contenedor,
1,6,359,0,0,2154
1,3,50,0,0,150
2,6,406,0,0,2436
3,6,416,0,0,2496
3,5,12,0,0,60
3,3,43,0,0,129
4,6,226,0,0,1356
4,5,4,0,0,20
4,4,2,0,0,8
5,6,67,0,0,402
5,5,11,0,0,55
5,2,2,0,0,4
6,6,81,0,0,486
6,5,10,0,0,50
6,3,3,0,0,9
7,6,78,0,0,468
7,3,1,0,0,3
8,6,34,0,0,204
8,5,1,0,0,5
8,3,4,0,0,12
9,6,119,0,0,714
9,5,26,0,0,130
9,4,4,0,0,16
10,6,320,0,0,1920
10,5,10,0,0,50
11,6,119,0,0,714
11,5,26,0,0,130
11,4,4,0,0,16
12,6,346,0,0,2076
12,3,42,0,0,126
13,6,119,0,0,714
13,4,4,0,0,16
13,3,30,0,0,90
14,6,87,0,0,522
14,5,3,0,0,15
14,4,9,0,0,36
14,3,19,0,0,57
15,6,122,0,0,732
15,2,26,0,0,52
16,6,134,0,0,804
17,6,186,0,0,1116
17,5,4,0,0,20
18,6,136,0,0,816
19,6,118,0,0,708
20,6,45,0,0,270
20,5,12,0,0,60
20,3,4,0,0,12
21,6,140,0,0,840
21,2,1,0,0,2
21,5,19,0,0,95
22,6,420,0,0,2520
22,3,8,0,0,24
23,6,327,0,0,1962
23,4,5,0,0,20
24,0,0,0,0,0
25,6,295,0,0,1770
25,4,4,0,0,16
26,6,99,0,0,594
27,6,78,0,0,468
27,4,8,0,0,32
27,3,3,0,0,9
28,6,813,0,0,4878
28,5,60,0,0,300
28,4,15,0,0,60
28,3,9,0,0,27
29,6,109,0,0,654
29,5,15,0,0,75
29,4,27,0,0,108
29,3,5,0,0,15
30,6,13,0,0,78
30,5,2,0,0,10
30,4,8,0,0,32
30,3,3,0,0,9
31,6,96,0,0,576
31,5,2,0,0,10
31,4,1,0,0,4
32,6,574,0,0,3444
32,5,5,0,0,25
32,4,144,0,0,576
33,6,70,0,0,420
33,5,8,0,0,40
33,4,1,0,0,4
34,6,267,0,0,1602
34,5,1,0,0,5
34,4,2,0,0,8
34,3,4,0,0,12
34,2,2,0,0,4
35,0,0,0,0,0
36,6,210,0,0,1260
36,5,52,0,0,260
36,4,2,0,0,8
37,6,403,0,0,2418
37,5,97,0,0,485
38,6,315,0,0,1890
39,6,368,0,0,2208
40,6,58,0,0,348
40,5,1,0,0,5
41,6,212,0,0,1272
42,6,18,0,0,108
42,5,1,0,0,5
42,4,1,0,0,4
43,6,11,0,0,66
43,5,2,0,0,10
44,6,77,0,0,462
44,5,7,0,0,35
44,4,6,0,0,24
44,3,6,0,0,18
45,6,7,0,0,42
45,5,1,0,0,5
46,6,81,0,0,486
46,5,1,0,0,5
46,3,2,0,0,6
47,6,119,0,0,714
47,5,23,0,0,115
48,6,38,0,0,228
48,5,3,0,0,15
48,3,1,0,0,3
49,6,64,0,0,384
49,5,1,0,0,5
49,4,1,0,0,4
50,6,96,0,0,576
50,4,2,0,0,8
51,5,44,0,0,220
51,4,10,0,0,40
52,6,44,0,0,264
52,5,2,0,0,10
53,6,89,0,0,534
53,5,1,0,0,5
54,4.5,60,0,0,270
54,4,17,0,0,68
55,6,33,0,0,198
55,5,1,0,0,5
56,6,59,0,0,354
56,5,1,0,0,5
57,6,70,0,0,420
57,5,2,0,0,10
57,4,2,0,0,8
58,6,28,0,0,168
58,5,4,0,0,20
58,4,3,0,0,12
59,6,187,0,0,1122
59,5,42,0,0,210
59,3,11,0,0,33
60,6,36,0,0,216
60,5,1,0,0,5
61,6,62,0,0,372
61,5,2,0,0,10
61,4,1,0,0,4
62,6,49,0,0,294
62,5,2,0,0,10
62,4,1,0,0,4
62,3,1,0,0,3
63,6,52,0,0,312
63,5,4,0,0,20
63,3,4,0,0,12
64,6,54,0,0,324
64,5,6,0,0,30
64,3,8,0,0,24
65,6,24,0,0,144
65,5,1,0,0,5
65,4,5,0,0,20
65,3,4,0,0,12
66,6,7,0,0,42
66,4,2,0,0,8
66,3,1,0,0,3
67,6,7,0,0,42
67,5,4,0,0,20
68,6,8,0,0,48
68,5,1,0,0,5
69,6,13,0,0,78
69,5,1,0,0,
69,3,3,0,0,9
70,6,11,0,0,66
70,3,1,0,0,3
71,6,14,0,0,84
71,3,1,0,0,3
72,6,3,0,0,18
72,5,1,0,0,5
72,3,3,0,0,9
73,6,42,0,0,252
73,4,12,0,0,48
74,6,5,0,0,30
74,5,2,0,0,10
74,4,1,0,0,4
75,6,19,0,0,114
75,5,7,0,0,35
76,6,14,0,0,84
76,5,2,0,0,10
76,4,3,0,0,12
76,3,2,0,0,6
77,6,6,0,0,36
77,5,1,0,0,5
78,6,356,0,0,2136
78,4,4,0,0,16
79,6,47,0,0,282
79,5,1,0,0,5
80,4.5,32,0,0,144
80,4,5,0,0,20
80,3,2,0,0,6
81,6,8,0,0,48
81,3,1,0,0,3
82,6,8,0,0,48
82,4,1,0,0,4
83,6,196,0,0,1176
83,5,37,0,0,185
83,4,1,0,0,4
83,3,6,0,0,18
84,6,27,0,0,162
84,5,1,0,0,5
84,4,1,0,0,4
85,6,48,0,0,288
85,5,42,0,0,210
85,3,2,0,0,6
86,6,91,0,0,546
86,5,5,0,0,25
86,4,5,0,0,20
87,6,106,0,0,636
87,5,11,0,0,55
87,4,9,0,0,36
87,3,7,0,0,21
88,6,58,0,0,348
88,5,4,0,0,20
88,4,6,0,0,24
88,3,7,0,0,21
89,6,42,0,0,252
89,5,1,0,0,5
89,4,1,0,0,4
90,6,57,0,0,342
90,4,1,0,0,4
91,6,41,0,0,246
91,5,1,0,0,5
92,6,195,0,0,1170
92,5,34,0,0,170
92,4,2,0,0,8
92,3,6,0,0,18
93,6,63,0,0,378
93,5,6,0,0,30
94,6,42,0,0,252
94,5,19,0,0,95
94,4,1,0,0,4
94,3,1,0,0,3
95,6,76,0,0,456
95,4,2,0,0,8
96,6,91,0,0,546
96,5,5,0,0,25
96,4,2,0,0,8
96,3,1,0,0,3
97,6,83,0,0,498
97,5,2,0,0,10
97,4,13,0,0,52
97,3,3,0,0,9
98,6,39,0,0,234
98,4.5,12,0,0,54
99,6,53,0,0,318
99,5,7,0,0,35
99,4,1,0,0,4
100,6,10,0,0,60
100,4,1,0,0,4
101,6,44,0,0,264
101,5,8,0,0,40
102,6,28,0,0,168
102,5,3,0,0,15
102,5.5,2,0,0,11
102,3,1,0,0,3
102,4,8,0,0,32
103,4,7,0,0,28
104,4.5,32,0,0,144
104,3,10,0,0,30
104,2,9,0,0,18
105,6,10,0,0,60
105,4,3,0,0,12
106,6,26,0,0,156
106,5,8,0,0,40
106,3,2,0,0,6
107,6,47,0,0,282
107,5,6,0,0,30
108,6,78,0,0,468
108,5,1,0,0,5
109,6,393,0,0,2358
109,5,18,0,0,90
109,4,6,0,0,24
110,6,50,0,0,300
110,5,11,0,0,55
110,4,1,0,0,4
111,6,81,0,0,486
111,5,2,0,0,10
111,4,1,0,0,4
112,6,121,0,0,726
112,5,20,0,0,100
113,6,34,0,0,204
113,5,2,0,0,10
114,4.5,8,0,0,36
114,4,2,0,0,8
114,3,1,0,0,3
115,6,16,0,0,96
116,6,10,0,0,60
117,6,17,0,0,102
117,3,1,0,0,3
118,6,20,0,0,120
118,5,6,0,0,30
118,4,1,0,0,4
118,3,4,0,0,12
119,6,14,0,0,84
119,5,1,0,0,5
120,6,6,0,0,36
120,5,1,0,0,5
121,6,10,0,0,60
121,5,1,0,0,5
122,0,0,0,0,
123,6,32,0,0,192
123,4,4,0,0,16
124,6,2,0,0,12
124,1.92,1,0,0,1.92
124,0.96,1,0,0,0.96
125,6,486,0,0,2916
125,5,104,0,0,520
125,4,15,0,0,60
125,3,6,0,0,18
126,6,8,0,0,48
126,5,2,0,0,10
126,4,1,0,0,4
127,6,75,0,0,450
127,5,10,0,0,50
127,4,9,0,0,36
127,3,6,0,0,18
128,6,21,0,0,126
128,5,3,0,0,15
129,6,4,0,0,24
129,5,1,0,0,5
129,4,1,0,0,4
130,6,3,0,0,
130,5,1,0,0,
130,4,1,0,0,4
130,3,1,0,0,
131,6,5,0,0,30
131,5,1,0,0,5
131,4,1,0,0,4
132,6,1,0,0,6
132,5.5,1,0,0,5.5
132,1.52,1,0,0,1.52
132,0.245,1,0,0,
132,0.233,1,0,0,0.233
132,0.178,1,0,0,0.178
133,6,6,0,0,36
133,5,1,0,0,5
134,6,13,0,0,78
134,5,5,0,0,25
134,3,3,0,0,9
135,6,66,0,0,396
135,5,17,0,0,85
135,4,1,0,0,4
135,3,1,0,0,3
136,6,66,0,0,396
136,5,5,0,0,25
137,6,6,0,0,36
137,5,2,0,0,10
137,4,4,0,0,16
138,6,26,0,0,156
138,5,3,0,0,15
138,4,4,0,0,16
138,3,4,0,0,12
139,6,2,0,0,12
139,5,1,0,0,5
140,6,22,0,0,132
140,5,1,0,0,5
140,1.7,4,0,0,6.8
140,1.6,16,0,0,25.6
140,1.5,2,0,0,3
141,6,162,0,0,972
141,5,2,0,0,10
142,6,42,0,0,252
142,5,9,0,0,45
143,6,6,0,0,36
143,5,2,0,0,10
144,6,22,0,0,132
144,5,2,0,0,10
145,6,73,0,0,438
145,5,23,0,0,115
145,4,5,0,0,20
146,6,5,0,0,30
146,5,1,0,0,5
146,4,1,0,0,4
147,6,6,0,0,36
147,5,1,0,0,5
147,3,1,0,0,3
148,6,6,0,0,36
148,5,1,0,0,5
149,6,11,0,0,66
149,5,3,0,0,15
150,6,11,0,0,66
150,5,7,0,0,35
151,6,73,0,0,438
151,5,6,0,0,30
152,6,133,0,0,798
152,5,1,0,0,5
153,6,6,0,0,36
153,5,2,0,0,10
153,4,1,0,0,4
154,6,187,0,0,1122
154,5,1,0,0,5
154,3,1,0,0,3
155,6,392,0,0,2352
155,4,4,0,0,16
156,6,118,0,0,708
156,5,1,0,0,5
156,4,1,0,0,4
157,4,100,0,0,400
158,6,74,0,0,444
158,5,1,0,0,5
158,3,2,0,0,6
159,6,285,0,0,1710
159,5,17,0,0,85
160,6,94,0,0,564
160,5,10,0,0,50
160,4,1,0,0,4
161,6,1,0,0,6
161,5,2,0,0,10
162,6,25,0,0,150
162,4,48,0,0,192
162,3,1,0,0,3
163,6,115,0,0,690
163,5,20,0,0,100
164,6,58,0,0,348
164,5,2,0,0,10
164,4,2,0,0,8
165,6,302,0,0,1812
165,5,13,0,0,65
165,4,1,0,0,4
165,3,4,0,0,12
166,6,72,0,0,432
166,5,2,0,0,10
167,6,73,0,0,438
167,5,1,0,0,5
167,4,1,0,0,4
168,6,85,0,0,510
169,6,134,0,0,804
169,5,24,0,0,120
171,6,22,0,0,132
171,5,2,0,0,10
171,3,5,0,0,15
170,6,7,0,0,42
170,5,1,0,0,5
170,3,2,0,0,6
172,6,309,0,0,1854
172,5,16,0,0,80
172,4,6,0,0,24
172,3,3,0,0,9
173,6,84,0,0,504
173,5,20,0,0,100
173,4,6,0,0,24
174,6,77,0,0,462
174,5,18,0,0,90
174,4,6,0,0,24
175,6,17,0,0,102
175,2.312,1,0,0,2.312
175,2.48,1,0,0,2.48
175,2.73,1,0,0,2.73
175,2.83,1,0,0,2.83
175,2.244,1,0,0,2.244
175,2.09,1,0,0,2.09
175,2.285,1,0,0,2.285
175,2.14,1,0,0,2.14
175,2.108,1,0,0,2.108
175,2.229,1,0,0,2.229
175,2.287,1,0,0,2.287
175,2.261,1,0,0,2.261
175,2.134,1,0,0,2.134
175,2.288,1,0,0,2.288
175,2.214,1,0,0,2.214
176,6,122,0,0,732
176,5,9,0,0,45
176,4,2,0,0,8
176,3,1,0,0,3
177,6,12,0,0,72
177,5,3,0,0,15
177,4,3,0,0,12
178,6,98,0,0,588
178,5,4,0,0,20
178,4,2,0,0,8
178,3,1,0,0,3
179,6,54,0,0,324
179,4,6,0,0,24
179,3,6,0,0,18
180,6,27,0,0,162
180,5,9,0,0,45
181,6,1,0,0,6
181,5,1,0,0,5
181,4,1,0,0,4
182,6,76,0,0,456
182,5,4,0,0,20
182,4,8,0,0,32
182,3,8,0,0,24
183,6,903,0,0,5418
183,4,24,0,0,96
183,5,194,0,0,970
184,6,43,0,0,258
184,5,1,0,0,5
185,6,43,0,0,258
185,4,1,0,0,4
185,3,1,0,0,3
186,6,7,0,0,42
186,5,1,0,0,5
186,4,1,0,0,4
187,6,1220,0,0,7320
187,5,36,0,0,180
187,4,9,0,0,36
188,6,108,0,0,648
188,5,1,0,0,5
188,4,1,0,0,4
189,6,203,0,0,1218
189,5,9,0,0,45
189,4,2,0,0,8
189,3,2,0,0,6
190,6,38,0,0,228
190,5,1,0,0,5
191,6,70,0,0,420
191,5,2,0,0,10
192,6,32,0,0,192
192,0.846,1,0,0,0.846
192,0.953,4,0,0,3.812
192,0.98,3,0,0,2.94
192,0.97,4,0,0,3.88
192,0.912,3,0,0,2.736
192,1.105,4,0,0,4.42
192,0.935,4,0,0,3.74
192,0.7,1,0,0,0.7
193,6,77,0,0,462
193,5,20,0,0,100
193,4,1,0,0,4
194,6,340,0,0,2040
194,5,5,0,0,25
195,6,138,0,0,828
195,5,5,0,0,25
195,4,1,0,0,4
195,3,1,0,0,3
196,6,102,0,0,612
196,5,2,0,0,10
197,6,107,0,0,642
197,5,12,0,0,60
197,4,1,0,0,4
197,3,1,0,0,3
198,6,100,0,0,600
198,5,1,0,0,5
198,4,4,0,0,16
198,3,24,0,0,72
199,6,119,0,0,714
199,5,1,0,0,5
200,6,26,0,0,156
200,5,1,0,0,5
201,6,27,0,0,162
201,4,1,0,0,4
201,3,5,,0,15
203,4,55,0,0,220
203,3,3,0,0,9
203,2,4,0,0,8
204,3,87,0,0,261
206,3,32,0,0,96
207,6,118,0,0,708
207,5,1,0,0,5
207,4,1,0,0,4
208,6,1,0,0,6
208,5,1,0,0,5
208,4,1,0,0,4
209,6,7,0,0,42
209,5,2,0,0,10
209,4,3,0,0,12
209,3,3,0,0,9
210,3,355,0,0,1065
211,6,29,0,0,174
212,6,64,0,0,384
212,5,2,0,0,10
212,3,1,0,0,3
213,6,56,0,0,336
213,5,1,0,0,5
213,4,18,0,0,72
214,6,1,0,0,6
214,5,3,0,0,15
215,6,2,0,0,12
215,5,2,0,0,10
216,6,5,0,0,30
216,4,1,0,0,4
217,6,3,0,0,18
217,5,1,0,0,5
217,3,1,0,0,3
218,6,1,0,0,6
218,5,3,0,0,15
219,6,3,0,0,18
219,5,1,0,0,5
219,4,1,0,0,4
219,3,1,0,0,3
220,6,117,0,0,702
220,5,1,0,0,5
220,4,32,0,0,128
221,6,220,0,0,1320
221,5,11,0,0,55
221,4,5,0,0,20
221,3,2,0,0,6
222,6,73,0,0,438
222,5,5,0,0,25
222,4,2,0,0,8
222,3,1,0,0,3
223,6,22,0,0,132
223,5,1,0,0,5
224,6,42,0,0,252
224,5,6,0,0,30
225,6,1,0,0,6
225,5,2,0,0,10
226,6,18,0,0,108
226,5,3,0,0,15
226,4,4,0,0,16
227,4,49,0,0,196
227,3,5,0,0,15
227,2,2,0,0,4
228,6,148,0,0,888
228,5,2,0,0,10
229,6,95,0,0,570
229,5,14,0,0,70
229,4,1,0,0,4
230,6,13,0,0,78
231,6,20,0,0,120
231,5,7,0,0,35
232,0,0,0,0,0
233,6,77,0,0,462
233,5,35,0,0,175
234,6,66,0,0,396
234,5,3,0,0,15
235,6,186,0,0,1116
235,5,4,0,0,20
235,4,2,0,0,8
235,3,1,0,0,3
236,6,59,0,0,354
237,6,74,0,0,444
237,5,2,0,0,10
237,4,14,0,0,56
238,6,56,0,0,336
238,4,10,0,0,40
238,3,1,0,0,3
239,6,149,0,0,894
240,3.8,114,0,0,433.2
241,0,0,0,0,0
242,6,405,0,0,2430
242,5,5,0,0,25
243,5,6,0,0,30
243,4,5,0,0,20
244,5,17,0,0,85
244,4,12,0,0,48
245,6,11,0,0,66
246,6,129,0,0,774
246,4,30,0,0,120
247,6,260,0,0,1560
247,5,44,0,0,220
247,4,4,0,0,16
248,6,724,0,0,4344
248,5,8,0,0,40
248,4,4,0,0,16
248,3,4,0,0,12
249,6,141,0,0,846
249,5,39,0,0,195
250,6,143,0,0,858
250,5,10,0,0,50
250,4,42,0,0,168
251,6,99,0,0,594
251,5,4,0,0,20
251,4,35,0,0,140
252,0,0,0,0,0
253,6,223,0,0,1338
253,5,25,0,0,125
254,6,14,0,0,84
254,3,1,0,0,3
254,4,1,0,0,4
255,6,30,0,0,180
255,5,2,0,0,10
256,6,15,0,0,90
256,4,1,0,0,4
257,6,70,0,0,420
257,5,9,0,0,45
257,4,12,0,0,48
258,3,85,0,0,255
259,0,0,0,0,0
260,6,18,0,0,108
260,5,16,0,0,80
260,4,1,0,0,4
261,6,235,0,0,1410
261,5,7,0,0,35
261,4,3,0,0,12
261,3,3,0,0,9
262,6,276,0,0,1656
262,5,1,0,0,5
262,4,1,0,0,4
263,6,25,0,0,150
263,5,1,0,0,5
263,4,1,0,0,4
264,6,17,0,0,102
264,5,4,0,0,20
264,3,2,0,0,6
265,6,16,0,0,96
266,6,11,0,0,66
266,5,1,0,0,5
266,4,1,0,0,4
266,0.569,3,0,0,1.707
266,1.03,1,0,0,1.03
266,0.468,1,0,0,0.468
266,0.999,1,0,0,0.999
266,1.005,1,0,0,1.005
266,0.56,3,0,0,1.68
266,0.57,1,0,0,0.57
266,0.64,2,0,0,1.28
266,0.693,1,0,0,0.693
266,0.965,2,0,0,1.93
266,0.89,2,0,0,1.78
266,0.756,1,0,0,0.756
266,1.035,1,0,0,1.035
266,1.958,1,0,0,1.958
266,1.084,1,0,0,1.084
266,0.98,1,0,0,0.98
267,6,31,0,0,186
267,5,1,0,0,5
267,0.702,4,0,0,2.808
267,1.01,4,0,0,4.04
267,0.75,3,0,0,2.25
267,0.97,1,0,0,0.97
267,0.825,4,0,0,3.3
267,0.71,4,0,0,2.84
267,1,4,0,0,4
267,0.665,1,0,0,0.665
267,0.66,1,0,0,0.66
267,0.65,4,0,0,2.6
267,0.837,4,0,0,3.348
267,0.635,2,0,0,1.27
267,0.647,2,0,0,1.294
267,0.98,4,0,0,3.92
267,0.7,4,0,0,2.8
267,0.61,4,0,0,2.44
267,0.975,4,0,0,3.9
267,0.64,1,0,0,0.64
267,0.965,4,0,0,3.86
267,0.605,3,0,0,1.815
268,6,167,0,0,1002
268,5,25,0,0,125
268,4,1,0,0,4
269,6,35,0,0,210
269,5,4,0,0,20
269,4,1,0,0,4
270,6,63,0,0,378
270,4,1,0,0,4
271,6,75,0,0,450
271,4,1,0,0,4
272,6,221,0,0,1326
272,5,3,0,0,15
273,6,31,0,0,186
274,6,24,0,0,144
274,5,1,0,0,5
274,3.5,55,0,0,192.5
275,6,20,0,0,120
275,4,1,0,0,4
275,3.5,40,0,0,140
276,6,63,0,0,378
276,3,1,0,0,3
277,6,18,0,0,108
277,4,3,0,0,12
278,6,24,0,0,144
278,5,2,0,0,10
278,4,4,0,0,16
279,6,21,0,0,126
279,5,2,0,0,10
279,4,4,0,0,16
280,6,6,0,0,36
280,5,2,0,0,10
281,6,125,0,0,750
282,6,165,0,0,990
282,5,1,0,0,5
283,3.8,21,0,0,79.8
283,3,5,0,0,15
284,3.8,9,0,0,34.2
285,6,223,0,0,1338
285,5,8,0,0,40
286,6,52,0,0,312
286,5,2,0,0,10
287,6,13,0,0,78
288,6,283,0,0,1698
288,5,2,0,0,10
289,6,31,0,0,186
289,5,4,0,0,20
289,3,1,0,0,3
290,6,15,0,0,90
290,5,2,0,0,10
291,6,23,0,0,138
291,4,1,0,0,4
292,6,157,0,0,942
293,6,709,0,0,4254
293,5,2,0,0,10
294,0,0,0,0,0
295,0,0,0,0,0
297,6,89,0,0,534
297,4,6,0,0,24
298,6,45,0,0,270
298,5,1,0,0,5
299,6,231,0,0,1386
299,4,2,0,0,8
300,6,325,0,0,1950
300,5,1,0,0,5
301,6,220,0,0,1320
301,4,2,0,0,8
302,6,50,0,0,300
302,4,1,0,0,4
303,6,45,0,0,270
303,3,3,0,0,9
304,6,24,0,0,144
304,3,5,0,0,15
305,6,23,0,0,138
305,3,1,0,0,3
306,6,193,0,0,1158
306,5,1,0,0,5
307,6,40,0,0,240
308,6,2,0,0,12
309,6,15,0,0,90
309,4,3,0,0,12
310,6,1,0,0,6
310,5,1,0,0,5
311,6,5,0,0,30
312,6,3,0,0,18
312,5,1,0,0,5
313,6,3,0,0,18
313,4,1,0,0,4
314,6,3,0,0,18
314,4,1,0,0,4
315,0,0,0,0,0
316,0,0,0,0,0
317,6,38,0,0,228
318,6,809,0,0,4854
319,6,215,0,0,1290
320,6,234,0,0,1404
320,5,2,0,0,10
320,4,2,0,0,8
321,6,74,0,0,444
321,5,4,0,0,20
322,6,12,0,0,72
322,5,2,0,0,10
322,4,1,0,0,4
323,6,283,0,0,1698
324,6,235,0,0,1410
324,5,19,0,0,95
325,6,675,0,0,4050
325,4,4,0,0,16
326,6,456,0,0,2736
326,5,5,0,0,25
326,4,1,0,0,4
327,6,197,0,0,1182
327,5,4,0,0,20
328,6,438,0,0,2628
328,5,5,0,0,25
328,4,3,0,0,12
328,3,5,0,0,15
329,6,459,0,0,2754
330,6,68,0,0,408
330,5,7,0,0,35
331,6,46,0,0,276
331,5,1,0,0,5
331,4,1,0,0,4
332,6,20,0,0,120
333,0,0,0,0,0
334,6,74,0,0,444
335,6,35,0,0,210
336,6,179,0,0,1074
337,6,25,0,0,150
337,5,1,0,0,5
338,6,66,0,0,396
339,6,336,0,0,2016
340,6,290,0,0,1740
341,6,37,0,0,222
342,6,244,0,0,1464
342,5,1,0,0,5
343,6,82,0,0,492
343,5,1,0,0,5
343,4,2,0,0,8
344,6,200,0,0,1200
345,6,346,0,0,2076
346,0,0,0,0,0
347,0,0,0,0,0
348,6,10,0,0,60
348,1.886,2,0,0,3.772
348,1.194,6,0,0,7.164
349,6,27,0,0,162
349,4,1,0,0,4
350,6,30,0,0,180
351,6,1,0,0,6
351,5,2,0,0,10
351,4,1,0,0,4
352,6,1,0,0,6
352,5,2,0,0,10
353,6,6,0,0,36
353,5,1,0,0,5
354,6,3,0,0,18
354,5,1,0,0,5
354,4,1,0,0,4
355,6,4,0,0,24
355,3,1,0,0,3
356,6,6,0,0,36
356,5,5,0,0,25
357,6,8,0,0,48
357,5,1,0,0,5
357,3,1,0,0,3
358,6,6,0,0,36
358,5,2,0,0,10
359,6,1,0,0,6
359,4,2,0,0,8
360,0,0,0,0,0
361,6,10,0,0,60
361,5,5,0,0,
362,5,290,0,0,1450
362,4,17,0,0,68
363,6,34,0,0,204
363,3,3,0,0,9
363,4,1,0,0,4
363,5,1,0,0,5
364,6,344,0,0,2064
365,5,1,0,0,5
365,3,2,0,0,6
366,6,2,0,0,12
366,5,2,0,0,10
366,4,2,0,0,8
366,3,2,0,0,6
367,6,7,0,0,42
367,5,4,0,0,20
368,6,154,0,0,924
368,5,8,0,0,40
368,4,1,0,0,4
368,3,1,0,0,3
369,5,1,0,0,5
369,3,2,0,0,6
370,6,144,0,0,864
370,5,11,0,0,55
370,4,7,0,0,28
371,6,52,0,0,312
371,4,1,0,0,4
372,6,58,0,0,348
373,6,27,0,0,162
374,6,247,0,0,1482
374,5,1,0,0,5
375,6,245,0,0,1470
375,5,8,0,0,40
375,4,10,0,0,40
376,6,9,0,0,54
376,5,3,0,0,15
376,3,3,0,0,9
377,6,9,0,0,54
377,5,3,0,0,15
378,6,100,0,0,600
378,6,62,0,0,372
379,6,5,0,0,30
379,5,2,0,0,10
380,6,8,0,0,48
381,6,3,0,0,18
381,5,1,0,0,5
381,4,1,0,0,4
382,6,2,0,0,12
382,4,1,0,0,4
383,6,72,0,0,432
383,6,9,0,0,54
383,5,49,0,0,245
384,6,168,0,0,1008
384,6,60,0,0,360
385,6,24,0,0,144
385,6,42,0,0,252
385,4,1,0,0,4
386,6,9,0,0,54
386,4,6,0,0,24
387,6,4,0,0,24
388,6,572,0,0,3432
389,6,228,0,0,1368
390,6,239,0,0,1434
390,6,118,0,0,708
391,6,87,0,0,522
392,6,56,0,0,336
392,6,19,0,0,114
392,3,26,0,0,78
393,6,32,0,0,192
393,5,13,0,0,65
393,4,1,0,0,4
394,6,27,0,0,162
395,6,12,0,0,72
395,6,14,0,0,84
395,5,13,0,0,65
396,6,45,0,0,270
396,6,19,0,0,114
396,5,18,0,0,90
397,6,22,0,0,132
397,6,18,0,0,108
397,5,12,0,0,60
398,6,20,0,0,120
398,5,8,0,0,40
399,6,30,0,0,180
399,5,4,0,0,20
400,6,8,0,0,48
401,6,6,0,0,36
402,6,3,0,0,18
403,6,8,0,0,48
404,6,24,0,0,144
405,6,1,0,0,6
406,6,2,0,0,12
407,6,100,1,10,600
408,6,3,0,0,18
409,6,8,0,0,48
410,6,51,1,24,306
411,6,66,1,24,396
411,5,12,1,14,60
411,6,24,1,14,144
412,6,62,1,14,372
413,6,176,1,4,1056
413,6,70,1,14,420
413,6,48,1,25,288
414,6,139,1,25,834
414,6,20,1,21,120
415,6,40,1,21,240
416,4.65,6,1,10,27.9
416,3,2,1,10,6
417,6,37,1,10,222
418,6,49,1,10,294
419,6,238,1,22,1428
419,6,279,1,10,1674
420,6,55,1,22,330
420,6,30,1,25,180
420,6,100,1,7,600
421,6,41,1,25,246
422,6,51,1,26,306
423,6,61,1,26,366
424,6,163,0,0,978
425,6,92,1,7,552
426,6,387,1,7,2322
426,6,151,1,10,906
427,6,66,1,10,396
427,6,52,1,25,312
428,6,266,1,16,1596
428,6,178,1,8,1068
429,6,64,1,9,384
429,6,23,1,14,138
429,6,23,1,8,138
430,6,77,1,14,462
431,6,194,1,4,1164
432,6,19,1,22,114
432,0,0,0,0,0
433,6,19,1,22,114
433,6,23,1,4,138
434,6,77,1,22,462
434,6,48,1,25,288
435,6,56,1,21,336
436,6,137,1,25,822
436,6,125,1,19,750
437,0,0,0,0,0
438,6,45,1,26,270
438,6,27,1,17,162
439,6,62,1,26,372
439,5,2,1,26,10
439,6,140,1,23,840
440,6,126,1,23,756
441,6,126,1,23,756
442,6,118,1,13,708
442,4,30,1,13,120
443,6,86,1,22,516
443,6,100,1,17,600
444,0,0,0,0,0
445,6,40,1,9,240
445,6,3,1,25,18
446,6,12,1,25,72
447,6,4,1,25,24
448,6,65,1,6,390
449,6,70,1,6,420
449,6,48,1,25,288
450,6,27,1,6,162
450,6,5,1,25,30
451,6,6,1,25,36
452,6,60,1,25,360
452,6,128,1,14,768
453,6,35,1,17,210
453,4,5,1,17,20
453,5,8,1,17,40
454,6,31,1,26,186
454,6,32,1,17,192
455,6,66,1,26,396
456,6,293,1,26,1758
456,6,155,1,26,930
457,6,166,1,23,996
457,6,48,1,22,288
458,4.65,156,1,22,725.4
458,4.65,52,1,22,241.8
459,6,84,1,9,504
460,6,6,1,13,36
461,6,106,1,13,636
462,6,27,1,13,162
462,6,24,1,14,144
463,6,70,1,17,420
463,6,52,1,14,312
463,4,19,1,14,76
463,5,2,1,14,10
464,6,48,1,14,288
465,6,29,1,17,174
466,6,42,1,17,252
466,6,45,1,22,270
467,6.2,10,1,10,62
467,6.2,28,1,25,173.6
468,6,92,1,10,552
469,6,51,1,8,306
470,6,2,1,8,12
471,6,4,1,8,24
472,6,9,1,10,54
473,6,8,1,8,48
474,6,6,1,8,36
475,6,6,1,8,36
476,6,7,1,10,42
477,6,1,1,8,6
478,6,1,1,8,6
479,6,53,1,8,318
480,6,164,1,9,984
481,6,31,1,9,186
482,6,8,1,9,48
483,6,150,1,16,900
484,6,57,1,13,342
484,6,27,1,16,162
485,6,391,1,16,2346
486,6,71,1,3,426
487,4,40,1,25,160
487,4,20,1,3,80
488,6,2,1,22,12
489,6,86,1,22,516
489,6,24,1,22,144
490,6,57,1,25,342
490,5,1,1,25,5
491,6,154,1,10,924
492,6,56,1,10,336
492,4,5,1,10,20
493,6,156,1,17,936
494,4,65,1,17,260
494,4,22,1,15,88
495,6,334,1,15,2004
496,6,246,1,15,1476
496,6,167,1,26,1002
497,6,30,1,8,180
497,6,12,1,8,72
498,6,107,1,26,642
499,6,297,1,16,1782
500,6,38,1,16,228
501,6,36,1,25,216
502,6,17,1,25,102
503,6,220,1,9,1320
503,6,70,1,25,420
504,4,106,1,3,424
504,4,16,1,9,64
505,6,65,1,8,390
505,6,132,1,10,792
506,6,4,1,25,24
506,5,4,1,25,20
507,6,177,1,24,1062
507,6,176,1,8,1056
508,6,27,1,24,162
509,6.2,7,1,26,43.4
509,4.65,3,1,26,13.95
510,6,70,1,24,420
511,6,467,1,26,2802
511,6,127,1,24,762
512,6,23,1,14,138
512,6,116,1,4,696
512,6,45,1,26,270
513,6,240,1,14,1440
513,5,47,1,14,235
514,4,68,1,22,272
515,4,43,1,22,172
516,4,18,1,5,72
517,6.2,26,1,10,161.2
518,4.65,13,1,5,60.45
519,4.65,15,1,5,69.75
520,6,88,1,8,528
521,6,27,1,25,162
521,6,44,1,8,264
522,6,48,1,25,288
523,3.5,52,1,15,182
523,3.5,18,1,18,63
524,3.5,30,1,18,105
524,3.5,20,1,22,70
525,4.65,37,1,8,172.05
526,6,45,1,5,270
526,5,3,1,5,15
526,5,14,1,26,70
526,6,2,1,26,12
527,6,45,1,26,270
527,5,4,1,26,20
527,4,1,1,26,4
528,6,16,1,2,96
528,5,4,1,25,20
529,6,13,1,2,78
529,5,5,1,25,25
530,6,49,1,25,294
530,5,16,1,25,80
531,6,52,1,2,312
532,6,28,1,4,168
533,6,58,1,5,348
534,6,38,1,4,228
535,6,18,1,15,108
536,6,36,1,15,216
537,6,27,1,15,162
537,6,20,1,18,120
538,4,0,0,0,0
539,6,113,1,18,678
540,6,29,1,8,174
541,5,37,1,8,185
542,6,31,1,25,186
543,6,586,1,25,3516
543,5,140,1,25,700
544,6,21,1,2,126
545,6,39,1,2,234
546,6,88,1,2,528
546,6,25,1,14,150
546,5,36,1,14,180
547,3.5,23,1,14,80.5
548,6,41,1,3,246
549,6,100,1,26,600
549,6,64,1,4,384
549,6,60,1,3,360
550,6,132,1,14,792
550,6,157,1,4,942
551,4,41,1,19,164
551,4,16,1,14,64
552,6,76,1,0,456
553,6,12,1,8,72
554,6,88,1,3,528
554,6,44,1,8,264
555,0,0,0,0,0
556,6,18,1,3,108
556,6,28,1,2,168
557,6,122,1,2,732
558,6,224,1,25,1344
558,6,75,1,25,450
559,6,130,1,24,780
560,6,17,1,24,102
560,6,26,1,19,156
561,6,18,1,7,108
561,6,24,1,19,144
562,6,71,1,7,426
563,6.2,17,1,10,105.4
564,4.65,35,1,26,162.75
564,4,7,1,25,28
565,4.65,15,1,2,69.75
566,6,33,1,0,198
567,6,187,1,0,1122
567,6,143,1,0,858
568,6,99,1,18,594
568,6,100,1,24,600
568,6,19,1,15,114
569,0,0,0,0,0
570,6,252,1,2,1512
570,6,129,1,19,774
571,6,53,1,19,318
571,6,11,1,3,66
572,6,115,1,,690
572,6,14,1,13,84
573,6,47,1,13,282
573,5,7,1,13,35
573,6,19,1,26,114
574,6,39,1,26,234
574,5,1,1,26,5
575,6,121,1,5,726
575,6,121,1,18,726
575,6,9,1,16,54
576,6,45,1,24,270
576,5,1,1,24,5
576,4,1,1,24,4
577,6,58,1,3,348
578,6,176,1,3,1056
579,6,7,1,12,42
579,5,2,1,12,10
579,3,1,1,12,3
579,2,2,1,12,4
580,6,3,1,3,18
581,4.65,36,1,18,167.4
581,4.65,33,1,5,153.45
581,4,4,1,5,16
582,6,164,1,15,984
583,6,458,1,4,2748
583,5,49,1,4,245
584,3.5,19,1,7,66.5
585,6,40,1,13,240
585,5,1,1,13,5
586,6,42,1,13,252
586,5,8,1,13,40
587,6,64,1,13,384
588,6,44,1,13,264
588,6,204,1,26,1224
588,6,60,1,18,360
588,4,9,1,18,36
588,5,10,1,18,50
589,6,420,1,18,2520
589,6,194,1,15,1164
590,6,228,1,15,1368
591,6,25,1,15,150
,,,,,0
,,,,,0
,,,,,0
,,,,,0
,,,,,0
,,,,,0
,,,,,0
,,,,,0
,,,,,0
,,,,,0
,,,,,0
,,,,,0
