nro,es_prueba,pos_sierra_corte,long_mesa,temp_entrada_tocho__c,temp_salida_perfil__c,sugiere_correccion_matriz,extrusion_detenida,comentarios
1,0,0,NULL,NULL,NULL,0,0,NULL
2,0,0,NULL,NULL,NULL,0,0,NULL
3,0,0,NULL,NULL,NULL,0,0,NULL
4,0,0,NULL,NULL,NULL,0,0,NULL
5,0,0,NULL,NULL,NULL,0,0,NULL
6,0,0,NULL,NULL,NULL,0,0,NULL
7,0,0,NULL,NULL,NULL,0,0,NULL
8,0,0,NULL,NULL,NULL,0,0,NULL
9,0,0,NULL,NULL,NULL,0,0,NULL
10,0,0,NULL,NULL,NULL,0,0,NULL
11,0,0,NULL,NULL,NULL,0,0,NULL
12,0,0,NULL,NULL,NULL,0,0,NULL
13,0,0,NULL,NULL,NULL,0,0,NULL
14,0,0,NULL,NULL,NULL,0,0,NULL
15,0,0,NULL,NULL,NULL,0,0,NULL
16,0,0,NULL,NULL,NULL,0,0,NULL
17,0,0,NULL,NULL,NULL,0,0,NULL
18,0,0,NULL,NULL,NULL,0,0,NULL
19,0,0,NULL,NULL,NULL,0,0,NULL
20,0,0,NULL,NULL,NULL,0,0,NULL
21,0,0,NULL,NULL,NULL,0,0,NULL
22,0,0,NULL,NULL,NULL,0,0,NULL
23,0,0,NULL,NULL,NULL,0,0,NULL
24,0,0,NULL,NULL,NULL,0,0,NULL
25,0,0,NULL,NULL,NULL,0,0,NULL
26,0,0,NULL,NULL,NULL,0,0,NULL
27,0,0,NULL,NULL,NULL,0,0,NULL
28,0,0,NULL,NULL,NULL,0,0,NULL
29,0,0,NULL,NULL,NULL,0,0,NULL
30,0,0,NULL,NULL,NULL,0,0,NULL
31,0,0,33.3,NULL,NULL,0,0,NULL
32,0,0,NULL,NULL,NULL,0,0,(dato anonimizado)
33,0,0,22.2,NULL,NULL,0,0,(dato anonimizado)
34,0,0,33.2,NULL,NULL,0,0,NULL
35,0,0,NULL,NULL,NULL,0,0,NULL
36,0,0,31.8,NULL,NULL,0,0,NULL
37,0,0,34,NULL,NULL,0,0,NULL
38,0,0,33,NULL,NULL,0,0,NULL
39,0,0,32.5,NULL,NULL,0,0,NULL
40,0,0,27.5,NULL,NULL,0,0,NULL
41,0,0,33.3,NULL,NULL,0,0,NULL
42,0,0,40,NULL,NULL,0,0,NULL
43,0,0,31.8,NULL,NULL,0,0,NULL
44,0,0,26.6,NULL,NULL,0,0,NULL
45,0,0,21,NULL,NULL,0,0,NULL
46,0,0,28.9,NULL,NULL,0,0,NULL
47,0,0,32.3,NULL,NULL,0,0,NULL
48,0,0,32.7,NULL,NULL,0,0,NULL
49,0,0,20.5,NULL,NULL,0,0,NULL
50,0,0,33.7,NULL,NULL,0,0,NULL
51,0,0,27.7,NULL,NULL,0,0,NULL
52,0,0,33.8,NULL,NULL,0,0,(dato anonimizado)
53,0,0,33.9,NULL,NULL,0,0,(dato anonimizado)
54,0,0,21.7,NULL,NULL,0,0,NULL
55,0,0,33.9,NULL,NULL,0,0,(dato anonimizado)
56,0,0,27.7,NULL,NULL,0,0,NULL
57,0,0,32.8,NULL,NULL,0,0,(dato anonimizado)
58,0,0,32.8,NULL,NULL,0,0,NULL
59,0,0,31.8,NULL,NULL,0,0,(dato anonimizado)
60,0,0,20.4,NULL,NULL,0,0,NULL
61,0,0,33.4,NULL,NULL,0,0,NULL
62,0,0,33,NULL,NULL,0,0,NULL
63,1,0,38.8,NULL,NULL,0,0,(dato anonimizado)
64,1,0,37,NULL,NULL,0,0,(dato anonimizado)
65,1,0,36,NULL,NULL,0,0,(dato anonimizado)
66,1,0,35.12,NULL,NULL,0,0,(dato anonimizado)
67,1,0,26,NULL,NULL,0,0,(dato anonimizado)
68,1,0,21.1,NULL,NULL,0,0,(dato anonimizado)
69,1,0,36.7,NULL,NULL,0,0,(dato anonimizado)
70,1,0,28,NULL,NULL,0,0,(dato anonimizado)
71,1,0,31.7,NULL,NULL,0,1,(dato anonimizado)
72,1,0,20.8,NULL,NULL,0,0,(dato anonimizado)
73,1,0,31.4,NULL,NULL,0,0,(dato anonimizado)
74,1,0,32,NULL,NULL,0,0,(dato anonimizado)
75,1,0,NULL,NULL,NULL,0,0,(dato anonimizado)
76,1,0,31.7,NULL,NULL,0,0,(dato anonimizado)
77,1,0,25.8,NULL,NULL,0,0,(dato anonimizado)
78,0,0,33.5,NULL,NULL,0,0,NULL
79,0,0,27.9,NULL,NULL,0,0,NULL
80,0,0,18.3,NULL,NULL,0,0,NULL
81,1,0,34.1,NULL,NULL,0,0,(dato anonimizado)
82,1,0,33.9,NULL,NULL,0,0,(dato anonimizado)
83,0,0,31.8,NULL,NULL,0,0,(dato anonimizado)
84,0,0,32.3,NULL,NULL,0,0,(dato anonimizado)
85,0,0,20,NULL,NULL,0,0,NULL
86,0,0,32.3,NULL,NULL,0,0,NULL
87,0,0,32.3,NULL,NULL,0,0,(dato anonimizado)
88,0,0,31.8,NULL,NULL,0,0,(dato anonimizado)
89,0,0,31.5,NULL,NULL,0,0,(dato anonimizado)
90,0,0,34.5,NULL,NULL,0,0,(dato anonimizado)
91,0,0,27.7,NULL,NULL,0,0,NULL
92,0,0,32,NULL,NULL,0,0,NULL
93,0,0,32,NULL,NULL,0,0,NULL
94,0,0,19.3,NULL,NULL,0,0,NULL
95,0,0,32.5,NULL,NULL,0,1,(dato anonimizado)
96,0,0,32.3,NULL,NULL,0,0,NULL
97,0,0,36.6,NULL,NULL,0,0,NULL
98,0,0,20,NULL,NULL,0,0,NULL
99,0,0,25.8,NULL,NULL,0,0,NULL
100,0,0,31.2,NULL,NULL,0,0,(dato anonimizado)
101,0,0,19.9,NULL,NULL,0,0,NULL
102,0,0,14.5,NULL,NULL,0,0,(dato anonimizado)
103,0,0,14.5,NULL,NULL,0,0,(dato anonimizado)
104,0,0,20.1,NULL,NULL,0,0,NULL
105,0,0,31.6,NULL,NULL,0,1,(dato anonimizado)
106,0,0,25.8,NULL,NULL,0,0,NULL
107,0,0,20.1,NULL,NULL,0,0,NULL
108,0,0,26.3,NULL,NULL,0,0,NULL
109,0,0,32.8,NULL,NULL,0,0,(dato anonimizado)
110,0,0,20,NULL,NULL,0,0,NULL
111,0,0,32.6,NULL,NULL,0,0,NULL
112,0,0,31.3,NULL,NULL,0,0,(dato anonimizado)
113,0,0,14.3,NULL,NULL,0,0,NULL
114,0,0,21.1,NULL,NULL,0,0,NULL
115,1,0,31.7,NULL,NULL,0,0,NULL
116,1,0,32.9,NULL,NULL,0,0,NULL
117,1,0,31.5,NULL,NULL,0,1,(dato anonimizado)
118,1,0,31.9,NULL,NULL,0,0,(dato anonimizado)
119,1,0,34.3,NULL,NULL,0,0,NULL
120,1,0,27.2,NULL,NULL,0,0,NULL
121,1,0,34.6,NULL,NULL,0,1,(dato anonimizado)
122,1,0,25.3,NULL,NULL,0,1,(dato anonimizado)
123,1,0,29.4,NULL,NULL,0,0,(dato anonimizado)
124,1,0,7.8,NULL,NULL,0,0,(dato anonimizado)
125,0,0,32,NULL,NULL,0,0,(dato anonimizado)
126,0,0,25.2,NULL,NULL,0,0,(dato anonimizado)
127,0,0,37.3,NULL,NULL,0,0,(dato anonimizado)
128,1,0,30.6,NULL,NULL,0,0,(dato anonimizado)
129,1,0,25.9,NULL,NULL,0,0,(dato anonimizado)
130,1,0,25.4,NULL,NULL,0,0,(dato anonimizado)
131,1,0,33.2,NULL,NULL,0,0,NULL
132,1,0,8,NULL,NULL,0,0,(dato anonimizado)
133,1,0,26.6,NULL,NULL,0,0,NULL
134,1,0,NULL,NULL,NULL,0,0,(dato anonimizado)
135,0,0,32.1,NULL,NULL,0,0,NULL
136,0,0,33.3,NULL,NULL,0,0,(dato anonimizado)
137,1,0,28.3,NULL,NULL,0,0,(dato anonimizado)
138,1,0,32.8,NULL,NULL,0,0,(dato anonimizado)
139,1,0,14,NULL,NULL,0,0,NULL
140,1,0,8.2,NULL,NULL,0,0,NULL
141,0,0,33.3,NULL,NULL,0,0,NULL
142,0,0,39.3,NULL,NULL,0,1,(dato anonimizado)
143,0,0,19.6,NULL,NULL,0,1,(dato anonimizado)
144,1,0,33.3,NULL,NULL,0,0,(dato anonimizado)
145,1,0,31.5,NULL,NULL,0,0,(dato anonimizado)
146,1,0,29.3,NULL,NULL,0,0,(dato anonimizado)
147,1,0,37.4,NULL,NULL,0,0,(dato anonimizado)
148,1,0,26.7,NULL,NULL,0,1,(dato anonimizado)
149,1,0,38.3,NULL,NULL,0,1,(dato anonimizado)
150,0,0,27.3,NULL,NULL,0,0,(dato anonimizado)
151,0,0,20.2,NULL,NULL,0,0,NULL
152,0,0,32.8,NULL,NULL,0,0,NULL
153,0,0,26.5,NULL,NULL,0,0,(dato anonimizado)
154,0,0,39,NULL,NULL,0,0,NULL
155,0,0,33,NULL,NULL,0,0,NULL
156,0,0,39.5,NULL,NULL,0,0,NULL
157,0,0,35.4,NULL,NULL,0,0,NULL
158,0,0,20.3,NULL,NULL,0,1,(dato anonimizado)
159,0,0,33.2,NULL,NULL,0,0,(dato anonimizado)
160,0,0,26,NULL,NULL,0,0,NULL
161,0,0,25,NULL,NULL,0,1,(dato anonimizado)
162,0,0,13.8,NULL,NULL,0,0,NULL
163,0,0,32.8,NULL,NULL,0,0,(dato anonimizado)
164,0,0,38.8,NULL,NULL,0,0,NULL
165,0,0,32.4,NULL,NULL,0,0,(dato anonimizado)
166,0,0,21.1,NULL,NULL,0,1,(dato anonimizado)
167,0,0,34,NULL,NULL,0,0,NULL
168,0,0,21.1,NULL,NULL,0,0,NULL
169,0,0,31.4,NULL,NULL,0,1,(dato anonimizado)
170,0,0,24.8,NULL,NULL,0,1,(dato anonimizado)
171,0,0,32.3,NULL,NULL,0,1,(dato anonimizado)
172,0,0,32.2,NULL,NULL,0,0,(dato anonimizado)
173,0,0,32.1,NULL,NULL,0,0,(dato anonimizado)
174,0,0,32.1,NULL,NULL,0,0,(dato anonimizado)
175,0,0,8.1,NULL,NULL,0,0,NULL
176,0,0,25.8,NULL,NULL,0,0,(dato anonimizado)
177,0,0,25.8,NULL,NULL,0,0,(dato anonimizado)
178,0,0,32.9,NULL,NULL,0,0,NULL
179,1,0,24,NULL,NULL,0,0,(dato anonimizado)
180,0,0,31.4,NULL,NULL,0,1,(dato anonimizado)
181,0,0,17.3,NULL,NULL,0,1,(dato anonimizado)
182,0,0,24.3,NULL,NULL,0,1,(dato anonimizado)
183,0,0,31.7,NULL,NULL,0,0,(dato anonimizado)
184,0,0,20.6,NULL,NULL,0,0,(dato anonimizado)
185,0,0,26.7,NULL,NULL,0,0,(dato anonimizado)
186,0,0,33.5,NULL,NULL,0,1,(dato anonimizado)
187,0,0,26.5,NULL,NULL,0,1,(dato anonimizado)
188,0,0,32.4,NULL,NULL,0,0,NULL
189,0,0,32.3,NULL,NULL,0,0,NULL
190,0,0,26.3,NULL,NULL,0,0,NULL
191,0,0,26.5,NULL,NULL,0,0,NULL
192,0,0,7.88,NULL,NULL,0,0,(dato anonimizado)
193,0,0,31.73,NULL,NULL,0,0,NULL
194,0,0,32.2,NULL,NULL,0,0,NULL
195,0,0,33.55,NULL,NULL,0,1,(dato anonimizado)
196,0,0,32.3,NULL,NULL,0,0,NULL
197,0,0,32.55,NULL,NULL,0,1,(dato anonimizado)
198,0,0,29.43,NULL,NULL,0,1,(dato anonimizado)
199,0,0,33.2,NULL,NULL,0,0,NULL
200,0,0,43,NULL,NULL,0,1,(dato anonimizado)
201,0,0,29.29,NULL,NULL,0,0,NULL
202,0,0,27.3,NULL,NULL,0,1,(dato anonimizado)
203,0,0,13.95,NULL,NULL,0,1,(dato anonimizado)
204,0,0,14.19,NULL,NULL,0,0,NULL
205,0,0,32.19,NULL,NULL,0,1,(dato anonimizado)
206,0,0,35.19,NULL,NULL,0,1,(dato anonimizado)
207,0,0,32.1,NULL,NULL,0,0,NULL
208,0,0,32.7,NULL,NULL,0,1,(dato anonimizado)
209,0,0,28.3,NULL,NULL,0,0,NULL
210,0,0,29.56,NULL,NULL,0,0,NULL
211,0,0,32.3,NULL,NULL,0,0,(dato anonimizado)
212,0,0,27.02,NULL,NULL,0,0,NULL
213,0,0,24.09,NULL,NULL,0,0,NULL
214,1,0,25.02,NULL,NULL,0,0,(dato anonimizado)
215,1,0,25.1,NULL,NULL,0,0,(dato anonimizado)
216,1,0,32.02,NULL,NULL,0,0,(dato anonimizado)
217,1,0,25.8,NULL,NULL,0,0,NULL
218,1,0,15,NULL,NULL,0,0,(dato anonimizado)
219,1,0,29.1,NULL,NULL,0,0,NULL
220,0,0,24.28,NULL,NULL,0,1,(dato anonimizado)
221,0,0,32.17,NULL,NULL,0,0,(dato anonimizado)
222,0,0,32.83,NULL,NULL,0,1,(dato anonimizado)
223,0,0,26.06,NULL,NULL,0,1,(dato anonimizado)
224,0,0,28.09,NULL,NULL,0,1,(dato anonimizado)
225,1,0,16.8,NULL,NULL,0,1,(dato anonimizado)
226,0,0,32.8,NULL,NULL,0,1,(dato anonimizado)
227,0,0,13.09,NULL,NULL,0,0,NULL
228,0,0,34.06,NULL,NULL,0,0,NULL
229,0,0,33.03,NULL,NULL,0,0,NULL
230,0,0,26.02,NULL,NULL,0,1,(dato anonimizado)
231,0,0,30.6,NULL,NULL,0,1,(dato anonimizado)
232,0,0,30.85,NULL,NULL,0,0,(dato anonimizado)
233,0,0,20.1,NULL,NULL,0,0,NULL
234,0,0,20.8,NULL,NULL,0,0,NULL
235,0,0,26.4,NULL,NULL,0,0,NULL
236,0,0,26.01,NULL,NULL,0,0,NULL
237,0,0,30.83,NULL,NULL,0,0,NULL
238,0,0,30.87,NULL,NULL,0,0,NULL
239,0,0,26.37,NULL,NULL,0,0,NULL
240,0,0,13.85,NULL,NULL,0,0,NULL
241,0,0,32.8,NULL,NULL,0,1,(dato anonimizado)
242,0,0,32.26,NULL,NULL,0,0,NULL
243,0,0,11.66,NULL,NULL,0,1,(dato anonimizado)
244,0,0,11.86,NULL,NULL,0,0,NULL
245,0,0,27.08,NULL,NULL,0,1,(dato anonimizado)
246,0,0,30.76,NULL,NULL,0,0,NULL
247,0,0,31.09,NULL,NULL,0,0,NULL
248,0,0,32.04,NULL,NULL,0,0,NULL
249,0,0,31.04,NULL,NULL,0,0,NULL
250,0,0,24.7,NULL,NULL,0,1,(dato anonimizado)
251,0,0,24.8,NULL,NULL,0,0,NULL
252,0,0,21.02,NULL,NULL,0,0,(dato anonimizado)
253,0,0,31.4,NULL,NULL,0,0,NULL
254,0,0,26.8,NULL,NULL,0,0,(dato anonimizado)
255,0,0,20.4,NULL,NULL,0,0,NULL
256,0,0,21.01,NULL,NULL,0,0,(dato anonimizado)
257,0,0,24.53,NULL,NULL,0,0,NULL
258,0,0,14.04,NULL,NULL,0,0,NULL
259,0,0,17.53,NULL,NULL,0,0,(dato anonimizado)
260,0,0,14.5,NULL,NULL,0,0,NULL
261,0,0,34.2,NULL,NULL,0,0,NULL
262,0,0,32.83,NULL,NULL,0,0,NULL
263,0,0,26.06,NULL,NULL,0,1,(dato anonimizado)
264,0,0,21.06,NULL,NULL,0,0,(dato anonimizado)
265,0,0,20.83,NULL,NULL,0,0,(dato anonimizado)
266,0,0,8.4,NULL,NULL,0,1,(dato anonimizado)
267,0,0,7.8,NULL,NULL,0,0,NULL
268,0,0,32.48,NULL,NULL,0,0,(dato anonimizado)
269,0,0,32.8,NULL,NULL,0,1,(dato anonimizado)
270,0,0,32.82,NULL,NULL,0,0,NULL
271,0,0,32.85,NULL,NULL,0,0,NULL
272,0,0,33.56,NULL,NULL,0,0,NULL
273,0,0,33.56,NULL,NULL,0,1,(dato anonimizado)
274,0,0,20.11,NULL,NULL,0,0,NULL
275,0,0,14.52,NULL,NULL,0,0,NULL
276,0,0,33.9,NULL,NULL,0,1,(dato anonimizado)
277,1,0,27.01,NULL,NULL,0,0,(dato anonimizado)
278,1,0,27.9,NULL,NULL,0,0,(dato anonimizado)
279,1,0,26.02,NULL,NULL,0,0,(dato anonimizado)
280,1,0,27.01,NULL,NULL,0,0,(dato anonimizado)
281,0,0,33.7,NULL,NULL,0,0,NULL
282,0,0,33.8,NULL,NULL,0,0,NULL
283,0,0,73.6,NULL,NULL,0,0,NULL
284,0,0,15.6,NULL,NULL,0,0,(dato anonimizado)
285,0,0,32.05,NULL,NULL,0,0,NULL
286,0,0,20.85,NULL,NULL,0,0,NULL
287,0,0,20.01,NULL,NULL,0,0,(dato anonimizado)
288,0,0,33.8,NULL,NULL,0,0,NULL
289,0,0,25.08,NULL,NULL,0,0,(dato anonimizado)
290,0,0,20.05,NULL,NULL,0,0,(dato anonimizado)
291,0,0,26.92,NULL,NULL,0,0,NULL
292,0,0,33.5,NULL,NULL,0,0,NULL
293,0,0,33.8,NULL,NULL,0,0,NULL
294,0,0,26.3,NULL,NULL,0,0,(dato anonimizado)
295,0,0,17.01,NULL,NULL,0,0,(dato anonimizado)
296,0,0,NULL,NULL,NULL,0,0,NULL
297,0,0,26.98,NULL,NULL,0,0,NULL
298,0,0,20.55,NULL,NULL,0,0,NULL
299,0,0,27.65,NULL,NULL,0,0,NULL
300,0,0,27.4,NULL,NULL,0,0,NULL
301,0,0,33.9,NULL,NULL,0,0,NULL
302,0,0,33.94,NULL,NULL,0,0,NULL
303,0,0,27.4,NULL,NULL,0,0,NULL
304,0,0,29.48,NULL,NULL,0,0,NULL
305,0,0,26.84,NULL,NULL,0,0,NULL
306,0,0,27.24,NULL,NULL,0,0,NULL
307,0,0,39.8,NULL,NULL,0,0,NULL
308,1,0,9.23,NULL,NULL,0,0,(dato anonimizado)
309,1,0,21.37,NULL,NULL,0,0,(dato anonimizado)
310,1,0,17.5,NULL,NULL,0,0,(dato anonimizado)
311,1,0,16.85,NULL,NULL,0,0,(dato anonimizado)
312,1,0,20.3,NULL,NULL,0,0,(dato anonimizado)
313,1,0,14.81,NULL,NULL,0,0,(dato anonimizado)
314,1,0,14.72,NULL,NULL,0,0,(dato anonimizado)
315,1,0,21.42,NULL,NULL,0,1,(dato anonimizado)
316,1,0,14.71,NULL,NULL,0,1,(dato anonimizado)
317,0,0,14.89,NULL,NULL,0,0,NULL
318,0,0,32.8,NULL,NULL,0,0,NULL
319,0,0,33.02,NULL,NULL,0,0,NULL
320,0,0,28.39,NULL,NULL,0,0,NULL
321,0,0,26.04,NULL,NULL,0,0,NULL
322,0,0,20.25,NULL,NULL,0,1,(dato anonimizado)
323,0,0,33.7,NULL,NULL,0,0,NULL
324,0,0,31.62,NULL,NULL,0,0,NULL
325,0,0,27.1,NULL,NULL,0,0,NULL
326,0,0,26.1,NULL,NULL,0,0,NULL
327,0,0,27.1,NULL,NULL,0,0,NULL
328,0,0,27.8,NULL,NULL,0,0,NULL
329,0,0,27.3,NULL,NULL,0,0,NULL
330,0,0,35.04,NULL,NULL,0,0,(dato anonimizado)
331,0,0,26.42,NULL,NULL,0,0,(dato anonimizado)
332,0,0,26.41,NULL,NULL,0,1,(dato anonimizado)
333,0,0,NULL,NULL,NULL,0,1,(dato anonimizado)
334,0,0,17.21,NULL,NULL,0,0,NULL
335,0,0,14.8,NULL,NULL,0,0,NULL
336,0,0,41.74,NULL,NULL,0,0,NULL
337,0,0,21.1,NULL,NULL,0,0,NULL
338,0,0,32.99,NULL,NULL,0,0,NULL
339,0,0,33.44,NULL,NULL,0,0,NULL
340,0,0,33,NULL,NULL,0,0,NULL
341,0,0,28.03,NULL,NULL,0,1,(dato anonimizado)
342,0,0,34.3,NULL,NULL,0,0,NULL
343,0,0,28.51,NULL,NULL,0,0,NULL
344,0,0,33.71,NULL,NULL,0,0,(dato anonimizado)
345,0,0,33.71,NULL,NULL,0,0,(dato anonimizado)
346,0,0,21.22,NULL,NULL,0,1,(dato anonimizado)
347,0,0,33.04,NULL,NULL,0,1,(dato anonimizado)
348,0,0,7.72,NULL,NULL,0,1,(dato anonimizado)
349,0,0,12.87,NULL,NULL,0,0,NULL
350,0,0,27.13,NULL,NULL,0,0,NULL
351,1,0,15.06,NULL,NULL,0,0,(dato anonimizado)
352,1,0,15.02,NULL,NULL,0,0,(dato anonimizado)
353,1,0,27.07,NULL,NULL,0,0,(dato anonimizado)
354,1,0,22.03,NULL,NULL,0,0,(dato anonimizado)
355,1,0,22.83,NULL,NULL,0,0,(dato anonimizado)
356,1,0,13.05,NULL,NULL,0,0,(dato anonimizado)
357,1,0,17.06,NULL,NULL,0,0,(dato anonimizado)
358,1,0,33.9,NULL,NULL,0,0,(dato anonimizado)
359,1,0,13.01,NULL,NULL,0,0,(dato anonimizado)
360,1,0,11.08,NULL,NULL,0,1,(dato anonimizado)
361,1,0,21.7,NULL,NULL,0,1,(dato anonimizado)
362,0,0,28.07,NULL,NULL,0,0,NULL
363,0,0,28.03,NULL,NULL,0,1,(dato anonimizado)
364,0,0,27.8,NULL,NULL,0,0,NULL
365,1,0,11.03,NULL,NULL,0,0,(dato anonimizado)
366,0,0,13.41,NULL,NULL,0,0,NULL
367,1,0,21.07,NULL,NULL,0,0,(dato anonimizado)
368,0,0,27.56,NULL,NULL,0,0,(dato anonimizado)
369,1,0,83,NULL,NULL,0,0,(dato anonimizado)
370,0,0,20.81,NULL,NULL,0,0,NULL
371,0,0,27.03,NULL,NULL,0,0,NULL
372,0,0,20.2,NULL,NULL,0,0,(dato anonimizado)
373,0,0,32.42,NULL,NULL,0,0,(dato anonimizado)
374,0,0,33.2,NULL,NULL,0,0,NULL
375,0,0,33.8,NULL,NULL,0,0,(dato anonimizado)
376,1,0,25.02,NULL,NULL,0,1,(dato anonimizado)
377,1,0,27.08,NULL,NULL,0,1,(dato anonimizado)
378,0,0,33.1,NULL,NULL,0,0,NULL
379,1,0,21.02,NULL,NULL,0,0,(dato anonimizado)
380,1,0,15.44,NULL,NULL,0,0,(dato anonimizado)
381,1,0,12.8,NULL,NULL,0,0,(dato anonimizado)
382,1,0,NULL,NULL,NULL,0,0,(dato anonimizado)
383,0,0,25.08,NULL,NULL,0,0,NULL
384,0,0,33.58,NULL,NULL,0,0,NULL
385,0,0,14.29,NULL,NULL,0,0,NULL
386,1,0,13.07,NULL,NULL,0,0,(dato anonimizado)
387,1,0,21.03,NULL,NULL,0,0,(dato anonimizado)
388,0,0,22.69,NULL,NULL,0,0,NULL
389,0,0,22.69,NULL,NULL,0,0,NULL
390,0,0,33.05,NULL,NULL,0,0,NULL
391,0,0,27.3,NULL,NULL,0,0,NULL
392,0,0,23.68,NULL,NULL,0,0,NULL
393,0,0,19.2,NULL,NULL,0,0,NULL
394,0,0,19.8,NULL,NULL,0,0,NULL
395,0,0,24.8,NULL,NULL,0,0,NULL
396,0,0,17.8,NULL,NULL,0,0,NULL
397,0,0,18.73,NULL,NULL,0,0,NULL
398,1,0,20.09,NULL,NULL,0,0,(dato anonimizado)
399,1,0,19.09,NULL,NULL,0,0,(dato anonimizado)
400,1,0,27.08,NULL,NULL,0,0,(dato anonimizado)
401,1,0,27.8,NULL,NULL,0,0,(dato anonimizado)
402,1,0,13.7,NULL,NULL,0,0,(dato anonimizado)
403,1,0,17.01,NULL,NULL,0,0,(dato anonimizado)
404,1,0,25.06,NULL,NULL,0,0,(dato anonimizado)
405,1,0,13.2,NULL,NULL,0,0,NULL
406,1,0,19.03,NULL,NULL,0,0,(dato anonimizado)
407,0,0,21.93,NULL,NULL,0,0,NULL
408,1,0,18.57,NULL,NULL,0,0,NULL
409,1,0,20.47,NULL,NULL,0,0,NULL
410,0,0,21.8,NULL,NULL,0,1,(dato anonimizado)
411,0,0,24.8,NULL,NULL,0,0,NULL
412,0,0,25.07,NULL,NULL,0,1,(dato anonimizado)
413,0,0,26.08,NULL,NULL,0,0,(dato anonimizado)
414,0,0,26.08,NULL,NULL,0,0,NULL
415,0,0,13.8,NULL,NULL,0,0,NULL
416,0,0,5.9,NULL,NULL,0,0,NULL
417,0,0,14.25,NULL,NULL,0,0,NULL
418,0,0,26.5,NULL,NULL,0,0,NULL
419,0,0,20.31,NULL,NULL,0,0,NULL
420,0,0,33.65,NULL,NULL,0,0,NULL
421,0,0,26.82,NULL,NULL,0,0,NULL
422,0,0,32.9,NULL,NULL,0,0,NULL
423,0,0,26.3,456,489,0,1,(dato anonimizado)
424,0,0,31.8,444,486,0,0,NULL
425,0,0,35.01,451,493,0,0,NULL
426,0,0,27.46,488,499,0,0,NULL
427,0,0,20.68,448,493,0,0,NULL
428,0,0,29.81,451,499,0,0,NULL
429,0,0,14.56,448,489,0,0,NULL
430,0,0,26.91,456,516,0,0,NULL
431,0,0,43.1,460,510,0,0,(dato anonimizado)
432,0,0,32.8,456,498,0,1,(dato anonimizado)
433,0,0,14.06,457,455,0,0,NULL
434,0,0,31.68,448,490,0,0,NULL
435,0,0,14.44,452,455,0,0,NULL
436,0,0,32.95,450,453,0,0,NULL
437,0,0,10.2,453,480,0,0,NULL
438,0,0,14.52,449,516,0,0,NULL
439,0,0,33.02,453,499,0,0,NULL
440,0,0,26.47,448,506,0,1,(dato anonimizado)
441,0,0,26.47,455,510,0,0,NULL
442,0,0,32.06,458,519,0,0,NULL
443,0,0,32.47,453,510,0,0,NULL
444,0,0,26.23,445,490,0,1,(dato anonimizado)
445,0,0,13.47,452,510,0,0,NULL
446,0,0,8.36,450,516,0,0,NULL
447,0,0,8.3,456,516,0,1,(dato anonimizado)
448,0,0,32.7,450,498,0,0,NULL
449,0,0,26.46,455,505,0,0,NULL
450,0,0,21.07,446,490,0,1,(dato anonimizado)
451,0,0,20.17,450,460,0,0,NULL
452,0,0,27.85,420,433,0,0,NULL
453,0,0,21.45,440,491,0,0,NULL
454,0,0,26.46,450,502,0,0,NULL
455,0,0,26.87,452,507,0,0,NULL
456,0,0,26.53,440,516,0,0,NULL
457,0,0,27.47,435,490,0,0,NULL
458,0,0,26.54,451,499,0,0,NULL
459,0,0,26.57,449,508,0,0,NULL
460,0,0,27.01,440,591,0,1,(dato anonimizado)
461,0,0,32.02,451,496,0,0,NULL
462,0,0,32.34,450,500,0,0,NULL
463,0,0,32.7,445,480,0,0,NULL
464,0,0,31.8,451,501,0,1,(dato anonimizado)
465,0,0,27.05,430,475,0,1,(dato anonimizado)
466,0,0,21.09,451,516,0,0,NULL
467,0,0,14.6,456,510,0,0,NULL
468,0,0,27.09,430,485,0,0,(dato anonimizado)
469,0,0,37.84,445,495,0,0,NULL
470,1,0,16.34,450,498,0,0,(dato anonimizado)
471,1,0,25.26,450,495,0,0,(dato anonimizado)
472,1,0,29.68,453,502,0,0,(dato anonimizado)
473,1,0,33.63,440,485,0,0,(dato anonimizado)
474,1,0,26.92,450,493,0,0,(dato anonimizado)
475,1,0,22.5,452,498,0,0,(dato anonimizado)
476,1,0,27.4,455,496,0,0,(dato anonimizado)
477,1,0,18.24,458,497,0,0,(dato anonimizado)
478,1,0,26.2,455,498,0,0,(dato anonimizado)
479,0,0,39.3,450,496,0,0,NULL
480,0,0,27.17,443,499,0,0,NULL
481,0,0,33.17,449,496,1,1,(dato anonimizado)
482,1,0,18.22,445,490,0,0,NULL
483,0,0,21.08,430,501,0,0,NULL
484,0,0,26.43,452,497,0,0,NULL
485,0,0,27.7,445,496,0,0,NULL
486,0,0,27.7,446,506,0,0,NULL
487,0,0,18.35,450,510,0,0,NULL
488,0,0,26.9,448,490,1,1,(dato anonimizado)
489,0,0,32.4,449,510,0,0,NULL
490,0,0,14.32,443,496,0,0,NULL
491,0,0,27.3,435,488,0,0,NULL
492,0,0,27.7,445,506,1,1,(dato anonimizado)
493,0,0,27.73,435,488,0,0,NULL
494,0,0,22.8,448,499,0,0,NULL
495,0,0,28.64,450,500,0,0,NULL
496,0,0,25.24,449,501,0,0,NULL
497,0,0,26.2,451,510,0,0,NULL
498,0,0,32.58,446,497,0,0,NULL
499,0,0,26.74,449,498,0,0,NULL
500,0,0,26.28,451,500,0,0,NULL
501,0,0,25.95,448,496,0,0,NULL
502,0,0,14.3,448,NULL,0,0,NULL
503,0,0,26.5,451,498,0,0,NULL
504,0,0,26.76,455,509,0,0,NULL
505,0,0,34,456,506,0,0,NULL
506,0,0,14.22,446,497,0,0,NULL
507,0,0,26.32,435,490,0,0,NULL
508,0,0,27.07,445,496,1,1,(dato anonimizado)
509,0,0,7.2,450,496,1,1,(dato anonimizado)
510,0,0,31.83,435,516,0,0,NULL
511,0,0,25.36,448,519,0,0,NULL
512,0,0,39.45,443,501,0,0,NULL
513,0,0,25.81,456,516,0,0,NULL
514,0,0,22.08,436,498,0,0,NULL
515,0,0,28.03,444,503,0,0,NULL
516,0,0,26.83,456,504,1,1,(dato anonimizado)
517,0,0,14.57,457,504,0,0,NULL
518,0,0,16.85,449,516,0,0,NULL
519,0,0,16.2,451,506,0,0,NULL
520,0,0,33.8,451,515,0,0,NULL
521,0,0,26.26,455,506,0,0,NULL
522,0,0,30.8,450,508,0,0,NULL
523,0,0,30.9,440,503,0,0,NULL
524,0,0,27.55,441,496,1,0,(dato anonimizado)
525,0,0,26.65,443,516,0,0,NULL
526,0,0,26.91,446,510,0,0,NULL
527,0,0,13.68,440,510,0,0,NULL
528,0,0,NULL,NULL,NULL,1,0,(dato anonimizado)
529,0,0,27.05,439,486,1,0,(dato anonimizado)
530,0,0,25.94,436,492,0,0,NULL
531,0,0,19.87,430,496,0,0,NULL
532,0,0,13.82,441,490,0,0,NULL
533,0,0,31.6,439,499,0,0,NULL
534,0,0,26.4,435,498,0,0,NULL
535,0,0,26.87,431,483,1,1,(dato anonimizado)
536,0,0,26.66,433,501,0,0,NULL
537,0,0,27.04,433,503,0,0,NULL
538,0,0,26.4,435,505,1,0,(dato anonimizado)
539,0,0,31.28,436,496,0,0,NULL
540,0,0,32.07,438,495,1,0,(dato anonimizado)
541,0,0,27.71,433,497,0,0,NULL
542,0,0,32.08,437,501,0,0,NULL
543,0,0,31.01,434,510,0,0,NULL
544,0,0,20.03,437,497,1,0,(dato anonimizado)
545,0,0,26.63,445,514,0,0,NULL
546,0,0,25.31,445,494,0,0,NULL
547,0,0,23.28,447,496,0,0,NULL
548,0,0,26.27,450,501,0,0,NULL
549,0,0,32.34,450,502,0,0,NULL
550,0,0,21.6,435,511,1,1,(dato anonimizado)
551,0,0,25.79,438,530,0,0,NULL
552,0,0,27.62,437,510,0,0,NULL
553,0,0,27.65,437,488,0,1,(dato anonimizado)
554,0,0,27.75,435,490,0,0,NULL
555,0,0,26.75,430,481,0,1,(dato anonimizado)
556,0,0,20.73,438,493,0,0,NULL
557,0,0,27.101,433,496,0,0,NULL
558,0,0,27.2,438,499,0,0,NULL
559,0,0,27.3,433,521,0,0,NULL
560,0,0,21.12,435,516,0,0,NULL
561,0,0,28.03,434,496,0,0,NULL
562,0,0,33.7,435,498,0,0,NULL
563,0,0,14.15,451,481,0,0,NULL
564,0,0,16.91,443,496,0,1,(dato anonimizado)
565,0,0,17,444,500,0,0,NULL
566,0,0,26.08,443,480,0,1,(dato anonimizado)
567,0,0,23.02,445,510,0,0,NULL
568,0,0,32.2,450,515,0,0,NULL
569,0,0,32.5,440,510,0,1,(dato anonimizado)
570,0,0,32.2,439,486,0,0,NULL
571,0,0,33.12,436,498,0,1,(dato anonimizado)
572,0,0,33.1,446,517,0,0,NULL
573,0,0,20.49,446,526,0,0,NULL
574,0,0,21.01,440,496,0,0,NULL
575,0,0,34.41,449,511,0,0,NULL
576,0,0,14.32,450,515,0,0,NULL
577,0,0,32.01,451,515,0,0,NULL
578,0,0,32.1,450,508,0,0,NULL
579,1,0,NULL,452,509,0,0,NULL
580,1,0,NULL,452,511,0,0,NULL
582,0,0,27.01,433,501,0,0,NULL
588,0,0,26.7,433,516,0,0,NULL
