nro,fecha,hora_inicio_extrusion,hora_fin_extrusion,id_rrhh,op,subop,perfil
1,20190219,102000,111500,3,NULL,NULL,PROFILE-0078
2,20190219,084000,095000,3,NULL,NULL,PROFILE-0078
3,20190221,110800,122000,3,NULL,NULL,PROFILE-0077
4,20190225,133000,144000,3,NULL,NULL,PROFILE-0079
5,20190225,145000,160000,3,NULL,NULL,PROFILE-0083
6,20190227,093000,095000,3,NULL,NULL,PROFILE-0132
7,20190227,102000,114000,3,NULL,NULL,PROFILE-0083
8,20190227,131000,133000,3,NULL,NULL,PROFILE-0082
9,20190228,102000,115000,3,NULL,NULL,PROFILE-0083
10,20190302,091000,112000,3,NULL,NULL,PROFILE-0074
11,20190306,102000,115000,3,NULL,NULL,PROFILE-0083
12,20190308,133000,150200,3,NULL,NULL,PROFILE-0079
13,20190318,091700,100200,3,NULL,NULL,PROFILE-0082
14,20190320,112500,121000,3,NULL,NULL,PROFILE-0075
15,20190320,NULL,NULL,3,NULL,NULL,PROFILE-0083
16,20190320,132000,150300,3,NULL,NULL,PROFILE-0176
17,20190329,132500,150400,3,NULL,NULL,PROFILE-0076
18,20190329,153000,162000,3,NULL,NULL,PROFILE-0079
19,20190405,110000,122000,3,NULL,NULL,PROFILE-0102
20,20190408,131500,133000,3,NULL,NULL,PROFILE-0075
21,20190409,110000,122000,3,NULL,NULL,PROFILE-0083
22,20190410,131500,142000,3,NULL,NULL,PROFILE-0078
23,20190410,151500,163000,3,NULL,NULL,PROFILE-0080
24,20190411,112600,114000,3,NULL,NULL,PROFILE-0082
25,20190411,085000,094000,3,NULL,NULL,PROFILE-0074
26,20190412,095500,112000,3,NULL,NULL,PROFILE-0135
27,20190412,132000,142800,3,NULL,NULL,PROFILE-0136
28,20190415,104500,115000,3,NULL,NULL,PROFILE-0080
29,20190415,161000,165000,3,NULL,NULL,PROFILE-0075
30,20190416,131000,132500,3,NULL,NULL,PROFILE-0075
31,20190416,135500,145300,3,NULL,NULL,PROFILE-0076
32,20190416,160000,165000,3,NULL,NULL,PROFILE-0081
33,20190417,131500,143000,3,NULL,NULL,PROFILE-0082
34,20190424,131000,144000,3,NULL,NULL,PROFILE-0079
35,20190425,161000,162000,3,NULL,NULL,PROFILE-0078
36,20190430,131000,135000,3,NULL,NULL,PROFILE-0078
37,20190502,133500,150000,3,NULL,NULL,PROFILE-0078
38,20190502,150700,161000,3,NULL,NULL,PROFILE-0093
39,20190503,133000,143500,3,NULL,NULL,PROFILE-0095
40,20190503,144000,153500,3,NULL,NULL,PROFILE-0175
41,20190506,143500,154500,3,NULL,NULL,PROFILE-0098
42,20190507,164000,165600,3,NULL,NULL,PROFILE-0133
43,20190520,131000,132700,3,NULL,NULL,PROFILE-0116
44,20190520,133000,135800,3,NULL,NULL,PROFILE-0104
45,20190520,140500,142200,3,NULL,NULL,PROFILE-0169
46,20190522,142800,152800,3,NULL,NULL,PROFILE-0181
47,20190523,143500,150700,3,7,1,PROFILE-0104
48,20190523,151500,154000,3,7,2,PROFILE-0116
49,20190523,155000,165500,3,7,4,PROFILE-0120
50,20190524,134500,145200,3,7,8,PROFILE-0124
51,20190524,150300,154200,3,7,9,PROFILE-0125
52,20190527,160500,164000,3,7,5,PROFILE-0161
53,20190527,141000,145400,3,7,7,PROFILE-0163
54,20190527,153000,163800,3,7,10,PROFILE-0169
55,20190527,150000,160000,3,7,6,PROFILE-0162
56,20190528,160000,165700,3,7,3,PROFILE-0157
57,20190605,143500,150000,3,8,2,PROFILE-0116
58,20190605,160300,163000,3,8,1,PROFILE-0125
59,20190605,152800,155800,3,8,3,PROFILE-0117
60,20190610,144000,152000,3,9,1,PROFILE-0120
61,20190610,152500,160400,3,9,3,PROFILE-0124
62,20190610,161000,164300,3,9,2,PROFILE-0125
63,20190612,150000,152300,3,NULL,NULL,PROFILE-0123
64,20190612,153000,154300,3,NULL,NULL,PROFILE-0119
65,20190612,155500,161500,3,NULL,NULL,PROFILE-0122
66,20190612,162000,163000,3,NULL,NULL,PROFILE-0166
67,20190613,144000,145500,3,NULL,NULL,PROFILE-0182
68,20190614,115000,121000,3,NULL,NULL,PROFILE-0170
69,20190613,113200,114500,3,NULL,NULL,PROFILE-0168
70,20190613,133800,135300,3,NULL,NULL,PROFILE-0160
71,20190613,131000,133200,3,NULL,NULL,PROFILE-0167
72,20190614,104800,105800,3,NULL,NULL,PROFILE-0120
73,20190614,110500,111800,3,NULL,NULL,PROFILE-0117
74,20190614,112000,114200,3,NULL,NULL,PROFILE-0090
75,20190614,114800,120000,3,NULL,NULL,PROFILE-0089
76,20190614,160500,162800,3,NULL,NULL,PROFILE-0122
77,20190614,163200,164500,3,NULL,NULL,PROFILE-0182
78,20190618,134500,144500,3,11,2,PROFILE-0119
79,20190618,145300,153000,3,11,3,PROFILE-0160
80,20190618,153600,162700,3,11,1,PROFILE-0170
81,20190619,151500,152800,3,NULL,NULL,PROFILE-0167
82,20190619,153500,154500,3,NULL,NULL,PROFILE-0166
83,20190620,132500,140000,3,13,5,PROFILE-0117
84,20190620,140800,143300,3,13,4,PROFILE-0161
85,20190621,160000,163500,3,13,1,PROFILE-0120
86,20190621,142500,153200,3,13,2,PROFILE-0125
87,20190624,130800,134500,3,13,3,PROFILE-0124
88,20190624,135000,141000,3,14,1,PROFILE-0132
89,20190624,141600,144300,3,9,4,PROFILE-0116
90,20190624,145000,154300,3,9,6,PROFILE-0162
91,20190624,155000,163600,3,9,5,PROFILE-0157
92,20190625,150000,153700,3,15,9,PROFILE-0117
93,20190625,154200,162500,3,15,2,PROFILE-0125
94,20190626,143500,153000,3,15,1,PROFILE-0120
95,20190627,134000,145000,3,15,8,PROFILE-0161
96,20190627,145500,154500,3,15,3,PROFILE-0124
97,20190627,155000,163800,3,15,6,PROFILE-0162
98,20190628,105500,115600,3,15,7,PROFILE-0169
99,20190628,132000,142100,3,15,5,PROFILE-0157
100,20190628,143800,144500,3,15,4,PROFILE-0116
101,20190701,140000,153000,3,16,3,PROFILE-0127
102,20190703,105000,114000,3,16,2,PROFILE-0185
103,20190703,114200,120300,3,16,1,PROFILE-0185
104,20190703,141500,150000,3,17,1,PROFILE-0170
105,20190703,151000,152500,3,15,4,PROFILE-0116
106,20190703,154800,164800,3,17,3,PROFILE-0162
107,20190704,134800,145800,3,17,4,PROFILE-0169
108,20190704,150800,163000,3,17,2,PROFILE-0157
109,20190705,104500,115200,3,18,4,PROFILE-0123
110,20190705,130800,140800,3,18,1,PROFILE-0120
111,20190708,154500,164500,3,18,2,PROFILE-0125
112,20190708,134500,142500,3,18,3,PROFILE-0117
113,20190708,153500,162700,3,19,1,PROFILE-0091
114,20190709,160500,162800,3,19,2,PROFILE-0170
115,20190709,101500,103000,3,NULL,NULL,PROFILE-0118
116,20190709,103500,104700,3,NULL,NULL,PROFILE-0064
117,20190709,110200,111800,3,NULL,NULL,PROFILE-0121
118,20190709,131000,133500,3,NULL,NULL,PROFILE-0116
119,20190709,134200,140000,3,NULL,NULL,PROFILE-0180
120,20190709,140800,142500,3,NULL,NULL,PROFILE-0159
121,20190709,143300,144800,3,NULL,NULL,PROFILE-0164
122,20190709,143200,145500,3,NULL,NULL,PROFILE-0177
123,20190709,151500,153200,3,NULL,NULL,PROFILE-0179
124,20190709,153700,155300,3,NULL,NULL,PROFILE-0103
125,20190710,130500,144000,3,18,3,PROFILE-0117
126,20190710,154800,155800,3,21,2,PROFILE-0075
127,20190710,161300,164300,3,21,3,PROFILE-0081
128,20190711,132500,133900,3,NULL,NULL,PROFILE-0089
129,20190711,134500,001400,3,NULL,NULL,PROFILE-0166
130,20190711,141200,142000,3,NULL,NULL,PROFILE-0167
131,20190711,143400,144300,3,NULL,NULL,PROFILE-0116
132,20190711,145100,150300,3,NULL,NULL,PROFILE-0103
133,20190711,151600,152700,3,NULL,NULL,PROFILE-0182
134,20190711,153500,154700,3,NULL,NULL,PROFILE-0132
135,20190712,111500,113800,3,21,5,PROFILE-0083
136,20190712,114200,115800,3,21,1,PROFILE-0074
137,20190712,132500,135000,3,NULL,NULL,PROFILE-0177
138,20190712,135800,143000,3,NULL,NULL,PROFILE-0179
139,20190712,143800,145300,3,NULL,NULL,PROFILE-0185
140,20190712,151800,162500,3,22,1,PROFILE-0103
141,20190715,134500,144800,3,21,4,PROFILE-0079
142,20190715,145800,152200,3,21,2,PROFILE-0075
143,20190715,155000,160900,3,23,1,PROFILE-0127
144,20190716,132700,134500,3,NULL,NULL,PROFILE-0121
145,20190716,135500,142000,3,NULL,NULL,PROFILE-0117
146,20190716,143300,144800,3,NULL,NULL,PROFILE-0168
147,20190716,145500,151100,3,NULL,NULL,PROFILE-0180
148,20190716,151600,153100,3,NULL,NULL,PROFILE-0182
149,20190716,154500,155500,3,NULL,NULL,PROFILE-0116
150,20190717,110600,112600,3,21,2,PROFILE-0075
151,20190717,132800,150500,3,24,2,PROFILE-0169
152,20190717,152200,164200,3,24,4,PROFILE-0161
153,20190718,131900,130300,3,24,3,PROFILE-0157
154,20190718,135700,160500,3,24,1,PROFILE-0162
155,20190719,104800,115300,3,25,1,PROFILE-0080
156,20190719,130800,145500,3,25,3,PROFILE-0181
157,20190719,150300,155000,3,26,1,PROFILE-0182
158,20190722,103200,115300,3,23,1,PROFILE-0127
159,20190722,131000,143500,3,25,2,PROFILE-0078
160,20190722,145500,163600,3,24,3,PROFILE-0157
161,20190723,131000,132800,3,27,1,PROFILE-0082
162,20190723,134000,154100,3,23,3,PROFILE-0185
163,20190723,155500,163000,3,18,3,PROFILE-0117
164,20190724,092800,104500,3,28,1,PROFILE-0187
165,20190724,105000,113000,3,27,4,PROFILE-0077
166,20190724,144000,161000,3,27,3,PROFILE-0176
167,20190725,104000,114000,3,28,2,PROFILE-0076
168,20190725,134500,154300,3,29,1,PROFILE-0169
169,20190726,131300,135500,3,18,3,PROFILE-0117
170,20190726,140300,142100,3,NULL,NULL,PROFILE-0075
171,20190726,152500,155000,3,30,2,PROFILE-0182
172,20190729,131000,150000,3,30,1,PROFILE-0126
173,20190729,153000,163300,3,29,3,PROFILE-0124
174,20190730,145300,155400,3,29,3,PROFILE-0124
175,20190730,131000,143300,3,27,2,PROFILE-0103
176,20190731,105000,115500,3,NULL,NULL,PROFILE-0075
177,20190731,131800,135000,3,27,1,PROFILE-0082
178,20190731,141500,153300,3,29,2,PROFILE-0116
179,20190731,154300,155500,3,NULL,NULL,PROFILE-0117
180,20190807,132800,140000,3,27,1,PROFILE-0082
181,20190807,145800,153000,3,31,2,PROFILE-0176
182,20190808,105500,114800,3,27,1,PROFILE-0082
183,20190808,131500,153500,3,31,1,PROFILE-0117
184,20190809,131800,143500,3,31,2,PROFILE-0176
185,20190809,143700,152700,3,32,1,PROFILE-0176
186,20190813,131500,134300,3,33,1,PROFILE-0079
187,20190814,110000,132000,3,33,2,PROFILE-0081
188,20190814,144800,163000,3,33,1,PROFILE-0079
189,20190819,132000,143000,3,33,1,PROFILE-0079
190,20190821,085200,092600,3,34,2,PROFILE-0133
191,20190821,101700,114600,3,34,3,PROFILE-0159
192,20190821,135000,161100,3,34,1,PROFILE-0103
193,20190822,085500,100600,3,34,4,PROFILE-0076
194,20190822,102100,131100,3,34,6,PROFILE-0079
195,20190822,142600,142600,3,34,5,PROFILE-0075
196,20190823,083900,100600,3,34,8,PROFILE-0083
197,20190823,100700,112600,3,34,7,PROFILE-0082
198,20190823,132400,163000,3,31,2,PROFILE-0175
199,20190826,095000,112500,3,35,2,PROFILE-0168
200,20190826,132000,133400,3,34,5,PROFILE-0075
201,20190826,140300,151100,3,35,1,PROFILE-0175
202,20190827,094000,100200,3,36,1,PROFILE-0187
203,20190827,140100,162200,3,36,2,PROFILE-0185
204,20190829,100100,111200,3,37,1,PROFILE-0091
205,20190829,123100,124500,3,36,1,PROFILE-0187
206,20190829,144800,152000,3,37,2,PROFILE-0098
207,20190830,072000,091900,3,38,3,PROFILE-0180
208,20190830,093000,094200,3,38,1,PROFILE-0177
209,20190830,131500,133000,3,38,2,PROFILE-0179
210,20190902,142600,155800,3,37,2,PROFILE-0098
211,20190903,111300,113600,3,34,5,PROFILE-0075
212,20190903,132600,143000,3,38,1,PROFILE-0177
213,20190903,152000,161400,3,36,1,PROFILE-0187
214,20190904,072000,073200,3,39,2,PROFILE-0171
215,20190904,075600,081000,3,39,4,PROFILE-0066
216,20190904,084500,085500,3,39,5,PROFILE-0173
217,20190904,091300,092600,3,39,3,PROFILE-0172
218,20190904,095300,100400,3,39,1,PROFILE-0165
219,20190904,102400,103300,3,39,6,PROFILE-0183
220,20190904,132000,145900,3,36,1,PROFILE-0187
221,20190905,084400,102000,3,40,1,PROFILE-0075
222,20190905,134500,141900,3,40,1,PROFILE-0075
223,20190906,093600,100700,3,41,2,PROFILE-0183
224,20190906,101800,105000,3,41,1,PROFILE-0082
225,20190906,110900,112100,3,NULL,NULL,PROFILE-0165
226,20190906,132200,134400,3,38,2,PROFILE-0179
227,20190906,143300,160000,3,36,2,PROFILE-0185
228,20190909,110600,120900,3,41,3,PROFILE-0121
229,20190909,131100,145800,3,41,4,PROFILE-0064
230,20190910,152300,153600,3,41,1,PROFILE-0082
231,20190910,103800,105900,3,40,3,PROFILE-0076
232,20190910,131100,135000,3,40,3,PROFILE-0076
233,20190911,081000,102800,3,43,1,PROFILE-0127
234,20190912,095000,111400,3,43,1,PROFILE-0127
235,20190912,112500,142000,3,44,1,PROFILE-0183
236,20190912,142500,151000,3,41,2,PROFILE-0183
237,20190912,151600,162700,3,40,3,PROFILE-0076
238,20190913,083600,092500,3,40,3,PROFILE-0076
239,20190913,095000,121100,3,44,2,PROFILE-0187
240,20190913,134800,162000,3,44,3,PROFILE-0185
241,20190916,131000,133000,3,40,2,PROFILE-0076
242,20190917,063500,075700,3,45,2,PROFILE-0080
243,20190917,083000,090100,3,42,1,PROFILE-0185
244,20190917,095600,110700,3,42,1,PROFILE-0185
245,20190917,110900,112800,3,45,1,PROFILE-0181
246,20190917,131500,145000,3,45,1,PROFILE-0181
247,20190918,100000,111500,3,45,3,PROFILE-0078
248,20190918,112200,134600,3,45,4,PROFILE-0077
249,20190918,143000,162000,3,46,2,PROFILE-0079
250,20190919,073000,082000,3,46,1,PROFILE-0074
251,20190919,105500,114000,3,46,1,PROFILE-0074
252,20190920,131400,134000,3,46,4,PROFILE-0177
253,20190923,110000,140500,3,40,2,PROFILE-0076
254,20190923,141700,143100,3,45,1,PROFILE-0181
255,20190923,153000,162200,3,47,1,PROFILE-0175
256,20190924,100000,102000,3,47,1,PROFILE-0175
257,20190924,111700,115000,3,48,4,PROFILE-0132
258,20190924,131500,141700,3,48,5,PROFILE-0091
259,20190924,142500,145400,3,48,2,PROFILE-0127
260,20190924,151000,163500,3,48,1,PROFILE-0185
261,20190925,073000,090500,3,40,1,PROFILE-0075
262,20190925,095100,130700,3,46,3,PROFILE-0180
263,20190925,132800,140400,3,46,4,PROFILE-0177
264,20190926,083000,085000,3,49,1,PROFILE-0082
265,20190926,101500,104000,3,49,1,PROFILE-0082
266,20190926,105000,114000,3,49,8,PROFILE-0103
267,20190930,083000,101000,3,49,8,PROFILE-0103
268,20190930,112000,120700,3,49,5,PROFILE-0078
269,20190930,131500,132500,3,49,3,PROFILE-0083
270,20191003,131000,133000,3,49,3,PROFILE-0083
271,20191003,151500,162000,3,49,4,PROFILE-0083
272,20191004,040600,062200,3,49,4,PROFILE-0083
273,20191004,063500,070600,3,50,3,PROFILE-0162
274,20191004,071300,084700,3,50,5,PROFILE-0171
275,20191004,090000,102000,3,50,4,PROFILE-0165
276,20191004,103300,120000,3,50,1,PROFILE-0183
277,20191004,130800,132000,3,51,4,PROFILE-0139
278,20191004,132500,134100,3,51,2,PROFILE-0174
279,20191004,134900,140300,3,51,3,PROFILE-0096
280,20191004,141100,142300,3,51,1,PROFILE-0138
281,20191004,143100,162200,3,50,1,PROFILE-0183
282,20191007,084000,105500,3,50,1,PROFILE-0183
283,20191007,110300,115000,3,48,2,PROFILE-0127
284,20191007,115500,122300,3,50,2,PROFILE-0185
285,20191007,123700,140300,3,38,2,PROFILE-0179
286,20191007,141000,153000,3,50,6,PROFILE-0172
287,20191008,092500,095800,3,47,1,PROFILE-0175
288,20191008,130000,140000,3,49,7,PROFILE-0181
289,20191009,064400,073000,3,46,4,PROFILE-0177
290,20191009,094500,095700,3,49,2,PROFILE-0082
291,20191009,112000,114000,3,52,1,PROFILE-0138
292,20191009,132000,154500,3,50,3,PROFILE-0162
293,20191011,104200,130200,3,53,1,PROFILE-0078
294,20191011,131000,132500,3,49,2,PROFILE-0082
295,20191011,141000,142500,3,50,2,PROFILE-0185
296,20191014,130000,131000,3,47,1,PROFILE-0175
297,20191014,153500,171200,3,46,4,PROFILE-0177
298,20191014,104700,115600,3,47,1,PROFILE-0175
299,20191014,130500,163000,3,54,2,PROFILE-0183
300,20191016,130000,141000,3,54,2,PROFILE-0183
301,20191016,142500,160000,3,54,1,PROFILE-0180
302,20191017,092500,095100,3,54,1,PROFILE-0180
303,20191017,100800,103300,3,55,3,PROFILE-0139
304,20191017,104000,110500,3,55,1,PROFILE-0100
305,20191017,112500,115000,3,55,2,PROFILE-0138
306,20191017,131000,161700,3,54,7,PROFILE-0181
307,20191018,131000,134900,3,56,1,PROFILE-0133
308,20191024,084000,085000,3,57,3,PROFILE-0140
309,20191024,090000,091000,3,57,4,PROFILE-0146
310,20191024,102000,103000,3,57,5,PROFILE-0143
311,20191024,104000,105000,3,57,6,PROFILE-0145
312,20191024,110500,111500,3,57,7,PROFILE-0144
313,20191024,163000,163900,3,57,1,PROFILE-0141
314,20191024,164500,165800,3,57,2,PROFILE-0142
315,20191025,113000,012000,3,50,2,PROFILE-0185
316,20191025,111000,112000,3,49,2,PROFILE-0082
317,20191025,095500,110000,3,58,1,PROFILE-0066
318,20191028,093000,113500,3,59,1,PROFILE-0077
319,20191028,140000,014400,3,59,1,PROFILE-0077
320,20191029,100500,124900,3,59,2,PROFILE-0079
321,20191029,132500,162700,3,54,6,PROFILE-0175
322,20191030,093000,095100,3,49,1,PROFILE-0082
323,20191030,101000,131000,3,59,3,PROFILE-0180
324,20191030,132000,162000,3,59,4,PROFILE-0181
325,20191031,094500,130000,3,60,1,PROFILE-0074
326,20191031,145000,164800,3,60,2,PROFILE-0078
327,20191101,091400,101000,3,50,2,PROFILE-0078
328,20191101,102900,125900,3,60,3,PROFILE-0080
329,20191101,140000,154800,3,60,3,PROFILE-0080
330,20191104,100500,103000,3,61,2,PROFILE-0089
331,20191104,110500,120000,3,54,5,PROFILE-0177
332,20191104,134000,140800,3,54,5,PROFILE-0177
333,20191104,160000,161500,3,61,3,PROFILE-0087
334,20191105,110000,114600,3,61,3,PROFILE-0086
335,20191105,132000,144500,3,61,4,PROFILE-0134
336,20191105,160000,171500,3,61,5,PROFILE-0088
337,20191106,131000,133000,3,49,2,PROFILE-0082
338,20191106,162500,165500,3,62,1,PROFILE-0121
339,20191107,091000,111000,3,62,1,PROFILE-0121
340,20191107,112200,141000,3,62,2,PROFILE-0168
341,20191108,142500,161000,3,62,4,PROFILE-0159
342,20191108,074000,101000,3,62,5,PROFILE-0064
343,20191108,102500,120000,3,62,6,PROFILE-0164
344,20191108,121000,130000,3,62,3,PROFILE-0123
345,20191111,143500,153000,3,62,3,PROFILE-0123
346,20191111,131000,133000,3,49,2,PROFILE-0082
347,20191111,142000,144000,3,61,2,PROFILE-0089
348,20191113,141500,015000,3,63,1,PROFILE-0140
349,20191114,131500,140500,3,63,2,PROFILE-0141
350,20191125,133000,135100,3,64,1,PROFILE-0174
351,20191126,104200,110000,3,NULL,NULL,PROFILE-0128
352,20191126,110400,112000,3,NULL,NULL,PROFILE-0128
353,20191126,112500,114000,3,NULL,NULL,PROFILE-0184
354,20191126,114900,115900,3,NULL,NULL,PROFILE-0188
355,20191126,131800,132600,3,NULL,NULL,PROFILE-0188
356,20191126,152500,154000,3,NULL,NULL,PROFILE-0143
357,20191126,150300,151500,3,NULL,NULL,PROFILE-0145
358,20191126,143500,145000,3,NULL,NULL,PROFILE-0181
359,20191126,141300,142800,3,NULL,NULL,PROFILE-0186
360,20191126,135100,140500,3,NULL,NULL,PROFILE-0186
361,20191127,160200,161500,3,NULL,NULL,PROFILE-0082
362,20191127,084700,115500,3,64,2,PROFILE-0133
363,20191128,090000,093500,3,65,1,PROFILE-0175
364,20191128,132000,150000,3,66,1,PROFILE-0174
365,20191128,153000,154000,3,NULL,NULL,PROFILE-0128
366,20191128,155000,161000,3,NULL,NULL,PROFILE-0177
367,20191128,151500,152500,3,NULL,NULL,PROFILE-0082
368,20191129,132000,155000,3,54,5,PROFILE-0177
369,20191129,161000,163000,3,NULL,NULL,PROFILE-0128
370,20191202,102500,112500,3,49,2,PROFILE-0082
371,20191202,131500,140600,3,54,5,PROFILE-0177
372,20191202,143000,145000,3,67,1,PROFILE-0179
373,20191203,092500,NULL,3,67,2,PROFILE-0126
374,20191209,131000,153000,3,68,1,PROFILE-0076
375,20191210,063000,073500,3,67,2,PROFILE-0126
376,20191210,085200,085900,3,NULL,NULL,PROFILE-0105
377,20191210,090500,092000,3,NULL,NULL,PROFILE-0082
378,20191210,101000,115500,3,69,1,PROFILE-0083
379,20191210,141600,143200,3,NULL,NULL,PROFILE-0184
380,20191210,144000,145000,3,NULL,NULL,PROFILE-0106
381,20191210,150000,151300,3,NULL,NULL,PROFILE-0148
382,20191210,151500,NULL,3,NULL,NULL,PROFILE-0186
383,20191211,083500,104000,3,69,2,PROFILE-0124
384,20191211,131000,153000,3,69,3,PROFILE-0116
385,20191212,084500,112000,3,69,4,PROFILE-0169
386,20191212,002000,004000,3,NULL,NULL,PROFILE-0105
387,20191212,005000,010500,3,NULL,NULL,PROFILE-0145
388,20191213,095000,113200,3,69,5,PROFILE-0117
389,20191213,153000,163300,3,69,5,PROFILE-0117
390,20191216,100000,113300,3,70,1,PROFILE-0096
391,20191216,132000,145200,3,62,4,PROFILE-0159
392,20191216,150000,164500,3,54,6,PROFILE-0175
393,20191217,083000,093000,3,65,1,PROFILE-0175
394,20191217,104100,113200,3,65,1,PROFILE-0175
395,20191217,113300,120300,3,54,6,PROFILE-0175
396,20191217,135000,153500,3,65,1,PROFILE-0175
397,20191217,120400,130000,3,65,1,PROFILE-0175
398,20191217,153800,155100,3,NULL,NULL,PROFILE-0112
399,20191217,155600,161000,3,NULL,NULL,PROFILE-0110
400,20191217,162000,163200,3,NULL,NULL,PROFILE-0115
401,20191217,164300,165200,3,NULL,NULL,PROFILE-0108
402,20191218,090000,091500,3,NULL,NULL,PROFILE-0113
403,20191218,092000,093500,3,NULL,NULL,PROFILE-0107
404,20191218,095500,100800,3,NULL,NULL,PROFILE-0147
405,20191218,102100,103000,3,NULL,NULL,PROFILE-0155
406,20191218,104300,110000,3,NULL,NULL,PROFILE-0156
407,20191218,110300,114800,3,71,1,PROFILE-0082
408,20191218,131700,132900,3,NULL,NULL,PROFILE-0150
409,20191218,133700,135500,3,NULL,NULL,PROFILE-0152
410,20191219,083000,090100,3,71,1,PROFILE-0082
411,20191219,092000,095500,3,71,2,PROFILE-0132
412,20191219,132000,135000,3,71,1,PROFILE-0082
413,20191219,153000,NULL,3,71,1,PROFILE-0082
414,20191220,072300,081000,3,71,1,PROFILE-0082
415,20191220,082000,093800,3,72,1,PROFILE-0148
416,20191220,101000,105700,3,72,2,PROFILE-0149
417,20191220,132200,144000,3,72,1,PROFILE-0148
418,20191223,131500,142000,3,71,3,PROFILE-0161
419,20200103,131700,154200,3,67,1,PROFILE-0179
420,20200106,131000,150000,3,73,1,PROFILE-0083
421,20200106,151500,155300,3,71,4,PROFILE-0162
422,20200107,090000,093900,3,73,2,PROFILE-0180
423,20200108,132000,143000,3,74,1,PROFILE-0082
424,20200109,130800,140700,3,67,2,PROFILE-0126
425,20200109,142000,152000,3,61,3,PROFILE-0086
426,20200113,083000,100000,3,75,1,PROFILE-0077
427,20200113,101000,120500,3,75,2,PROFILE-0120
428,20200113,121800,150800,3,75,3,PROFILE-0106
429,20200114,103000,123800,3,75,4,PROFILE-0169
430,20200114,125000,140000,3,71,3,PROFILE-0161
431,20200114,152000,164500,3,61,5,PROFILE-0088
432,20200115,132200,133500,3,76,4,PROFILE-0076
433,20200115,150000,163000,3,76,1,PROFILE-0148
434,20200116,102000,115600,3,76,4,PROFILE-0076
435,20200116,133000,154000,3,76,1,PROFILE-0148
436,20200117,070000,NULL,3,76,5,PROFILE-0079
437,20200117,085000,091100,3,72,3,PROFILE-0149
438,20200117,122000,143000,3,76,1,PROFILE-0148
439,20200117,144000,160000,3,76,5,PROFILE-0079
440,20200120,112000,120000,3,76,8,PROFILE-0074
441,20200120,142000,151500,3,76,8,PROFILE-0074
442,20200120,152500,165600,3,73,2,PROFILE-0180
443,20200123,132000,153000,3,76,7,PROFILE-0083
444,20200124,113500,115300,3,76,6,PROFILE-0081
445,20200124,120000,133000,3,77,1,PROFILE-0186
446,20200124,150000,155000,3,76,2,PROFILE-0149
447,20200124,155500,162000,3,72,3,PROFILE-0149
448,20200127,131500,140500,3,73,2,PROFILE-0180
449,20200127,142000,153700,3,76,2,PROFILE-0162
450,20200128,103000,105500,3,76,10,PROFILE-0117
451,20200128,131500,133000,3,76,9,PROFILE-0175
452,20200129,083000,103500,3,78,3,PROFILE-0184
453,20200129,104100,121000,3,78,4,PROFILE-0128
454,20200129,133000,143300,3,78,5,PROFILE-0188
455,20200129,145000,152000,3,78,1,PROFILE-0105
456,20200130,092000,103000,3,76,4,PROFILE-0077
457,20200130,111000,122500,3,78,1,PROFILE-0105
458,20200130,123000,131500,3,78,2,PROFILE-0105
459,20200130,150500,163000,3,78,6,PROFILE-0177
460,20200131,084500,090400,3,78,6,PROFILE-0177
461,20200131,100000,111000,3,78,7,PROFILE-0180
462,20200131,114700,123000,3,79,1,PROFILE-0163
463,20200203,131500,140000,3,79,1,PROFILE-0163
464,20200203,140600,151500,3,79,2,PROFILE-0118
465,20200204,083000,084500,3,76,6,PROFILE-0081
466,20200204,091000,105500,3,76,9,PROFILE-0175
467,20200204,131500,153700,3,79,1,PROFILE-0149
468,20200205,090000,095400,3,80,2,PROFILE-0119
469,20200205,102000,113500,3,80,3,PROFILE-0160
470,20200205,135000,140500,3,NULL,NULL,PROFILE-0154
471,20200205,142500,144000,3,NULL,NULL,PROFILE-0109
472,20200205,144500,150000,3,NULL,NULL,PROFILE-0130
473,20200205,234000,235000,3,NULL,NULL,PROFILE-0114
474,20200206,001000,000020,3,NULL,NULL,PROFILE-0129
475,20200206,003500,004800,3,NULL,NULL,PROFILE-0153
476,20200206,005300,010500,3,NULL,NULL,PROFILE-0111
477,20200206,011000,012500,3,NULL,NULL,PROFILE-0072
478,20200206,013000,NULL,3,NULL,NULL,PROFILE-0158
479,20200206,112000,121800,3,80,2,PROFILE-0150
480,20200206,123000,135000,3,80,3,PROFILE-0152
481,20200206,142000,144700,3,80,1,PROFILE-0107
482,20200206,160500,162000,3,NULL,NULL,PROFILE-0151
483,20200207,104500,115200,3,74,1,PROFILE-0082
484,20200210,131000,141500,3,74,1,PROFILE-0082
485,20200212,085000,101900,3,80,10,PROFILE-0110
486,20200212,103000,114700,3,80,8,PROFILE-0155
487,20200212,133000,145400,3,81,2,PROFILE-0148
488,20200212,152000,153300,3,80,4,PROFILE-0128
489,20200213,073000,090000,3,82,1,PROFILE-0109
490,20200213,091000,110000,3,81,3,PROFILE-0148
491,20200213,111500,122000,3,82,2,PROFILE-0153
492,20200213,143000,151300,3,81,5,PROFILE-0105
493,20200214,083000,093500,3,81,5,PROFILE-0105
494,20200214,093600,095300,3,81,4,PROFILE-0105
495,20200214,100000,110500,3,82,3,PROFILE-0111
496,20200214,131500,142500,3,82,4,PROFILE-0104
497,20200214,144500,161100,3,80,6,PROFILE-0186
498,20200217,131000,142000,3,80,9,PROFILE-0108
499,20200217,150000,160500,3,80,11,PROFILE-0112
500,20200217,161500,165900,3,80,7,PROFILE-0188
501,20200219,145500,153000,3,80,7,PROFILE-0188
502,20200219,154000,161500,3,80,4,PROFILE-0128
503,20200220,124000,142500,3,81,7,PROFILE-0106
504,20200220,143000,145500,3,81,6,PROFILE-0106
505,20200220,150000,170500,3,81,1,PROFILE-0184
506,20200220,163000,165000,3,80,4,PROFILE-0128
507,20200221,110000,123000,3,83,1,PROFILE-0096
508,20200224,101000,102500,3,76,10,PROFILE-0117
509,20200224,161400,164500,3,81,8,PROFILE-0149
510,20200225,130000,141500,3,80,1,PROFILE-0107
511,20200225,143000,160800,3,76,6,PROFILE-0081
512,20200226,132000,145300,3,80,12,PROFILE-0113
513,20200226,160500,164700,3,84,1,PROFILE-0130
514,20200227,090000,091100,3,84,4,PROFILE-0139
515,20200227,093000,095300,3,84,3,PROFILE-0138
516,20200227,111200,114600,3,84,2,PROFILE-0186
517,20200227,132000,150500,3,81,8,PROFILE-0149
518,20200227,154400,165600,3,81,9,PROFILE-0149
519,20200228,134500,153000,3,81,9,PROFILE-0149
520,20200303,131700,140500,3,85,1,PROFILE-0151
521,20200303,141600,152300,3,78,6,PROFILE-0177
522,20200304,133300,135000,3,86,1,PROFILE-0132
523,20200320,083800,093800,3,88,3,PROFILE-0171
524,20200320,094500,104200,3,88,2,PROFILE-0165
525,20200320,110000,130000,3,88,1,PROFILE-0149
526,20200320,142500,154500,3,88,4,PROFILE-0172
527,20200413,132000,141500,3,88,5,PROFILE-0120
528,20200413,153500,154900,3,88,6,PROFILE-0075
529,20200423,131900,134100,3,88,6,PROFILE-0075
530,20200423,135600,153500,3,89,1,PROFILE-0157
531,20200428,131000,140000,3,89,4,PROFILE-0125
532,20200428,140600,145000,3,89,5,PROFILE-0169
533,20200428,150000,160000,3,89,6,PROFILE-0116
534,20200428,154000,162000,3,89,3,PROFILE-0167
535,20200429,100000,101500,3,89,2,PROFILE-0162
536,20200429,112700,115800,3,89,2,PROFILE-0162
537,20200429,131000,141000,3,89,7,PROFILE-0158
538,20200429,141500,143500,3,90,1,PROFILE-0186
539,20200430,131000,141500,3,87,1,PROFILE-0107
540,20200430,143000,145400,3,90,1,PROFILE-0166
541,20200430,150600,154000,3,91,1,PROFILE-0155
542,20200430,155600,161500,3,91,3,PROFILE-0115
543,20200513,104000,121700,3,92,7,PROFILE-0080
544,20200513,150600,NULL,3,91,1,PROFILE-0096
545,20200513,155000,162100,3,92,3,PROFILE-0156
546,20200518,102500,111500,4,92,5,PROFILE-0079
547,20200518,112500,115600,4,92,2,PROFILE-0165
548,20200518,132000,140000,4,92,4,PROFILE-0161
549,20200518,142000,162500,4,92,4,PROFILE-0083
550,20200519,132000,140500,3,91,2,PROFILE-0117
551,20200520,143500,162000,3,80,1,PROFILE-0186
552,20200521,124000,140000,3,83,1,PROFILE-0184
553,20200522,083000,090000,3,93,1,PROFILE-0184
554,20200522,112000,130000,3,93,1,PROFILE-0184
555,20200522,143000,145000,3,93,2,PROFILE-0075
556,20200522,151000,161000,3,94,2,PROFILE-0173
557,20200525,131100,141000,3,94,3,PROFILE-0122
558,20200525,142000,151000,3,94,5,PROFILE-0130
559,20200526,141200,152000,3,95,1,PROFILE-0151
560,20200526,153000,163000,3,94,4,PROFILE-0158
561,20200527,133900,144000,3,94,1,PROFILE-0172
562,20200527,152500,163000,3,95,2,PROFILE-0116
563,20200528,084000,100500,3,72,2,PROFILE-0149
564,20200528,100700,114000,3,95,3,PROFILE-0149
565,20200528,131000,152500,3,95,3,PROFILE-0149
566,20200529,082800,090600,3,93,2,PROFILE-0075
567,20200529,091500,114500,3,96,1,PROFILE-0082
568,20200529,120500,144700,3,96,2,PROFILE-0083
569,20200529,150000,152000,3,96,3,PROFILE-0079
570,20200601,132000,160000,3,96,3,PROFILE-0079
571,20200602,072000,081900,3,96,5,PROFILE-0181
572,20200602,132000,144300,3,96,5,PROFILE-0181
573,20200602,145300,163000,3,96,6,PROFILE-0091
574,20200603,091500,100500,3,96,6,PROFILE-0091
575,20200603,101500,131500,3,96,4,PROFILE-0076
576,20200603,134500,151000,3,96,8,PROFILE-0134
577,20200603,152000,160000,3,96,7,PROFILE-0086
578,20200604,141500,152500,3,96,10,PROFILE-0098
579,20200604,153500,160000,3,NULL,NULL,PROFILE-0141
580,20200604,161000,162500,3,NULL,NULL,PROFILE-0140
581,20200615,124000,160100,3,97,1,PROFILE-0149
582,20200616,140100,145800,3,93,2,PROFILE-0075
583,20200623,095000,113000,3,98,1,PROFILE-0117
584,20200623,131000,134800,3,98,2,PROFILE-0165
585,20200623,140000,145000,3,98,3,PROFILE-0159
586,20200623,150500,154500,3,98,4,PROFILE-0107
587,20200624,131500,134600,3,98,5,PROFILE-0111
588,20200624,140100,161000,3,88,6,PROFILE-0075
589,20200625,103000,152000,3,99,1,PROFILE-0080
590,20200625,135000,145100,3,99,1,PROFILE-0080
591,20200625,145500,152600,3,98,6,PROFILE-0150
