nro_extrusion,nro_salida,long_muestraperfil__cm,peso_muestra__g,UPLE,
1,NULL,100,136.716,0.205,
2,NULL,100,136.716,0.205,
3,NULL,100,93.367,0.14,
4,NULL,100,253.425,0.38,
5,NULL,100,410.149,0.615,
6,NULL,100,173.396,0.26,
7,NULL,100,410.149,0.615,
8,NULL,100,153.389,0.23,
9,NULL,100,410.149,0.615,
10,NULL,100,143.385,0.215,
11,NULL,100,410.149,0.615,
12,NULL,100,253.425,0.38,
13,NULL,100,154.723,0.232,
14,NULL,100,166.727,0.25,
15,NULL,100,410.149,0.615,
16,NULL,100,1067.054,1.6,
17,NULL,100,363.465,0.545,
18,NULL,100,254.092,0.381,
19,1,100,463.502,0.695,
20,3,100,170.062,0.255,
21,1,100,404.147,0.606,
22,4,100,143.385,0.215,
23,1,100,100.036,0.15,
23,2,100,100.036,0.15,
23,3,100,96.702,0.145,
23,4,100,100.036,0.15,
25,1,100,140.051,0.21,
25,2,100,140.051,0.21,
25,3,100,140.051,0.21,
25,4,100,140.051,0.21,
26,1,49.1,257.86,0.7874745418,0.7874745418
27,1,50.6,288.145,0.8538735178,
28,1,100,103.371,0.155,
28,2,100,103.371,0.155,
28,3,100,103.371,0.155,
28,4,100,103.371,0.155,
29,1,50,80.029,0.24,
29,2,50,80.029,0.24,
29,3,50,80.029,0.24,0.24
30,1,100,160.058,0.24,
30,2,100,160.058,0.24,
30,3,100,160.058,0.24,
31,1,50,186.735,0.56,
32,1,48.7,22.268,0.0685626283,
32,2,48.7,22.268,0.0685626283,
32,3,48.7,22.268,0.0685626283,
32,4,48.7,22.268,0.0685626283,
32,5,48.7,22.268,0.0685626283,
32,6,48.7,22.268,0.0685626283,
32,7,48.7,22.268,0.0685626283,
32,8,48.7,22.268,0.0685626283,0.0685626283
33,1,59.9,87.098,0.2180300501,
33,2,51.2,90.379,0.2646875,0.241358775
34,1,100,250.091,0.375,
34,2,100,250.091,0.375,
36,1,50,70.025,0.21,
36,2,50,70.025,0.21,
36,3,50,70.025,0.21,
36,4,50,70.025,0.21,
37,1,100,140.051,0.21,
37,2,100,140.051,0.21,
37,3,100,140.051,0.21,
37,4,100,140.051,0.21,
38,1,50.4,80.529,0.2395833333,
38,2,50.4,80.529,0.2395833333,
38,3,50.4,80.529,0.2395833333,0.2395833333
39,1,100,126.713,0.19,
39,2,100,126.713,0.19,
39,3,100,126.713,0.19,
39,4,100,126.713,0.19,
40,1,49.5,304.804,0.9233131313,
41,1,49.9,127.926,0.3844088176,
41,2,49.9,127.926,0.3844088176,0.3844088176
42,1,49.8,173.583,0.5226506024,
43,1,50,213.411,0.64,
44,1,49.5,53.479,0.162,
44,2,49.5,53.259,0.1613333333,
44,3,49.5,53.479,0.162,
44,4,49.5,53.373,0.1616767677,
44,5,49.5,47.004,0.1423838384,
44,6,49.5,53.419,0.1618181818,0.1585353535
45,1,100,933.673,1.4,
46,1,100,473.505,0.71,
47,1,50,53.353,0.16,
47,2,50,53.353,0.16,
47,3,50,53.353,0.16,
47,4,50,53.353,0.16,
47,5,50,53.353,0.16,
47,6,50,53.353,0.16,
48,1,50,213.411,0.64,
49,1,50,393.476,1.18,
50,1,50,250.091,0.75,
51,1,50,323.451,0.97,
52,1,50,290.105,0.87,
53,1,50.2,288.458,0.8616135458,0.8616135458
54,1,50,446.829,1.34,
55,1,50,293.44,0.88,
56,1,50,386.807,1.16,
57,1,50,210.076,0.63,
58,1,50,316.782,0.95,
59,1,50,46.684,0.14,
59,2,50,46.684,0.14,
59,3,50,46.684,0.14,
59,4,50,46.684,0.14,
59,5,50,46.684,0.14,
59,6,50,46.684,0.14,0.14
60,1,50,390.142,1.17,1.17
61,1,50,246.756,0.74,0.74
62,1,50,320.116,0.96,0.96
63,1,50.2,46.684,0.1394422311,
63,2,50.2,46.684,0.1394422311,
63,3,50.1,46.684,0.1397205589,
63,4,50,46.684,0.14,0.140
64,1,50,50.018,0.15,
64,2,50,50.018,0.15,
64,3,50,50.018,0.15,
64,4,50,50.018,0.15,0.15
65,1,50,123.378,0.37,
65,2,50,123.378,0.37,0.37
66,1,50.1,242.055,0.7244510978,0.7244510978
67,1,50,236.753,0.71,0.71
68,1,50,473.505,1.42,1.42
69,1,50,166.727,0.5,0.5
70,1,50,316.782,0.95,0.95
71,1,50.2,247.11,0.7381075697,0.7381075697
72,1,50,396.811,1.19,1.19
73,1,50,46.684,0.14,
73,2,50,46.684,0.14,
73,3,50,46.684,0.14,
73,4,50,46.684,0.14,
73,5,50,46.684,0.14,
73,6,50,46.684,0.14,0.14
74,1,49.9,147.827,0.4442084168,0.4442084168
75,1,49.7,63.59,0.1918511066,
75,2,49.7,63.59,0.1918511066,
75,3,49.7,63.59,0.1918511066,0.1918511066
76,1,50,126.713,0.38,
76,2,50,126.713,0.38,0.38
77,1,50,236.753,0.71,0.71
78,1,50.4,47.544,0.1414484127,
78,2,50.4,47.544,0.1414484127,
78,3,50.4,47.544,0.1414484127,
78,4,50.4,47.544,0.1414484127,0.1414484127
79,1,50,306.778,0.92,0.92
80,1,50,463.502,1.39,1.39
81,1,50,243.422,0.73,0.73
82,1,50,246.756,0.74,0.74
83,1,50,46.684,0.14,
83,2,50,43.349,0.13,
83,3,50,43.349,0.13,
83,4,50,43.349,0.13,
83,5,50,43.349,0.13,
83,6,50,46.684,0.14,0.13
84,1,50,286.771,0.86,0.86
85,1,50,386.807,1.16,1.16
86,1,50,313.447,0.94,0.94
87,1,50,236.753,0.71,0.71
88,1,50,88.699,0.266,
88,2,50,88.699,0.266,
88,3,50,88.699,0.266,0.266
89,1,50,213.411,0.64,0.64
90,1,49.9,307.578,0.924248497,0.924248497
91,1,50,391.956,1.17544,1.175
92,1,49.9,45.43,0.1365130261,
92,2,49.9,45.783,0.1375751503,
92,3,49.9,47.491,0.1427054108,
92,4,49.9,45.517,0.1367735471,
92,5,49.9,45.85,0.1377755511,
92,6,49.9,47.291,0.1421042084,0.14
93,1,50,319.076,0.95688,0.956
94,1,50,389.475,1.168,1.168
95,1,49.9,290.772,0.873747495,0.873
96,1,50,238.086,0.714,0.714
97,1,50,256.76,0.77,0.77
98,1,50.2,455.499,1.3605577689,1.36
99,1,50,386.14,1.158,1.158
100,1,50.1,214.078,0.6407185629,0.64
101,1,49.9,400.325,1.2029458918,1.2
102,1,50.1,567.493,1.6984630739,1.69
103,1,50.1,567.493,1.6984630739,1.69
104,1,50.3,463.388,1.3813717694,1.38
105,1,49.7,214.244,0.6463782696,0.64
106,1,50.1,267.664,0.8010978044,0.8
107,1,49.8,452.298,1.3618473896,1.3618473896
108,1,50.4,386.62,1.1502380952,1.1502380952
109,1,50.2,44.983,0.1343625498,
109,2,50.2,44.923,0.1341832669,
109,3,50.2,45.056,0.1345816733,
109,4,50.2,45.51,0.135936255,0.1347659363
110,1,50,397.604,1.19238,1.19238
111,1,50,317.382,0.9518,0.9518
112,1,50,45.463,0.13634,
112,2,49.9,45.323,0.1361923848,
112,3,50,44.636,0.13386,
112,4,49.9,45.296,0.1361122244,
112,5,50,45.743,0.13718,
112,6,50,47.437,0.14226,0.1369907682
113,1,50.2,526.805,1.5735458167,0.0001992032
114,1,50.1,473.305,1.4165668663,0.0001996008
115,1,50.1,105.552,0.3159081836,
115,2,50,104.791,0.31426,0.3150840918
116,1,50,202.854,0.60834,0.60834
117,1,50,125.252,0.37562,
117,2,50.1,125.092,0.3743912176,0.3750056088
118,1,50.1,220.633,0.6603393214,0.6603393214
119,1,50.1,173.71,0.5199001996,0.5199001996
120,1,50.2,305.798,0.9134063745,0.9134063745
121,1,50.1,247.17,0.739760479,0.739760479
123,1,49.8,67.585,0.2034939759,
123,2,49.8,67.725,0.2039156627,
123,3,49.8,67.465,0.2031325301,
123,4,49.7,67.338,0.2031589537,0.2034252806
124,1,49.9,855.818,2.5716633267,2.5675390625
125,1,50.3,45.77,0.1364413519,
125,2,50.2,45.803,0.136812749,
125,3,50.1,45.883,0.1373253493,
125,4,50.2,45.85,0.1369521912,
125,5,50.2,47.704,0.1424900398,
125,6,50.3,45.917,0.1368787276,0.1378167348
126,1,50,86.238,0.25862,
126,2,50.1,84.271,0.2522155689,
126,3,50.1,85.111,0.2547305389,0.2551887026
127,1,49.8,22.922,0.0690160643,
127,2,49.9,23.175,0.0696392786,
127,3,49.9,22.875,0.0687374749,
127,4,49.8,23.128,0.0696385542,
127,5,49.8,22.628,0.0681325301,
127,6,49.8,22.862,0.0688353414,
127,7,50,22.155,0.06644,
127,8,49.9,22.522,0.0676753507,0.0685143243
128,1,49.9,64.757,0.1945891784,
128,2,49.9,64.21,0.1929458918,
128,3,49.9,64.483,0.1937675351,0.1937675351
129,1,50.1,243.662,0.729261477,0.729261477
130,1,50,245.209,0.73536,0.73536
131,1,50,215.392,0.64594,0.64594
132,1,25,424.374,2.54532,2.54532
133,1,50.1,239.727,0.7174850299,0.7174850299
134,1,50.1,89.886,0.2690219561,
134,1,50.2,91.727,0.2739840637,
134,1,50.1,89.766,0.2686626747,0.2705562315
135,1,49.8,209.77,0.6316064257,0.6316064257
136,3,50,70.352,0.21098,
136,4,50,70.746,0.21216,0.21157
137,1,50.5,327.139,0.9713465347,0.9713465347
138,1,49.2,67.558,0.2058943089,
138,2,50.1,69.012,0.2065469062,
138,3,50,69.379,0.20806,
138,4,50.2,68.938,0.2059163347,0.2066043874
139,1,50.5,590.748,1.7540594059,1.7540594059
140,1,25.6,438.353,2.5675390625,2.54532
141,1,50,125.192,0.37544,
141,2,50.1,125.112,0.3744510978,0.3749455489
142,2,50.1,82.963,0.2483033932,
142,3,50,81.27,0.24372,0.2460116966
143,1,50.1,410.016,1.2271457086,1.2271457086
144,1,49.7,127.033,0.3832595573,0.3832595573
144,2,49.8,126.873,0.3820080321,0.3820080321
145,1,49.9,48.724,0.1464128257,
145,2,50,45.897,0.13764,
145,3,50.1,46.957,0.1405389222,
145,4,50.1,47.097,0.1409580838,
145,5,50,48.344,0.14498,
145,6,50.1,46.404,0.1388822355,0.1415686779
146,1,49.9,243.682,0.732244489,
147,1,50.1,169.775,0.5081237525,0.5081237525
148,1,50.2,240.827,0.7193426295,0.7193426295
149,1,50.2,219.433,0.655438247,0.655438247
150,1,50.1,84.444,0.2527345309,
150,2,50.1,84.537,0.2530139721,
150,3,50.1,84.884,0.2540518962,0.2532667997
151,1,49.7,464.642,1.4018309859,
152,1,50,292.713,0.87782,0.87782
153,1,49.9,397.251,1.1937074148,1.1937074148
154,1,49.8,265.123,0.7982730924,0.7982730924
155,1,50.2,50.378,0.1504780876,
155,2,50.2,50.058,0.1495219124,
155,3,50.2,50.525,0.1509163347,
155,4,50.2,49.851,0.1489043825,0.1499551793
156,1,48.8,233.772,0.7182991803,0.7182991803
157,1,49.9,237.906,0.7148897796,0.7148897796
158,1,50.1,403.413,1.2073852295,1.2073852295
159,1,50,69.439,0.20824,
159,2,49.9,70.092,0.2106212425,
159,3,49.9,69.659,0.2093186373,
159,4,50,69.665,0.20892,0.2092749699
160,1,50,388.748,1.16582,1.16582
161,1,50,90.166,0.2704,
161,2,50.6,91.593,0.2714229249,
161,3,50.4,91.433,0.2720238095,0.2712822448
162,1,50.3,586.24,1.7475944334,1.7475944334
163,1,50.4,48.918,0.1455357143,
163,2,50.1,46.59,0.1394411178,
163,3,49.9,46.744,0.1404609218,
163,4,50,46.484,0.1394,
163,5,49.7,46.437,0.1401006036,
163,6,49.9,46.377,0.1393587174,0.1407161792
164,1,49.9,309.539,0.9301402806,0.9301402806
165,1,49.8,47.531,0.1431124498,
165,2,49.8,47.064,0.1417068273,
165,3,49.9,47.771,0.1435470942,
165,4,50,49.698,0.14904,0.1443515928
166,1,50.1,391.362,1.1713173653,1.1713173653
167,1,50.1,180.826,0.5411976048,0.5411976048
168,1,50,464.569,1.3932,1.3932
169,1,50.3,47.371,0.1412127237,
169,2,50.3,49.531,0.1476540755,
169,3,49.9,46.997,0.1412224449,
169,4,50.2,47.737,0.1425896414,
169,5,50.2,46.737,0.1396015936,
169,6,50.2,47.751,0.1426294821,0.1424849935
170,1,50,81.476,0.24434,
170,2,50,85.071,0.25512,
170,3,50,85.144,0.25534,0.2516
171,1,50.3,237.78,0.7088270378,0.7088270378
172,1,49.9,61.916,0.1860521042,
172,2,49.9,60.862,0.1828857715,
172,3,49.9,60.055,0.1804609218,0.1831329325
173,1,49.7,239.667,0.7230784708,0.7230784708
174,1,49.7,239.667,0.7230784708,0.7230784708
175,1,43.6,747.458,2.5705963303,2.5705963303
176,1,50,79.862,0.2395,
176,2,50,79.402,0.23812,
176,3,50,79.082,0.23716,0.23826
177,1,49.8,86.585,0.2607028112,
177,2,49.8,88.039,0.2650803213,
177,3,50,90.179,0.27044,0.2654077108
178,1,50.2,213.424,0.6374900398,0.6374900398
179,1,50.2,47.637,0.1422908367,
179,2,50.2,46.49,0.1388645418,
179,3,50.1,46.784,0.1400199601,
179,4,50.1,46.67,0.1396806387,
179,5,50.1,47.271,0.1414770459,
179,6,50.1,49.105,0.1469660679,0.1415498485
180,1,50.3,86.765,0.2586481113,
180,2,50.1,86.752,0.2596407186,
180,3,50.2,89.666,0.2678286853,0.2620391717
181,1,49.9,399.565,1.2006613226,1.2006613226
182,1,50.1,92.033,0.2754491018,
182,2,50.1,89.859,0.2689421158,
182,3,50.1,88.679,0.2654091816,0.2699334664
183,1,50.2,47.297,0.1412749004,
183,2,50.2,49.511,0.1478884462,
183,3,50.1,47.457,0.1420359281,
183,4,50.1,47.591,0.1424351297,
183,5,50.1,47.831,0.1431536926,
183,6,50.2,47.504,0.1418924303,0.1431134212
184,1,50.1,394.063,1.1794011976,1.1794011976
185,1,50.1,394.063,1.1794011976,1.1794011976
186,1,49.9,129.02,0.3876953908,
186,2,48.8,125.812,0.3865778689,0.3871366298
187,1,50,22.808,0.0684,
187,2,50.1,22.848,0.0683832335,
187,3,50,22.748,0.06822,
187,4,50.2,22.835,0.0682071713,
187,5,50,22.435,0.06728,
187,6,49.9,22.688,0.0681763527,
187,7,49.9,23.008,0.0691382766,
187,8,50,22.768,0.06828,0.0682606293
188,1,50.2,95.028,0.2838446215,
188,2,50.2,129.08,0.3855577689,0.3347011952
189,1,50.2,95.028,0.2838446215,
189,2,50.2,129.08,0.3855577689,0.3347011952
190,1,50.2,179.505,0.5361752988,0.5361752988
191,1,50.2,305.571,0.9127290837,0.9127290837
192,1,30,519.749,2.5978,2.5978
193,1,50.1,187.668,0.5616766467,0.5616766467
194,1,50.1,126.139,0.3775249501,
194,2,50.1,126.313,0.3780439122,0.3777844311
195,1,49.9,83.67,0.2514228457,
195,2,50.1,83.704,0.2505189621,
195,3,50,84.004,0.25192,0.2512872693
196,1,50.2,214.365,0.6402988048,0.6402988048
197,1,49.7,92.267,0.2783702213,
197,2,49.3,91.827,0.2792900609,
197,3,50,93.1,0.2792,0.2789534274
198,1,50.2,344.032,1.0276095618,1.0276095618
199,1,50.2,165.407,0.494063745,0.494063745
200,1,49.7,83.984,0.2533802817,
200,1,49.8,83.097,0.2502008032,0.2517905425
201,1,49.8,347.086,1.045060241,1.045060241
203,1,50.3,606.2,1.8070974155,1.8070974155
204,1,50.2,525.344,1.5691832669,1.5691832669
205,1,50.1,342.704,1.0256886228,1.0256886228
206,1,49.6,120.55,0.3644354839,0.3644354839
207,1,49.6,169.848,0.5134677419,0.5134677419
208,1,49.6,314.087,0.949516129,0.949516129
209,1,50,65.937,0.19774,
209,1,50.1,68.878,0.2061477046,
209,1,50,68.572,0.20564,
209,1,50,68.585,0.20568,0.2038019261
210,1,50.1,128.787,0.3854491018,
210,2,50,129.827,0.38934,0.3873945509
211,1,50.1,85.264,0.2551896208,
211,2,50.3,85.691,0.2554473161,
211,3,50.3,85.018,0.2534393638,0.2546921002
212,1,50.1,318.636,0.9536526946,0.9536526946
213,1,50.3,344.952,1.0283101392,1.0283101392
214,1,50.2,441.267,1.3180478088,1.3180478088
215,1,49.8,521.483,1.5701606426,1.5701606426
216,1,50.3,371.795,1.1083300199,1.1083300199
217,1,50.1,400.345,1.1982035928,1.1982035928
218,1,50.1,563.558,1.6866866267,1.6866866267
219,1,50.2,247.957,0.7406374502,0.7406374502
220,1,50.1,342.858,1.0261477046,1.0261477046
221,1,50.2,80.062,0.2391434263,
221,2,50,80.136,0.24032,
221,3,50.2,81.196,0.2425298805,0.2406644356
222,1,50.2,84.297,0.2517928287,
222,2,50.2,84.464,0.2522908367,
222,3,50.3,83.61,0.2492445328,0.2511093994
223,1,50.3,247.243,0.7370377734,0.7370377734
224,1,49.7,86.025,0.2595372233,
224,2,50,86.491,0.25938,
224,3,49.8,86.258,0.2597188755,0.2595453663
225,1,50.3,545.705,1.6267594433,1.6267594433
226,1,49.9,69.579,0.2090781563,
226,2,50,69.058,0.2071,
226,3,49.9,69.505,0.2088577154,
226,4,49.9,69.218,0.207995992,0.2082579659
227,1,50.1,609.375,1.8238123752,1.8238123752
228,1,50.2,124.825,0.3728486056,
228,2,50.1,563.558,1.6866866267,1.0297676162
229,1,50.1,199.999,0.5985828343,0.5985828343
230,1,50.2,99.469,0.2971115538,
230,2,50,99.103,0.2972,
230,3,49.9,98.516,0.2960320641,0.296781206
231,1,49.9,200.546,0.6026252505,0.6026252505
233,1,50.3,422.387,1.2591451292,1.2591451292
234,1,50.1,411.149,1.2305389222,1.2305389222
235,1,50.4,545.705,1.623531746,0.7623214286
236,1,50.4,256.233,0.7623214286,0.7623214286
237,1,50.1,196.105,0.5869261477,0.5869261477
238,1,49.8,197.872,0.5957831325,0.5957831325
239,1,50.4,347.76,1.0346230159,1.0346230159
240,1,50.2,632.503,1.8892629482,2.0346230159
242,1,50,48.884,0.1466,
242,2,50.1,50.118,0.15,
242,3,50,50.352,0.151,
242,4,50,48.771,0.14626,0.148465
243,1,50.4,632.85,1.882797619,1.882797619
244,1,50.4,632.85,1.882797619,1.882797619
245,1,49.8,234.745,0.7068072289,0.7068072289
246,1,49.7,209.496,0.6320523139,0.6320523139
247,1,49.9,69.305,0.208256513,
247,2,49.9,69.512,0.2088777555,
247,3,49.7,68.838,0.2076861167,
247,4,49.7,69.639,0.2101006036,0.2087302472
248,1,49.7,47.764,0.1441046278,
248,1,49.8,47.671,0.1435341365,
248,1,49.7,47.417,0.1430583501,
248,1,49.7,47.624,0.1436820926,0.1435948017
249,1,50,127.533,0.38246,
249,1,49.7,127.053,0.3833199195,0.3828899598
250,1,50.7,71.206,0.210591716,
250,2,50.3,70.606,0.2104771372,
250,3,50.5,70.986,0.2107722772,
250,4,50.3,70.639,0.2105765408,0.2106044178
251,1,50.7,71.206,0.210591716,
251,2,50.3,70.606,0.2104771372,
251,3,50.5,70.986,0.2107722772,
251,4,50.3,70.639,0.2105765408,0.2106044178
253,1,50.2,194.817,0.5819123506,0.5819123506
254,1,50.1,245.449,0.7346107784,0.7346107784
255,1,50.1,347.033,1.0386427146,1.0386427146
256,1,50.1,347.033,1.0386427146,1.0386427146
257,1,50.2,91.393,0.2729880478,
257,2,50.1,89.192,0.2669461078,
257,3,50.1,89.473,0.2677844311,0.2692395289
258,1,50.1,523.984,1.568243513,1.568243513
260,1,50.3,631.85,1.8835586481,1.8835586481
261,1,49.8,81.776,0.2462248996,
261,2,49.9,82.57,0.2481162325,
261,3,49.7,82.043,0.2475251509,0.247288761
262,1,50.3,175.984,0.524612326,0.524612326
263,1,50.8,326.085,0.9625,0.9625
264,1,49.9,85.865,0.2580160321,
264,2,49.6,84.291,0.2548185484,
264,3,49.5,88.639,0.2685050505,0.2604465437
265,1,50.1,347.033,1.0386427146,
265,2,49.8,98.236,0.2957831325,
265,3,50,97.769,0.2932,
266,1,36.9,631.83,2.5674796748,2.5674796748
267,1,36.8,633.203,2.5800543478,2.5800543478
268,1,50.1,70.259,0.2102794411,0.2102794411
268,2,50.1,70.145,0.2099401198,0.2099401198
268,3,50.1,70.125,0.2098802395,0.2098802395
268,4,50.1,70.626,0.2113772455,0.2113772455
269,1,50.3,217.599,0.648667992,0.648667992
270,1,50,214.598,0.64356,0.64356
271,1,50.1,213.591,0.639261477,0.639261477
272,1,50.2,223.014,0.6661354582,0.6661354582
273,1,49.7,264.963,0.7993963783,0.7993963783
274,1,50.3,448.209,1.3361232604,1.3361232604
275,1,50.2,555.582,1.659501992,1.659501992
276,1,50.1,255.406,0.7644111776,0.7644111776
277,1,50.2,92.06,0.2749800797,
277,2,50.2,92.1,0.2750996016,
277,3,50.2,91.92,0.274561753,0.2748804781
278,1,50.4,70.386,0.2094047619,
278,2,50.4,69.999,0.2082539683,
278,3,50.4,70.906,0.210952381,0.209537037
279,1,49.9,65.811,0.197755511,
279,2,49.9,65.697,0.1974148297,
279,3,49.9,65.757,0.1975951904,
279,4,49.9,65.877,0.1979559118,0.1976803607
280,1,50.3,241.908,0.7211332008,0.7211332008
281,1,50.1,257.547,0.7708183633,0.7708183633
282,1,50.1,256.987,0.7691417166,0.7691417166
283,1,49.8,418.632,1.2604819277,1.2604819277
284,1,50.2,655.478,1.9578884462,1.9578884462
285,1,50,70.672,0.211938,
285,2,49.9,69.425,0.2086172345,
285,3,49.9,69.485,0.2087975952,
285,4,49.8,68.792,0.2071285141,0.2091203359
286,1,50.2,397.238,1.1865338645,1.1865338645
287,1,49.7,348.253,1.0506841046,1.0506841046
288,1,50.2,220.233,0.6578286853,0.6578286853
289,1,51.2,332.434,0.9735742188,0.9735742188
290,1,49.9,98.589,0.296252505,
290,2,49.9,98.649,0.2964328657,
290,3,50.1,99.263,0.2970858283,0.2965903997
291,1,50.1,242.101,0.7245908184,0.7245908184
292,1,50.1,266.877,0.798742515,0.798742515
293,1,50.1,70.746,0.2117365269,
293,2,50,70.632,0.21182,
293,3,50.1,70.492,0.2109780439,
293,4,50.2,70.772,0.2113944223,0.2114822483
297,1,50,329.9,0.98934,0.98934
298,1,49.9,361.771,1.0870941884,1.0870941884
299,1,50.5,257.207,0.7637029703,0.7637029703
300,1,50.3,260.981,0.7779920477,0.7779920477
301,1,50.2,173.95,0.5195816733,0.5195816733
302,1,50.1,180.132,0.5391217565,0.5391217565
303,1,50.1,92.467,0.276746507,
303,2,50.1,92.24,0.2760678643,
303,3,50.1,92.6,0.2771457086,0.2771457086
304,1,50.2,213.538,0.6378286853,0.6378286853
305,1,50.3,245.649,0.7322862823,0.7322862823
306,1,50.1,221.881,0.6640718563,0.6640718563
307,1,50.1,178.418,0.533992016,0.533992016
308,1,45.5,807.24,2.6602637363,2.6602637363
309,1,50.6,84.958,0.2517588933,
309,1,50.6,86.071,0.2550592885,
309,1,50.6,84.364,0.25,0.2522727273
310,1,49.9,136.71,0.4108016032,
310,2,49.1,135.729,0.4145010183,0.4126513108
311,1,50.1,165.28,0.4946706587,0.4946706587
312,1,49.9,332.154,0.9980961924,0.9980961924
313,1,50.1,531.86,1.5918163673,1.5918163673
314,1,49.8,695.613,2.0944578313,2.0944578313
317,1,50.4,525.331,1.5629166667,1.5629166667
318,1,50.2,48.244,0.1441035857,
318,2,50.2,48.091,0.1436454183,
318,3,50.2,48.271,0.1441832669,
318,4,50.3,48.164,0.1435785288,0.1438776999
319,1,50.2,48.244,0.1441035857,
319,2,50.2,48.091,0.1436454183,
319,3,50.2,48.271,0.1441832669,
319,4,50.3,48.164,0.1435785288,0.1438776999
320,1,50.1,128.047,0.3832335329,
320,2,50.2,128.26,0.3831075697,0.3831705513
321,1,50.3,354.622,1.0571371769,1.0571371769
322,1,49.9,86.818,0.2608817635,
322,2,50,90.119,0.27026,
322,3,50.4,89.999,0.2677579365,0.2662999
323,1,50,177.364,0.5319,0.5319
324,1,50.1,217.239,0.6501796407,0.6501796407
325,1,50,71.079,0.21316,
325,2,50,70.852,0.21248,
325,3,50,70.926,0.2127,
325,4,50,70.906,0.21264,0.212745
326,1,50.3,71.479,0.2130815109,
326,2,50.2,71.126,0.2124501992,
326,3,50.4,71.366,0.2123214286,
326,4,50.3,71.226,0.2123260437,0.2125447956
327,1,50.5,72.186,0.2143366337,
327,2,50.5,72.92,0.2165148515,
327,3,50.5,72.993,0.2167326733,
327,4,50.6,73.213,0.2169565217,0.21613517
328,1,50.1,50.612,0.1514770459,
328,2,50,48.984,0.1469,
328,3,50,50.578,0.15168,
328,4,50.3,51.165,0.1525248509,0.1506454742
329,1,50,50.532,0.15154,
329,2,50,50.778,0.15228,
329,3,50,50.965,0.15284,
329,4,50,50.618,0.1518,0.152115
330,1,49.8,62.943,0.1895180723,
330,2,49.7,62.796,0.1894567404,
330,3,49.8,63.156,0.1901606426,0.1901606426
331,1,50.1,322.651,0.9656686627,0.9656686627
332,1,50.2,330.067,0.9858964143,0.9858964143
333,0,0,0,#DIV/0!,0
334,1,50.3,219.913,0.6555666004,0.6555666004
335,1,49.9,558.67,1.678757515,1.678757515
336,1,50.1,109.32,0.3271856287,
336,2,50.1,109.58,0.3279640719,0.3279640719
337,1,50.2,89.859,0.2684063745,
337,2,50.2,88.866,0.265438247,
337,3,50,89.099,0.2672,0.2670148738
338,1,49.9,124.379,0.373747495,
338,2,50.1,124.419,0.3723752495,0.3730613722
339,1,50.2,123.378,0.3685258964,
339,2,50.1,123.845,0.3706586826,0.3695922895
340,1,50.2,166.234,0.4965338645,0.4965338645
341,1,50.2,303.377,0.9061752988,0.9061752988
342,1,50.1,196.471,0.5880239521,0.5880239521
343,1,44.7,221.147,0.7418344519,0.7418344519
344,1,50.4,46.117,0.137202381,
344,2,50.2,45.87,0.1370119522,
344,3,50.4,45.95,0.1367063492,
344,4,50.3,46.23,0.1378131213,0.1371834509
345,1,50.4,46.117,0.137202381,
345,2,50.2,45.87,0.1370119522,
345,3,50.4,45.95,0.1367063492,
345,4,50.3,46.23,0.1378131213,0.1371834509
348,1,42.4,744.691,2.6335613208,2.6335613208
349,1,46.6,496.567,1.5978111588,1.5978111588
350,1,50.3,69.805,0.2080914513,
350,2,50.5,68.952,0.2047326733,
350,3,50.5,69.492,0.2063366337,0.2063869194
351,1,49.8,455.872,1.3726104418,
352,1,50,459.6,1.3783,
353,1,49.5,251.285,0.7611919192,
354,1,49.7,296.428,0.8943259557,
355,1,49.8,303.884,0.9149799197,
356,1,50,141.118,0.4232,
356,2,49.6,140.778,0.4255846774,0.4243923387
357,1,49.8,165.08,0.4970481928,
357,2,50,165.26,0.4956,0.4963240964
358,1,50.3,200.139,0.5966202783,
359,1,51,611.922,1.7991176471,
360,1,48.9,553.168,1.6962167689,
361,0,0,0,#DIV/0!,
362,1,49.9,175.53,0.5274549098,
363,1,49.8,343.825,1.0352409639,
364,1,50,67.698,0.20302,
364,2,50,67.731,0.20312,
364,3,50,67.705,0.20304,0.20306
365,1,50.1,468.137,1.4010978044,
366,1,49.6,333.808,1.0091330645,
367,1,49.9,89.446,0.2687775551,
367,2,49.8,90.046,0.271124498,
367,3,49.8,89.986,0.2709437751,0.2702819427
368,1,50.1,327.752,0.9809381238,
369,1,50,467.39,1.40166,
370,1,49.6,87.125,0.2633870968,
370,2,49.6,88.299,0.2669354839,
370,3,49.6,87.852,0.2655846774,0.2653024194
371,1,49.5,319.549,0.967979798,
372,1,49.4,66.658,0.2023279352,
372,2,49.5,67.685,0.205030303,
372,3,49.8,67.471,0.2031526104,
372,4,49.6,65.49,0.197983871,0.2021236799
373,1,50.2,62.123,0.1855577689,
373,2,50.2,61.276,0.1830278884,
373,3,50.3,61.409,0.1830616302,0.1838824292
374,1,50.1,202.2,0.6051696607,
375,1,50.1,61.002,0.1825748503,
375,2,50.1,61.489,0.1840319361,
375,3,50.1,62.329,0.1865469062,0.1843845642
376,1,49.9,107.759,0.3238076152,
376,2,49.9,107.899,0.3242284569,
376,3,49.9,107.319,0.3224849699,0.323507014
377,1,49.7,82.95,0.2502615694,
377,2,50,83.737,0.25112,
377,3,50,82.923,0.24868,0.2500205231
378,1,50,218.146,0.6542,
379,1,50.1,246.343,0.7372854291,
380,1,49.9,134.729,0.4048496994,
380,2,50,134.175,0.40238,0.4036148497
381,1,50,601.605,1.80416,
382,1,49.9,577.943,1.7366733467,
383,1,50,250.158,0.7502,
384,1,50.1,212.644,0.6364271457,
385,1,50.2,477.56,1.4264541833,
386,1,50,107.839,0.3234,
386,2,50,107.906,0.3236,
386,3,49.8,107.299,0.3230722892,0.3233574297
387,1,49.5,173.083,0.5243030303,
387,2,50.1,179.045,0.5358682635,0.5300856469
388,1,50.1,46.97,0.1405788423,
388,2,50.1,48.324,0.1446307385,
388,3,50.1,46.53,0.139261477,
388,4,50,46.357,0.13902,
388,5,50,46.764,0.14024,
388,6,50.1,46.79,0.1400399202,0.1406284963
389,1,43.8,40.128,0.1373744292,
389,2,43.8,40.248,0.1377853881,
389,3,43.9,42.162,0.1440091116,
389,4,43.8,40.228,0.137716895,
389,5,43.7,40.095,0.1375743707,
389,6,43.9,40.648,0.1388382688,0.1388830772
390,1,50.2,66.091,0.1974103586,
390,2,50.2,66.564,0.1988247012,
390,3,50.2,66.604,0.1989442231,
390,4,50.3,66.558,0.1984095427,0.1983972064
391,1,50,299.696,0.89876,
392,1,50.1,394.343,1.180239521,
393,1,50.5,400.145,1.1881188119,
394,1,50.3,391.075,1.165805169,
395,1,50,388.241,1.1643,
396,1,50.1,386.854,1.1578243513,
397,1,50.4,390.982,1.1632142857,
398,1,50,63.543,0.19056,
398,2,50,63.556,0.1906,
398,3,50.1,63.65,0.190499002,
398,4,49.8,63.283,0.1905421687,0.1905502927
399,1,50,41.408,0.12418,
399,2,50,41.388,0.12412,
399,3,49.8,40.708,0.1225702811,
399,4,49.8,41.035,0.1235542169,0.1236061245
400,1,49.9,192.917,0.5796993988,
401,1,50.1,222.928,0.6672055888,
402,1,50,130.247,0.3906,
403,1,50.2,149.821,0.4475099602,
404,1,50,31.451,0.09432,
404,2,49.9,31.345,0.0941883768,
404,3,49.8,31.145,0.0937751004,
404,4,50.1,31.578,0.094510978,
404,5,49.7,31.265,0.0943259557,
404,6,50.2,31.678,0.0946215139,0.0942903208
405,1,50.1,310.906,0.9305189621,
406,1,50,269.891,0.80938,
407,1,50.1,99.276,0.2971257485,
407,2,50.1,99.583,0.2980439122,
407,3,49.8,98.796,0.2974698795,0.2975465134
408,1,50,309.806,0.92908,
409,1,50,140.018,0.4199,
409,2,49.8,139.424,0.4197991968,0.4198495984
410,1,49.9,96.495,0.2899599198,
410,2,49.8,96.082,0.2892971888,
410,3,49.5,95.768,0.2901010101,0.2897860396
411,1,50.7,91.166,0.2696252465,
411,2,50.9,91.793,0.2704125737,
411,3,50.8,90.786,0.2679724409,0.2693367537
412,1,49.9,89.406,0.2686573146,
412,2,49.7,89.092,0.2687927565,
412,3,49.9,89.246,0.2681763527,0.2685421413
413,1,49.8,89.613,0.2698192771,
413,2,49.8,89.166,0.2684738956,
413,3,49.8,89.299,0.268875502,0.2690562249
414,1,49.8,88.992,0.2679518072,
414,2,49.7,89.059,0.2686921529,
414,3,49.7,89.419,0.269778672,0.2688075441
415,1,49.9,592.582,1.7806613226,
416,1,49.8,1401.956,4.2212248996,
417,1,50.3,596.377,1.7778131213,
418,1,49.9,288.211,0.8660521042,
419,1,50,71.686,0.21498,
419,2,50,71.326,0.2139,
419,3,50,71.793,0.2153,
419,4,50,71.673,0.21494,0.21478
420,1,49.8,217.572,0.6551004016,
421,1,49.9,270.091,0.8116032064,
422,1,49.7,180.726,0.5452515091,
423,1,50,81.996,0.2459,
423,2,49.7,81.296,0.2452716298,
423,3,50,81.79,0.24528,0.2454838766
424,1,50.2,63.29,0.1890438247,
424,2,50,62.289,0.1868,
424,3,50.2,61.482,0.1836454183,0.1864964143
425,1,49.9,218.446,0.6564128257,
426,1,50,48.471,0.14536,
426,2,50.1,48.658,0.1456287425,
426,3,50.2,48.651,0.1453187251,
426,4,50.1,48.618,0.145508982,0.1454541124
427,1,50.5,396.864,1.1783762376,
428,1,50.2,132.015,0.3943227092,
428,2,50.2,132.515,0.3958167331,0.3950697211
429,1,50.1,479.914,1.4363473054,
430,1,50,294.347,0.88272,
431,1,50.1,110.614,0.3310578842,
431,2,50.1,109.52,0.3277844311,0.3294211577
432,1,0,0,#DIV/0!,
433,1,50,600.051,1.7995,
434,1,50.4,205.428,0.6111706349,
435,1,50.1,598.597,1.7915568862,
436,1,49.9,128.053,0.3847895792,
436,2,50.2,128.74,0.3845418327,0.3846657059
437,0,0,0,#DIV/0!,
438,1,50.1,597.837,1.7892814371,
439,1,49.9,127.9,0.3843286573,
439,2,50.1,127.24,0.3808183633,0.3825735103
440,1,50.2,71.133,0.2124701195,
440,2,50.1,70.779,0.2118363273,
440,3,50.3,71.026,0.2117296223,
440,4,50.2,70.812,0.2115139442,0.2118875033
441,1,50,70.952,0.21278,
441,2,50.1,70.519,0.2110578842,
441,3,50,70.399,0.21112,
441,4,50,70.559,0.2116,0.2116394711
442,1,49.7,176.384,0.5321529175,
443,1,50.1,219.1,0.655748503,
444,1,0,0,#DIV/0!,
445,1,50.1,607.367,1.8178043912,
446,1,50.1,1409.105,4.2173453094,
447,1,50.1,1409.105,4.2173453094,
448,1,50.1,176.171,0.5272654691,
449,1,50,264.99,0.79468,
450,1,50,47.797,0.14334,
450,2,49.8,48.898,0.1472289157,
450,3,50.1,46.93,0.1404590818,
450,4,50.1,49.545,0.1482834331,0.1448278577
451,1,50,390.669,1.17158,
452,1,50.3,241.048,0.7185685885,
453,1,50.2,456.853,1.3646015936,
454,1,50.4,306.291,0.91125,
455,1,50.1,106.292,0.3181237525,
455,2,50.1,105.925,0.3170259481,
455,3,50.1,105.772,0.3165668663,0.3172388556
456,1,50.2,48.411,0.1446015936,
456,2,50.1,48.471,0.1450698603,
456,3,50.3,48.584,0.1448310139,
456,4,50.2,48.464,0.1447609562,0.144815856
457,1,50,104.998,0.31488,
457,2,50.2,104.518,0.3121912351,
457,3,50.1,105.118,0.3146107784,0.3138940045
458,1,50,104.638,0.3138,
458,2,50.1,103.338,0.3092814371,
458,2,50,103.644,0.31082,0.311300479
459,1,50.1,330.453,0.9890219561,
460,1,49.9,333.775,1.0029659319,
461,1,49.8,181.926,0.5477710843,
462,1,50.2,292.046,0.8723306773,
463,1,50.3,105.038,0.3131212724,
463,2,50.3,105.698,0.3150894632,0.3141053678
464,1,49.8,291.726,0.878373494,
465,1,50.2,24.015,0.0717330677,
465,2,50.3,23.388,0.06972167,
465,3,50.2,23.875,0.071314741,
465,4,50.3,23.809,0.0709741551,
465,5,50.1,23.569,0.0705389222,
465,6,50.3,23.809,0.0709741551,
465,7,50.2,23.815,0.0711354582,
465,8,50.2,23.835,0.0711952191,0.0709484235
466,1,50.1,393.856,1.1787824351,
467,1,50.1,1415.394,4.2361676647,
468,1,49.9,47.244,0.1419639279,
468,2,49.9,47.684,0.1432865731,
468,3,49.9,47.271,0.1420440882,
468,4,49.9,47.01,0.1412625251,0.1421392786
469,1,49.9,309.206,0.9291382766,
470,1,50.5,329.673,0.9788712871,
471,1,50.2,230.25,0.687749004,
472,1,50.1,46.584,0.1394211577,
472,2,50.1,48.117,0.144011976,
472,3,50.4,47.617,0.1416666667,0.1416999335
473,1,50.1,156.99,0.4698602794,
474,1,50.5,114.542,0.3400990099,
474,2,50.7,114.868,0.3397238659,0.3399114379
475,1,51,137.95,0.4055882353,
475,2,50.8,137.397,0.4055511811,0.4055697082
476,1,50.2,39.028,0.1165737052,
476,2,50.1,39.448,0.1180638723,
476,3,50.3,39.434,0.117554672,
476,4,50.1,39.501,0.1182235529,0.1176039506
477,1,50.3,350.374,1.044473161,
478,1,50.5,370.255,1.0993663366,
479,1,50,307.452,0.92202,
480,1,49.9,135.889,0.4083366733,
480,2,49.9,135.156,0.4061322645,0.4072344689
481,1,49.7,141.972,0.4283299799,
482,1,50,149.221,0.4475,
482,2,50,149.674,0.44886,0.3968537278
483,1,50.7,99.476,0.2942011834,
483,2,50.7,100.083,0.2959960552,
483,3,50.7,99.616,0.2946153846,0.2949375411
484,1,50.1,102.21,0.3059081836,
484,2,50,99.036,0.297,
484,3,50.1,99.376,0.2974251497,0.3001111111
485,1,50,40.568,0.12166,
485,2,49.9,40.355,0.1212625251,
485,3,50,39.634,0.11886,
485,5,49.9,40.635,0.1221042084,0.1209716834
486,1,50,309.312,0.9276,
487,1,49.9,601.458,1.8073346693,
488,1,50.3,461.954,1.3770974155,
489,1,49.8,225.809,0.6798995984,
490,1,50.1,604.726,1.8099001996,
491,1,49.9,134.235,0.4033667335,
491,2,50,135.269,0.40566,0.4045133667
492,1,50.3,104.931,0.3128031809,
492,2,50.2,105.652,0.3155776892,
492,3,50.3,106.125,0.316361829,0.3149142331
493,1,50.2,106.372,0.3177290837,
493,2,50.3,105.572,0.3147117296,
493,3,50.3,100.37,0.2992047714,0.3105485282
494,1,50,107.166,0.32138,
494,2,50.3,107.639,0.3208747515,
494,3,49.9,107.172,0.3220440882,0.3214329466
495,1,49.9,39.261,0.1179759519,
495,2,50,39.408,0.11818,
495,3,50,38.974,0.11688,
495,4,50,39.381,0.1181,0.117783988
496,1,50,53.499,0.16044,
496,2,50.2,53.733,0.160498008,
496,3,50,53.279,0.15978,
496,4,49.9,53.526,0.1608416834,
496,5,49.9,53.019,0.1593186373,
496,6,49.9,53.526,0.1608416834,0.1602866687
497,1,50.3,606.354,1.807554672,
498,1,50,216.259,0.64854,
499,1,50,63.196,0.18952,
499,2,50,62.856,0.1885,
499,3,50,63.103,0.18924,
499,4,50,62.683,0.18798,0.18881
500,1,50,306.125,0.91804,
501,1,50.4,307.072,0.9135714286,
502,1,49.9,419.319,1.2600200401,
503,1,50.1,133.202,0.3986626747,
503,2,50,132.308,0.39678,0.3977213373
504,1,50.1,131.341,0.3930938124,
504,2,50,131.715,0.395,0.3940469062
505,1,50.1,242.842,0.7268063872,
506,1,50,463.902,1.3912,
507,1,50.3,65.537,0.1953677932,
507,2,49.9,65.657,0.1972945892,
507,3,50,65.731,0.19712,
507,4,50.1,65.544,0.1961676647,0.1964875118
508,1,50.1,49.105,0.1469660679,
508,2,50,47.551,0.1426,
508,3,50.1,47.651,0.1426147705,
508,4,50.1,47.971,0.1435728543,
508,5,50.2,47.677,0.1424103586,
508,6,50.3,47.704,0.1422067594,0.1433951351
509,1,50,1419.015,4.2555,
510,1,50.3,144.639,0.4311729622,
511,1,50.5,23.342,0.0693069307,
511,2,50.6,24.162,0.0716007905,
511,3,50.4,23.288,0.0692857143,
511,4,50.6,23.742,0.0703557312,
511,5,50.2,23.715,0.0708366534,
511,6,50.3,23.742,0.0707753479,
511,7,50.2,23.562,0.0703784861,
511,8,50.1,23.602,0.0706387226,0.0703972971
512,1,50.2,126.266,0.3771513944,
513,1,50.1,47.504,0.1421756487,
513,2,50,47.311,0.14188,
513,3,50.2,47.551,0.1420318725,
513,4,50,4.928,0.01478,0.1102168803
514,1,49.8,91.273,0.2748192771,
514,2,49.9,90.82,0.2729058116,
514,3,49.8,91.02,0.2740562249,0.2739271045
515,1,50,244.682,0.73378,
516,1,50,583.118,1.74872,
517,1,50.4,1451.494,4.3183531746,
518,1,50,1430.053,4.2886,
519,1,50.1,1444.531,4.3233732535,
520,1,50.2,145.453,0.4344621514,
520,2,50.3,145.92,0.4349900596,0.4347261055
521,1,50.1,334.828,1.0021157685,
522,1,50.1,92.387,0.276506986,
522,2,49.9,92.107,0.2767735471,
522,3,50.1,91.933,0.2751497006,0.2761434112
523,1,50.4,440.073,1.309265873,
524,1,50.3,558.076,1.663638171,
525,1,50.1,1439.443,4.3081437126,
526,1,49.8,381.925,1.1499598394,
527,1,49.7,392.669,1.1846881288,
528,1,50.2,85.711,0.1,
528,2,50.1,85.098,0.2546906188,
528,3,50.4,86.545,0.2574801587,0.2040569258
529,1,50.2,85.711,0.2560159363,
529,2,50.1,85.098,0.2546906188,
529,3,50.4,86.545,0.2574801587,0.2560622379
530,1,50.1,390.989,1.1701996008,
531,1,50.4,322.25,0.9587301587,
532,1,49.9,473.585,1.4230861723,
533,1,50.5,221.174,0.6567128713,
534,1,50,251.325,0.7537,
535,1,50.4,275.247,0.8188888889,
536,1,49.3,268.257,0.8159026369,
537,1,50.2,364.759,1.0895219124,
538,1,0,0,#DIV/0!,
539,1,50,144.979,0.43478,
540,1,50,244.322,0.7327,
541,1,50,310.633,0.93156,
542,1,50,193.604,0.5806,
543,1,50.4,52.472,0.1561111111,
543,2,50.4,52.752,0.1569444444,
543,3,50.1,50.618,0.151497006,
543,4,50.1,50.752,0.1518962076,0.1541121923
544,1,50.3,65.951,0.1966003976,
544,2,50,65.537,0.19654,0.1965701988
545,1,50,271.199,0.8133,
546,1,50.2,129.58,0.3870517928,
546,2,50.2,129.527,0.3868924303,0.3869721116
547,1,50.3,562.491,1.6767992048,
548,1,50,296.721,0.88984,
549,1,50,224.135,0.67216,
550,1,50.3,45.683,0.1361829026,
550,2,50.3,45.663,0.1361232604,
550,3,50.5,48.131,0.1429108911,
550,4,50.5,48.131,0.1429108911,
550,5,50.5,45.737,0.1358019802,
550,6,50.6,46.03,0.1364031621,0.1383888479
551,1,50,601.792,1.80472,
552,1,50,244.389,0.7329,
553,1,50,245.356,0.7358,
554,1,50.1,245.483,0.7347105788,
555,1,0,0,#DIV/0!,
556,1,50,356.196,1.0682,
557,1,50.7,126.099,0.372938856,
557,2,50.9,126.739,0.3733595285,0.3731491923
558,1,50.1,48.618,0.145508982,
558,2,50.4,48.644,0.1447222222,
558,3,50.4,48.724,0.1449603175,
558,4,50.6,49.131,0.1455928854,0.1451961018
559,1,50,143.072,0.42906,
559,2,50.1,144.086,0.431237525,0.4301487625
560,1,50,359.104,1.07692,
561,1,50.2,385.914,1.1527091633,
562,1,50.1,218.753,0.6547105788,
563,1,50.2,1422.363,4.2485458167,
564,1,50,1432.947,4.29728,
565,1,50.1,1436.322,4.2988023952,
566,1,49.4,86.071,0.2612550607,
566,2,49.4,85.158,0.2584817814,
566,3,49.4,84.564,0.2566801619,0.258805668
567,1,49.5,79.609,0.2411515152,
567,2,49,80.496,0.2463265306,
567,3,49,81.236,0.2485918367,0.2453566275
568,1,50.2,223.568,0.6677888446,
569,0,0,0,#DIV/0!,
570,1,50.1,126.773,0.3794211577,
570,2,50,128.733,0.38606,0.3827405788
571,1,50,220.187,0.66032,
572,1,50,215.198,0.64536,
573,1,50,524.07,1.57164,
574,1,50.1,524.524,1.5698602794,
575,1,49.6,190.382,0.5755443548,
576,1,50.1,559.523,1.6746107784,
577,1,49.9,218.239,0.6557915832,
578,1,50.8,127.586,0.3765944882,
578,2,50.6,129.587,0.3840118577,0.3803031729
579,1,50,527.952,1.58328,
580,1,42.5,746.038,2.6321176471,
581,1,50.4,1438.343,4.2792261905,
582,1,50,83.61,0.25074,
582,2,50,83.064,0.2491,
582,3,50.2,83.584,0.2496613546,0.2498337849
583,1,50.3,47.144,0.1405367793,
583,2,50.3,46.47,0.138528827,
583,3,50.3,47.311,0.1410337972,
583,4,50.3,49.125,0.1464413519,
583,5,50.3,47.664,0.1420874751,
583,6,50.3,47.217,0.1407554672,0.1415639496
584,1,50,564.859,1.69396,
585,1,50,290.999,0.87268,
586,1,50,146.04,0.43796,
587,1,50,38.994,0.11694,
587,2,50,39.148,0.1174,
587,3,50,39.074,0.11718,
587,4,49.8,39.014,0.1174698795,0.1172474699
588,1,49.8,83.697,0.2520080321,
588,2,50.2,84.191,0.2514741036,
588,3,50.3,85.018,0.2534393638,0.2523071665
589,1,50.2,50.618,0.1511952191,
589,2,50.4,51.565,0.1534126984,
589,3,50.3,50.985,0.1519880716,
589,4,50.3,51.219,0.1526838966,0.1523199714
590,1,50.3,51.259,0.1528031809,
590,2,50.3,50.878,0.1516699801,
590,3,50.3,51.132,0.1524254473,
590,4,50.3,51.779,0.1543538767,0.1528131213
591,1,50.4,306.298,0.9112698413,
,,,,#DIV/0!,
,,,,#DIV/0!,
,,,,#DIV/0!,
,,,,#DIV/0!,
,,,,#DIV/0!,
,,,,#DIV/0!,
