fecha,hora,respons,nro_caja,d_cantidad,nro_pedido_interno,es_fix,OK
20190506,NULL,9,173,-1,25197,0,NULL
20190529,NULL,9,311,-1,NULL,1,NULL
20190530,NULL,9,312,-1,NULL,1,NULL
20190530,NULL,9,65,-1,NULL,1,NULL
20190531,NULL,9,66,-1,NULL,1,NULL
20190606,NULL,9,174,-1,NULL,0,NULL
20190606,NULL,9,175,-1,NULL,0,NULL
20190610,NULL,5,176,-1,25200,0,NULL
20190620,NULL,10,177,-1,24606,0,NULL
20190620,NULL,10,178,-1,24611,0,NULL
20190620,NULL,10,179,-1,24615,0,NULL
20190625,NULL,11,273,-1,24616,1,NULL
20190627,NULL,3,274,-1,24617,1,NULL
20190628,NULL,10,275,-1,24619,1,NULL
20190701,NULL,10,276,-1,24622,1,NULL
20190701,NULL,11,277,-1,24623,1,NULL
20190702,NULL,5,62,-1,24624,0,NULL
20190703,NULL,10,278,-1,24627,1,NULL
20190704,NULL,4,279,-1,24628,1,NULL
20190705,NULL,10,280,-1,24629,1,NULL
20190705,NULL,10,281,-1,24630,1,NULL
20190709,NULL,4,282,-1,24632,1,NULL
20190710,NULL,10,283,-1,24635,1,NULL
20190710,NULL,10,284,-1,24637,1,NULL
20190715,NULL,5,180,-1,24639,0,NULL
20190716,NULL,5,190,-1,24641,0,NULL
20190718,NULL,10,285,-1,24645,1,NULL
20190729,NULL,5,191,-1,24648,0,NULL
20190731,NULL,11,286,-1,24649,1,NULL
20190805,NULL,5,287,-1,31101,1,NULL
20190808,NULL,4,181,-1,31102,0,NULL
20190809,NULL,4,288,-1,31103,1,NULL
20190813,NULL,4,289,-1,31104,1,NULL
20190816,NULL,4,290,-1,31105,1,NULL
20190819,NULL,4,192,-1,31106,0,NULL
20190823,NULL,4,291,-1,31108,1,NULL
20190826,NULL,5,292,-1,31109,1,NULL
20190828,NULL,10,293,-1,31111,1,NULL
20190828,NULL,11,294,-1,31112,1,NULL
20190828,NULL,11,295,-1,31112,1,NULL
20190903,NULL,10,313,-1,31115,0,NULL
20190903,NULL,10,296,-1,31115,1,NULL
20190917,NULL,10,194,-1,31119,0,NULL
20190918,NULL,10,195,-1,31121,0,NULL
20190919,NULL,10,196,-1,31122,0,NULL
20190919,NULL,10,197,-1,31057,0,NULL
20190923,NULL,4,200,-1,31071,0,NULL
20190923,NULL,10,198,-1,31124,0,NULL
20190923,NULL,10,199,-1,31124,0,NULL
20190925,NULL,10,201,-1,31127,0,NULL
20190925,NULL,10,202,-1,31127,0,NULL
20190925,NULL,10,203,-1,31127,0,NULL
20190927,NULL,10,297,-1,31130,1,NULL
20190927,NULL,10,298,-1,31130,1,NULL
20190927,NULL,10,299,-1,31130,1,NULL
20191001,NULL,4,300,-1,31131,1,NULL
20191004,NULL,10,182,-1,31131,0,NULL
20191004,NULL,10,183,-1,31132,0,NULL
20191007,NULL,4,302,-1,31134,1,NULL
20191007,NULL,5,301,-1,31133,1,NULL
20191008,NULL,5,303,-1,31134,1,NULL
20191009,NULL,10,304,-1,31135,1,NULL
20191009,NULL,10,305,-1,31135,1,NULL
20191010,NULL,10,306,-1,31135,1,NULL
20191014,NULL,10,204,-1,31136,0,NULL
20191015,NULL,5,205,-1,31136,0,NULL
20191016,NULL,10,193,-1,31118,0,NULL
20191016,NULL,11,27,-1,31136,0,NULL
20191017,NULL,5,314,-1,31137,0,NULL
20191018,NULL,10,321,-1,31137,0,NULL
20191021,NULL,8,206,-1,31137,0,NULL
20191022,NULL,13,207,-1,31137,0,NULL
20191022,NULL,13,322,-1,31137,0,NULL
20191022,NULL,13,307,-1,31137,1,NULL
20191023,NULL,5,323,-1,31138,0,NULL
20191024,NULL,5,308,-1,31138,1,NULL
20191028,NULL,5,208,-1,31139,0,NULL
20191028,NULL,5,209,-1,31139,0,NULL
20191030,NULL,1,210,-1,31145,0,NULL
20191030,NULL,1,211,-1,31145,0,NULL
20191030,NULL,1,212,-1,31145,0,NULL
20191030,NULL,1,213,-1,31145,0,NULL
20191030,NULL,1,214,-1,31145,0,NULL
20191030,NULL,1,309,-1,31145,1,NULL
20191030,NULL,1,310,-1,31145,1,NULL
20191030,NULL,1,68,-1,31145,1,NULL
20191030,NULL,1,70,-1,31145,1,NULL
20191030,NULL,5,324,-1,31142,0,NULL
20191031,NULL,5,136,-1,31142,0,NULL
20191101,NULL,5,184,-1,31146,0,NULL
20191101,NULL,5,71,-1,31146,1,NULL
20191101,NULL,5,72,-1,31146,1,NULL
20191105,NULL,5,185,-1,31146,0,NULL
20191108,NULL,5,215,-1,31148,0,NULL
20191112,NULL,5,73,-1,31148,1,NULL
20191114,NULL,9,217,-1,31150,0,NULL
20191114,NULL,9,325,-1,31149,0,NULL
20191114,NULL,15,216,-1,31150,0,NULL
20191118,135500,5,74,-1,31201,1,NULL
20191118,135500,5,75,-1,31201,1,NULL
20191119,090500,5,76,-1,31201,1,NULL
20191119,090500,5,77,-1,31201,1,NULL
20191119,140600,5,78,-1,31201,1,NULL
20191120,153000,5,188,-1,31202,0,NULL
20191121,153000,5,186,-1,31202,0,NULL
20191122,101500,11,187,-1,31203,0,NULL
20191122,101500,11,189,-1,31203,0,NULL
20191125,100000,12,326,-1,31203,0,NULL
20191125,100000,12,327,-1,31203,0,NULL
20191126,140700,14,225,-1,31204,1,NULL
20191126,140700,15,226,-1,31204,1,NULL
20191127,NULL,5,229,-1,31205,1,NULL
20191127,NULL,5,232,-1,31205,1,NULL
20191127,142000,9,228,-1,31205,1,NULL
20191127,142000,9,231,-1,31205,1,NULL
20191127,085500,10,227,-1,31204,1,NULL
20191127,085500,10,230,-1,31204,1,NULL
20191202,074000,5,218,-1,31206,0,NULL
20191202,074000,5,221,-1,31206,0,NULL
20191202,144400,9,220,-1,31207,0,NULL
20191202,144400,9,223,-1,31207,0,NULL
20191202,095800,12,219,-1,31207,0,NULL
20191202,095800,12,222,-1,31207,0,NULL
20191203,112500,11,233,-1,31208,1,NULL
20191203,112500,11,234,-1,31208,1,NULL
20191204,093400,9,235,-1,31208,1,NULL
20191204,093400,9,236,-1,31208,1,NULL
20191205,NULL,9,237,-1,31209,1,NULL
20191205,NULL,9,238,-1,31209,1,NULL
20191206,NULL,12,315,-1,31209,0,NULL
20191209,090000,5,239,-1,31211,1,NULL
20191209,110800,9,240,-1,31211,1,NULL
20191210,145000,5,244,-1,31212,1,NULL
20191210,143800,9,241,-1,31211,1,NULL
20191210,083900,10,242,-1,31212,1,NULL
20191210,112300,12,243,-1,31212,1,NULL
20191211,095800,9,245,-1,31213,1,NULL
20191211,134500,15,246,-1,31213,1,NULL
20191212,093700,5,247,-1,31215,1,NULL
20191213,083800,9,248,-1,31215,1,NULL
20191216,111900,9,250,-1,31216,1,NULL
20191216,145000,9,251,-1,31216,1,NULL
20191216,NULL,10,249,-1,31216,1,NULL
20191217,132400,9,252,-1,31217,1,NULL
20191218,104400,9,255,-1,31217,1,NULL
20191218,144600,9,256,-1,31217,1,NULL
20191219,085200,9,257,-1,31218,1,NULL
20191219,141000,12,258,-1,31219,1,NULL
20191220,NULL,9,259,-1,31220,1,NULL
20191223,NULL,9,130,-1,NULL,0,NULL
20200102,144500,12,224,-1,31225,0,NULL
20200106,094100,9,260,-1,31227,1,NULL
20200110,132100,9,261,-1,31229,1,NULL
20200114,NULL,9,262,-1,31230,1,NULL
20200115,112000,9,263,-1,31231,1,NULL
20200116,083500,9,264,-1,31232,1,NULL
20200116,101600,9,265,-1,31232,1,NULL
20200120,144600,5,267,-1,31235,1,NULL
20200120,NULL,9,129,-1,NULL,0,NULL
20200120,NULL,9,266,-1,31233,1,NULL
20200121,102200,5,131,-1,31236,0,NULL
20200124,NULL,5,268,-1,31239,1,NULL
20200124,114900,9,316,-1,31238,0,NULL
20200124,114900,9,317,-1,31238,0,NULL
20200124,114900,9,318,-1,31238,0,NULL
20200127,152400,9,54,-1,31240,0,NULL
20200127,NULL,9,79,-1,31240,0,NULL
20200127,NULL,9,269,-1,31240,1,NULL
20200129,153300,15,70,-1,31242,0,NULL
20200130,094400,9,60,-1,31243,0,NULL
20200130,152500,9,120,-1,31244,0,NULL
20200131,NULL,9,51,-1,31244,0,NULL
20200203,NULL,15,52,-1,31246,0,NULL
20200203,NULL,15,53,-1,31245,0,NULL
20200204,132500,9,77,-1,31248,0,NULL
20200204,NULL,10,78,-1,31248,0,NULL
20200206,094000,9,331,-1,31249,0,NULL
20200207,151100,9,76,-1,30451,0,NULL
20200210,093500,15,126,-1,30452,0,NULL
20200213,NULL,9,362,-1,30455,0,NULL
20200214,143500,9,350,-1,30456,0,NULL
20200214,NULL,15,339,-1,30455,0,NULL
20200217,142500,9,68,-1,30457,0,NULL
20200217,091600,9,73,-1,30456,0,NULL
20200220,NULL,9,164,-1,30460,0,NULL
20200220,105000,9,364,-1,30460,0,NULL
20200224,NULL,9,332,-1,30461,0,NULL
20200225,110900,9,372,-1,30462,0,NULL
20200228,102100,9,20,-1,30465,0,NULL
20200302,NULL,9,371,-1,30465,0,NULL
20200303,135900,9,343,-1,30465,0,NULL
20200304,094000,9,357,-1,30466,0,NULL
20200305,NULL,9,380,-1,30467,0,NULL
20200311,NULL,9,375,-1,30469,0,NULL
20200312,140400,9,358,-1,30469,0,NULL
20200317,154400,15,378,-1,30471,0,NULL
20200319,NULL,15,21,-1,30471,0,NULL
20200413,NULL,15,355,-1,30473,0,NULL
20200421,093100,9,374,-1,30474,0,NULL
20200422,092300,9,166,-1,30474,0,NULL
20200422,150700,9,367,-1,30474,0,NULL
20200423,150400,12,390,-1,30475,0,NULL
20200423,150400,12,390,-1,30475,0,NULL
20200428,092300,10,391,-1,30475,0,NULL
20200430,NULL,9,379,-1,30476,0,NULL
20200505,NULL,9,167,-1,30476,0,NULL
20200507,140000,10,393,-1,30477,0,NULL
20200513,094800,9,392,-1,30478,0,NULL
20200519,093600,10,165,-1,30480,0,NULL
20200520,NULL,9,373,-1,30480,0,NULL
20200520,NULL,9,381,-1,30480,0,NULL
20200521,144100,12,370,-1,30482,0,NULL
20200525,091500,12,337,-1,30483,0,NULL
20200526,152000,9,377,-1,30484,0,NULL
20200526,090000,12,376,-1,30484,0,NULL
20200527,NULL,5,366,-1,30485,0,NULL
20200528,145300,10,22,-1,30486,0,NULL
20200529,NULL,9,1,-1,30487,0,NULL
20200529,091100,14,19,-1,30486,0,NULL
20200601,NULL,5,72,-1,30488,0,NULL
20200603,083900,9,368,-1,30489,0,NULL
20200608,NULL,5,335,-1,30491,0,NULL
20200608,070800,12,352,-1,30490,0,NULL
20200609,NULL,5,336,-1,30491,0,NULL
20200610,132000,11,117,-1,30492,0,NULL
20200615,NULL,15,253,-1,30493,0,NULL
20200616,154300,3,395,-1,30494,0,NULL
20200618,150200,5,359,-1,30496,0,NULL
20200619,134400,15,353,-1,30497,0,NULL
20200622,142800,9,16,-1,30497,0,NULL
20200624,105300,10,394,-1,30498,0,NULL
20200625,000000,9,254,-1,30498,0,NULL
20200627,NULL,5,397,-1,30499,0,NULL
20200701,NULL,5,128,-1,30500,0,NULL
20200701,NULL,5,398,-1,30500,0,NULL
20200702,NULL,5,121,-1,30500,0,NULL
20200703,154300,5,11,-1,31751,0,NULL
20200707,090100,10,401,-1,31752,0,NULL
20200708,132600,9,402,-1,31753,0,NULL
20200710,130900,10,399,-1,31755,0,NULL
20200710,NULL,10,405,-1,31755,0,NULL
20200710,145500,15,396,-1,31755,0,NULL
20200714,NULL,5,404,-1,31756,0,NULL
20200716,NULL,5,10,-1,31758,0,NULL
20200716,NULL,9,13,-1,31758,0,NULL
20200717,132300,10,40,-1,31759,0,NULL
20200718,NULL,9,44,-1,31759,0,NULL
20200720,101800,5,347,-1,31760,0,NULL
20200720,NULL,5,351,-1,31760,0,NULL
NULL,NULL,0,137,-1,NULL,1,NULL
NULL,NULL,0,138,-1,NULL,1,NULL
NULL,NULL,0,139,-1,NULL,1,NULL
NULL,NULL,0,140,-1,NULL,1,NULL
NULL,NULL,0,141,-1,NULL,1,NULL
NULL,NULL,0,142,-1,NULL,1,NULL
NULL,NULL,0,143,-1,NULL,1,NULL
NULL,NULL,0,144,-1,NULL,1,NULL
NULL,NULL,0,145,-1,NULL,1,NULL
NULL,NULL,0,146,-1,NULL,1,NULL
NULL,NULL,0,147,-1,NULL,1,NULL
NULL,NULL,0,148,-1,NULL,1,NULL
NULL,NULL,0,149,-1,NULL,1,NULL
NULL,NULL,0,150,-1,NULL,1,NULL
NULL,NULL,0,151,-1,NULL,1,NULL
NULL,NULL,0,152,-1,NULL,1,NULL
NULL,NULL,0,153,-1,NULL,1,NULL
NULL,NULL,0,154,-1,NULL,1,NULL
NULL,NULL,0,155,-1,NULL,1,NULL
NULL,NULL,0,156,-1,NULL,1,NULL
NULL,NULL,0,157,-1,NULL,1,NULL
NULL,NULL,0,158,-1,NULL,1,NULL
NULL,NULL,0,159,-1,NULL,1,NULL
NULL,NULL,0,160,-1,NULL,1,NULL
NULL,NULL,0,161,-1,NULL,1,NULL
NULL,NULL,0,162,-1,NULL,1,NULL
NULL,NULL,0,163,-1,NULL,1,NULL
NULL,NULL,0,171,-1,NULL,1,NULL
NULL,NULL,0,172,-1,NULL,1,NULL
NULL,NULL,0,132,-1,NULL,1,NULL
NULL,NULL,0,133,-1,NULL,1,NULL
NULL,NULL,0,134,-1,NULL,1,NULL
NULL,NULL,0,135,-1,NULL,1,NULL
NULL,NULL,0,31,-1,NULL,1,NULL
NULL,NULL,0,122,-1,NULL,1,NULL
NULL,NULL,0,319,-1,NULL,1,NULL
NULL,NULL,0,320,-1,NULL,1,NULL
NULL,NULL,0,168,-1,NULL,1,NULL
NULL,NULL,0,169,-1,NULL,1,NULL
NULL,NULL,0,80,-1,NULL,1,NULL
NULL,NULL,0,99,-1,NULL,1,NULL
NULL,NULL,0,109,-1,NULL,1,NULL
NULL,NULL,0,170,-1,NULL,1,NULL
