nro_tocho0,nro_carga,nro_bulto
118,NULL,NULL
119,NULL,NULL
120,NULL,NULL
121,NULL,NULL
122,NULL,NULL
123,NULL,NULL
124,NULL,NULL
186,NULL,NULL
187,NULL,NULL
188,NULL,NULL
189,NULL,NULL
190,NULL,NULL
191,NULL,NULL
192,NULL,NULL
193,NULL,NULL
194,NULL,NULL
195,4,12
196,4,12
197,4,12
198,4,12
199,4,12
200,4,12
201,4,11
202,4,11
203,4,11
204,4,11
205,4,11
206,4,11
207,4,13
208,4,13
209,4,13
210,4,13
211,4,13
212,4,13
213,4,9
214,4,9
215,4,9
216,4,9
217,4,9
218,4,9
219,4,15
220,4,15
221,4,15
222,4,15
223,4,15
224,4,15
225,4,10
226,4,10
227,4,10
228,4,10
229,4,10
230,4,10
231,4,4
232,4,4
233,4,4
234,4,4
235,4,4
236,4,4
237,4,3
238,4,3
239,4,3
240,4,3
241,4,3
242,4,3
243,4,6
244,4,6
245,4,6
246,4,6
247,4,6
248,4,6
249,4,5
250,4,5
251,4,5
252,4,5
253,4,5
254,4,5
255,4,8
256,4,8
257,4,8
258,4,8
259,4,8
260,4,8
261,4,14
262,4,14
263,4,14
264,4,14
265,4,14
266,4,14
267,4,2
268,4,2
269,4,2
270,4,2
271,4,2
272,4,2
273,4,1
274,4,1
275,4,1
276,4,1
277,4,1
278,4,1
279,4,7
280,4,7
281,4,7
282,4,7
283,4,7
284,4,7
285,5,9
286,5,9
287,5,9
288,5,9
289,5,9
290,5,9
291,5,8
292,5,8
293,5,8
294,5,8
295,5,8
296,5,8
297,5,7
298,5,7
299,5,7
300,5,7
301,5,7
302,5,7
303,5,11
304,5,11
305,5,11
306,5,11
307,5,11
308,5,11
309,5,3
310,5,3
311,5,3
312,5,3
313,5,3
314,5,3
315,5,6
316,5,6
317,5,6
318,5,6
319,5,6
320,5,6
321,5,5
322,5,5
323,5,5
324,5,5
325,5,5
326,5,5
327,5,1
328,5,1
329,5,1
330,5,1
331,5,1
332,5,1
333,5,4
334,5,4
335,5,4
336,5,4
337,5,4
338,5,4
339,5,13
340,5,13
341,5,13
342,5,13
343,5,13
344,5,13
345,5,12
346,5,12
347,5,12
348,5,12
349,5,12
350,5,12
351,5,10
352,5,10
353,5,10
354,5,10
355,5,10
356,5,10
357,5,2
358,5,2
359,5,2
360,5,2
361,5,2
362,5,2
363,5,14
364,5,14
365,5,14
366,5,14
367,5,14
368,5,14
369,6,8
370,6,8
371,6,8
372,6,8
373,6,8
374,6,8
375,6,7
376,6,7
377,6,7
378,6,7
379,6,7
380,6,7
381,6,11
382,6,11
383,6,11
384,6,11
385,6,11
386,6,11
387,6,6
388,6,6
389,6,6
390,6,6
391,6,6
392,6,6
393,6,9
394,6,9
395,6,9
396,6,9
397,6,9
398,6,9
399,6,4
400,6,4
401,6,4
402,6,4
403,6,4
404,6,4
405,6,5
406,6,5
407,6,5
408,6,5
409,6,5
410,6,5
411,6,15
412,6,15
413,6,15
414,6,15
415,6,15
416,6,15
417,6,3
418,6,3
419,6,3
420,6,3
421,6,3
422,6,3
423,6,14
424,6,14
425,6,14
426,6,14
427,6,14
428,6,14
429,6,12
430,6,12
431,6,12
432,6,12
433,6,12
434,6,12
435,6,1
436,6,1
437,6,1
438,6,1
439,6,1
440,6,1
441,6,10
442,6,10
443,6,10
444,6,10
445,6,10
446,6,10
447,6,13
448,6,13
449,6,13
450,6,13
451,6,13
452,6,13
453,6,2
454,6,2
455,6,2
456,6,2
457,6,2
458,6,2
459,7,2
460,7,2
461,7,2
462,7,2
463,7,2
464,7,2
465,7,4
466,7,4
467,7,4
468,7,4
469,7,4
470,7,4
471,7,3
472,7,3
473,7,3
474,7,3
475,7,3
476,7,3
477,7,5
478,7,5
479,7,5
480,7,5
481,7,5
482,7,5
483,7,6
484,7,6
485,7,6
486,7,6
487,7,6
488,7,6
489,7,13
490,7,13
491,7,13
492,7,13
493,7,13
494,7,13
495,7,1
496,7,1
497,7,1
498,7,1
499,7,1
500,7,1
501,7,15
502,7,15
503,7,15
504,7,15
505,7,15
506,7,15
507,7,11
508,7,11
509,7,11
510,7,11
511,7,11
512,7,11
513,7,10
514,7,10
515,7,10
516,7,10
517,7,10
518,7,10
519,7,14
520,7,14
521,7,14
522,7,14
523,7,14
524,7,14
525,7,9
526,7,9
527,7,9
528,7,9
529,7,9
530,7,9
531,7,12
532,7,12
533,7,12
534,7,12
535,7,12
536,7,12
537,7,8
538,7,8
539,7,8
540,7,8
541,7,8
542,7,8
543,7,7
544,7,7
545,7,7
546,7,7
547,7,7
548,7,7
549,8,1
550,8,1
551,8,1
552,8,1
553,8,1
554,8,1
555,8,5
556,8,5
557,8,5
558,8,5
559,8,5
560,8,5
561,8,15
562,8,15
563,8,15
564,8,15
565,8,15
566,8,15
567,8,6
568,8,6
569,8,6
570,8,6
571,8,6
572,8,6
573,8,13
574,8,13
575,8,13
576,8,13
577,8,13
578,8,13
579,8,2
580,8,2
581,8,2
582,8,2
583,8,2
584,8,2
585,8,9
586,8,9
587,8,9
588,8,9
589,8,9
590,8,9
591,8,7
592,8,7
593,8,7
594,8,7
595,8,7
596,8,7
597,8,14
598,8,14
599,8,14
600,8,14
601,8,14
602,8,14
603,8,3
604,8,3
605,8,3
606,8,3
607,8,3
608,8,3
609,8,11
610,8,11
611,8,11
612,8,11
613,8,11
614,8,11
615,8,10
616,8,10
617,8,10
618,8,10
619,8,10
620,8,10
621,8,8
622,8,8
623,8,8
624,8,8
625,8,8
626,8,8
627,8,12
628,8,12
629,8,12
630,8,12
631,8,12
632,8,12
633,8,4
634,8,4
635,8,4
636,8,4
637,8,4
638,8,4
639,9,3
640,9,3
641,9,3
642,9,3
643,9,3
644,9,3
645,9,5
646,9,5
647,9,5
648,9,5
649,9,5
650,9,5
651,9,11
652,9,11
653,9,11
654,9,11
655,9,11
656,9,11
657,9,8
658,9,8
659,9,8
660,9,8
661,9,8
662,9,8
663,9,1
664,9,1
665,9,1
666,9,1
667,9,1
668,9,1
669,9,4
670,9,4
671,9,4
672,9,4
673,9,4
674,9,4
675,9,12
676,9,12
677,9,12
678,9,12
679,9,12
680,9,12
681,9,13
682,9,13
683,9,13
684,9,13
685,9,13
686,9,13
687,9,15
688,9,15
689,9,15
690,9,15
691,9,15
692,9,15
693,9,7
694,9,7
695,9,7
696,9,7
697,9,7
698,9,7
699,9,14
700,9,14
701,9,14
702,9,14
703,9,14
704,9,14
705,9,6
706,9,6
707,9,6
708,9,6
709,9,6
710,9,6
711,9,9
712,9,9
713,9,9
714,9,9
715,9,9
716,9,9
717,9,10
718,9,10
719,9,10
720,9,10
721,9,10
722,9,10
723,9,2
724,9,2
725,9,2
726,9,2
727,9,2
728,9,2
