fecha,id_rrhh,matriz,nro_serie,dureza
20190624,4,DIE-0060,1,49.7
20190624,4,DIE-0064,1,57.1
20190621,4,DIE-0070,1,49.1
20190621,4,DIE-0071,1,47.5
20190621,4,DIE-0034,1,48.3
20190621,4,DIE-0060,1,47.2
20190621,4,DIE-0064,1,49.6
20190622,4,DIE-0070,1,57.1
20190622,4,DIE-0071,1,55.9
20190622,4,DIE-0034,1,55.9
20190622,4,DIE-0060,1,51.7
20190622,4,DIE-0064,1,50.1
20190701,4,DIE-0062,1,48.7
20190701,4,DIE-0042,1,60.9
20190701,4,DIE-0032,1,55.6
20190701,4,DIE-0035,1,61.8
20190701,4,DIE-0050,1,56.8
20190701,4,DIE-0062,1,54.5
20190708,4,DIE-0080,1,50.7
20190708,4,DIE-0070,1,57.6
20190708,4,DIE-0041,1,59
20190708,4,DIE-0048,1,49.8
20190708,4,DIE-0022,1,60.8
20190710,4,DIE-0080,1,75.5
20190710,4,DIE-0070,1,80.1
20190710,4,DIE-0041,1,80.3
20190710,4,DIE-0048,1,75.2
20190710,4,DIE-0022,1,79.6
20190709,4,DIE-0060,1,58.3
20190709,4,DIE-0064,1,59.5
20190709,4,DIE-0040,1,49.8
20190709,4,DIE-0003,1,62.8
20190709,4,DIE-0018,1,51.6
20190719,4,DIE-0054,1,47.8
20190719,4,DIE-0029,1,49.2
20190719,4,DIE-0019,1,47.7
20190719,4,DIE-0053,1,48.6
20190719,4,DIE-0020,1,48.2
20190719,4,DIE-0006,1,50
20190723,4,DIE-0073,1,56.8
20190724,4,DIE-0054,1,53.7
20190724,4,DIE-0020,1,55.3
20190724,4,DIE-0053,1,54.4
20190724,4,DIE-0019,1,53.8
20190724,4,DIE-0006,1,55.5
20190724,4,DIE-0029,1,54.9
20190719,4,DIE-0009,2,49.5
20190719,4,DIE-0072,1,49.7
20190719,4,DIE-0080,1,50.5
20190719,4,DIE-0003,2,49.7
20190719,4,DIE-0081,1,47.7
20190719,4,DIE-0078,1,49.05
20190719,4,DIE-0070,1,50.5
20190802,4,DIE-0077,1,49.5
20190802,4,DIE-0041,1,55.1
20190802,4,DIE-0047,1,48.7
20190802,4,DIE-0032,1,52.1
20190807,4,DIE-0009,1,55.5
20190807,4,DIE-0032,1,57.2
20190807,4,DIE-0003,2,53.1
20190807,4,DIE-0080,1,54.95
20190807,4,DIE-0072,1,52.65
20190807,4,DIE-0081,1,55.25
20190807,4,DIE-0078,1,54.25
20190807,4,DIE-0070,1,58.55
20190807,4,DIE-0077,1,55.05
20190807,4,DIE-0041,1,61.8
20190807,4,DIE-0047,1,55.3
20190828,4,DIE-0029,1,55.65
20190828,4,DIE-0008,1,54
20190828,4,DIE-0010,1,56.1
20190828,4,DIE-0006,1,58.5
20190828,4,DIE-0006,2,55.6
20190828,4,DIE-0002,2,54.2
20190902,4,DIE-0073,1,53.55
20190902,4,DIE-0072,1,56.8
20190902,4,DIE-0061,1,48.6
20190902,4,DIE-0069,1,47.85
20190902,4,DIE-0048,1,54.5
20190903,4,DIE-0029,1,57.4
20190903,4,DIE-0008,1,58.5
20190903,4,DIE-0010,1,59.4
20190903,4,DIE-0006,1,63.2
20190903,4,DIE-0006,2,58.5
20190903,4,DIE-0002,2,59.8
20190904,4,DIE-0073,1,57.15
20190904,4,DIE-0072,1,58.5
20190904,4,DIE-0061,1,53.2
20190904,4,DIE-0069,1,54.1
20190904,4,DIE-0048,1,56
20190910,4,DIE-0074,1,47.8
20190910,4,DIE-0076,1,47.55
20190910,4,DIE-0081,1,57.5
20190910,4,DIE-0080,1,48.45
20190910,4,DIE-0079,1,58
20190912,4,DIE-0074,1,53.4
20190912,4,DIE-0076,1,52.9
20190912,4,DIE-0081,1,59.9
20190912,4,DIE-0080,1,56.05
20190912,4,DIE-0079,1,53.2
20190920,4,DIE-0081,1,50.8
20190920,4,DIE-0079,1,53.85
20190920,4,DIE-0048,1,56
20190920,4,DIE-0080,1,57.55
20190920,4,DIE-0077,2,47.15
20190920,4,DIE-0002,1,60.7
20190925,4,DIE-0081,1,54.65
20190925,4,DIE-0079,1,55.95
20190925,4,DIE-0048,1,60.4
20190925,4,DIE-0080,1,62
20190925,4,DIE-0077,2,52.95
20190925,4,DIE-0002,1,61.7
20191001,4,DIE-0003,2,54.4
20191001,4,DIE-0007,1,55.6
20191001,4,DIE-0005,1,54.5
20191001,4,DIE-0004,1,52.8
20191001,4,DIE-0003,1,60.7
20191001,4,DIE-0018,1,58.2
20191001,4,DIE-0036,1,46.1
20191001,4,DIE-0038,1,46.8
20191008,4,DIE-0003,2,56.7
20191008,4,DIE-0007,1,57.2
20191008,4,DIE-0005,1,56
20191008,4,DIE-0004,1,56.2
20191008,4,DIE-0003,1,61
20191008,4,DIE-0018,1,59.7
20191008,4,DIE-0036,1,57.5
20191008,4,DIE-0038,1,55.8
20191011,4,DIE-0079,1,56.7
20191011,4,DIE-0044,1,46.7
20191011,4,DIE-0055,1,48.8
20191011,4,DIE-0025,1,48.7
20191011,4,DIE-0021,1,49.2
20191011,4,DIE-0046,1,48.5
20191011,4,DIE-0043,1,50.7
20191011,4,DIE-0005,2,52.7
20191011,4,DIE-0037,1,48
20191011,4,DIE-0010,2,46.2
20191011,4,DIE-0076,1,53.45
20191011,4,DIE-0077,2,52.45
20191011,4,DIE-0075,1,48.1
20191015,4,DIE-0079,1,57.95
20191015,4,DIE-0044,1,52.5
20191015,4,DIE-0055,1,54.7
20191015,4,DIE-0025,1,52.7
20191015,4,DIE-0021,1,55.4
20191015,4,DIE-0046,1,56.2
20191015,4,DIE-0043,1,56.1
20191015,4,DIE-0005,2,55.4
20191015,4,DIE-0037,1,52
20191015,4,DIE-0010,2,50.2
20191015,4,DIE-0076,1,58.55
20191015,4,DIE-0077,2,54.15
20191015,4,DIE-0075,1,50.55
20191029,4,DIE-0074,1,46.6
20191101,4,DIE-0065,1,45.2
20191101,4,DIE-0028,1,46.2
20191101,4,DIE-0049,1,44.7
20191101,4,DIE-0027,1,45.2
20191101,4,DIE-0026,1,46.7
20191101,4,DIE-0079,1,55.2
20191108,4,DIE-0057,1,45.85
20191108,4,DIE-0051,1,44.7
20191108,4,DIE-0076,1,55.95
20191108,4,DIE-0072,1,55.7
20191111,4,DIE-0065,1,51.7
20191111,4,DIE-0028,1,53
20191111,4,DIE-0049,1,53
20191111,4,DIE-0027,1,52.7
20191111,4,DIE-0026,1,53
20191111,4,DIE-0079,1,57.2
20191126,4,DIE-0072,1,56.25
20191126,4,DIE-0057,1,52.05
20191126,4,DIE-0051,1,50.7
20191126,4,DIE-0076,1,55.95
20191203,4,DIE-0069,1,50.95
20191203,4,DIE-0082,1,45.7
20191203,4,DIE-0085,1,42.45
20191203,4,DIE-0084,2,42.85
20191203,4,DIE-0009,1,50.2
20191203,4,DIE-0009,2,49.8
20191216,4,DIE-0089,1,46.7
20191216,4,DIE-0086,1,50.6
20191216,4,DIE-0088,1,49
20191216,4,DIE-0046,1,45.9
20191216,4,DIE-0119,2,46.2
20191216,4,DIE-0013,1,45
20191216,4,DIE-0052,1,44.35
20191216,4,DIE-0015,1,43
20191216,4,DIE-0090,1,46.4
20200109,4,DIE-0093,1,46.7
20200114,4,DIE-0098,1,52.7
20200109,4,DIE-0097,1,45.2
20200109,4,DIE-0083,1,45.2
20200109,4,DIE-0120,1,42.5
20200109,4,DIE-0100,1,46
20200109,4,DIE-0091,1,46.7
20200109,4,DIE-0092,1,47.35
20200109,4,DIE-0101,1,47.9
20200109,4,DIE-0051,1,49.6
20200109,4,DIE-0095,1,47.2
20200109,4,DIE-0096,1,45.2
20200109,4,DIE-0072,1,45.55
20200214,4,DIE-0086,1,51.95
20200109,4,DIE-0077,2,56.2
20200109,4,DIE-0010,2,48.2
20200109,4,DIE-0117,1,49.45
20200109,4,DIE-0069,1,49.65
20200109,4,DIE-0050,1,46.6
20200109,4,DIE-0093,1,46.7
20200109,4,DIE-0098,1,46.5
20200109,4,DIE-0097,1,45.2
20200109,4,DIE-0083,1,45.2
20200109,4,DIE-0120,1,42.5
20200109,4,DIE-0100,1,46
20200109,4,DIE-0091,1,46.7
20200109,4,DIE-0092,1,47.35
20200109,4,DIE-0101,1,47.9
20200109,4,DIE-0051,1,49.6
20200109,4,DIE-0095,1,47.2
20200109,4,DIE-0096,1,45.2
20200109,4,DIE-0072,1,45.55
20200109,4,DIE-0086,1,46.85
20200109,4,DIE-0077,2,42.1
20200109,4,DIE-0010,2,48.2
20200109,4,DIE-0117,1,45.6
20200109,4,DIE-0069,1,49.65
20200109,4,DIE-0050,1,46.6
20200121,4,DIE-0096,1,53.2
20200121,4,DIE-0091,1,53.7
20200121,4,DIE-0100,1,54
20200121,4,DIE-0095,1,53.7
20200121,4,DIE-0097,1,52.7
20200121,4,DIE-0010,1,54.5
20200121,4,DIE-0032,1,59.2
20200121,4,DIE-0121,1,54.7
20200121,4,DIE-0050,1,55.2
20200121,4,DIE-0092,1,53.2
20200121,4,DIE-0083,1,51.6
20200121,4,DIE-0099,1,52.2
20202121,4,DIE-0069,1,57.2
20200121,4,DIE-0101,1,52.85
20200121,4,DIE-0081,1,50.45
20200121,4,DIE-0093,1,53.35
20200121,4,DIE-0072,1,56.95
20200206,4,DIE-0003,1,48.2
20200206,4,DIE-0075,1,47.6
20200206,4,DIE-0004,1,46.4
20200206,4,DIE-0087,1,46.6
20200206,4,DIE-0086,1,47.2
20200206,4,DIE-0089,1,45.85
20200212,4,DIE-0075,1,52.65
20200212,4,DIE-0004,1,54
20200212,4,DIE-0087,1,55.2
20200212,4,DIE-0086,1,52.15
20200206,4,DIE-0089,1,53.75
20200210,4,DIE-0122,1,46.85
20200218,4,DIE-0110,1,45.35
20200218,4,DIE-0123,1,43.55
20200218,4,DIE-0109,1,45.65
20200218,4,DIE-0108,1,45.5
20200210,4,DIE-0103,1,44.8
20200218,4,DIE-0107,1,44
20200210,4,DIE-0105,1,42.5
20200210,4,DIE-0106,1,47.3
20200218,4,DIE-0111,1,46.8
20200212,4,DIE-0122,1,52.8
20200226,4,DIE-0110,1,53.6
20200226,4,DIE-0123,1,55.25
20200226,4,DIE-0109,1,52.7
20200226,4,DIE-0108,1,55.6
20200212,4,DIE-0103,1,56.1
20200226,4,DIE-0107,1,51.2
20200212,4,DIE-0105,1,54
20200226,4,DIE-0106,1,52
20200226,4,DIE-0111,1,52.5
20200305,4,DIE-0124,1,49.65
20200305,4,DIE-0010,1,49.6
20200305,4,DIE-0005,1,52.7
20200305,4,DIE-0001,1,52.9
20200305,4,DIE-0021,1,54.5
20200305,4,DIE-0125,1,49.95
20200305,4,DIE-0016,1,46.1
20200305,4,DIE-0041,1,53.2
20200305,4,DIE-0033,1,49.2
20200305,4,DIE-0106,1,47.3
20200305,4,DIE-0084,2,50.65
20200320,4,DIE-0124,1,58.1
20200320,4,DIE-0010,1,60.6
20200320,4,DIE-0005,1,55.4
20200320,4,DIE-0001,1,56.6
20200320,4,DIE-0021,1,56.3
20200320,4,DIE-0125,1,52.8
20200320,4,DIE-0016,1,51
20200320,4,DIE-0041,1,55.2
20200320,4,DIE-0033,1,51.2
20200320,4,DIE-0106,1,53.7
20200320,4,DIE-0084,2,58.5
20200519,4,DIE-0102,1,43.75
20200519,4,DIE-0031,1,58.1
20200519,4,DIE-0126,1,46.7
20200520,4,DIE-0089,1,59.4
20200525,4,DIE-0102,1,47.9
20200525,4,DIE-0031,1,59.3
20200525,4,DIE-0126,1,51
20200525,4,DIE-0089,1,61.1
20200610,4,DIE-0068,1,46.55
20200610,4,DIE-0067,1,49.55
20200610,4,DIE-0045,1,43.8
20200610,4,DIE-0084,1,46.8
20200610,4,DIE-0089,1,58.95
20200615,4,DIE-0068,1,49.9
20200615,4,DIE-0067,1,51.4
20200615,4,DIE-0045,1,48.2
20200615,4,DIE-0084,1,49.1
20200615,4,DIE-0089,1,59.65
