fecha_salida,fecha_retorno,id_rrhh_salida,id_rrhh_retorno,cod_matriz,nro_serie_matriz
20181106,20181108,0,0,DIE-0005,1
20181106,20181108,0,0,DIE-0006,1
20181106,20181108,0,0,DIE-0007,1
20181106,20181108,0,0,DIE-0010,1
20190222,20190224,0,0,DIE-0001,1
20190222,20190224,0,0,DIE-0002,1
20190222,20190224,0,0,DIE-0003,1
20190222,20190224,0,0,DIE-0004,1
20190222,20190224,0,0,DIE-0007,1
20190222,20190224,0,0,DIE-0008,1
20190222,20190224,0,0,DIE-0009,1
20190222,20190224,0,0,DIE-0077,1
20190429,20190430,0,0,DIE-0001,1
20190429,20190430,0,0,DIE-0005,1
20190429,20190430,0,0,DIE-0006,1
20190429,20190430,0,0,DIE-0010,1
20190429,20190430,0,0,DIE-0024,1
20190429,20190430,0,0,DIE-0073,1
20190606,20190607,0,0,DIE-0031,1
20190606,20190607,0,0,DIE-0035,1
20190606,20190607,0,0,DIE-0041,1
20190606,20190607,0,0,DIE-0042,1
20190622,20190624,0,0,DIE-0034,1
20190622,20190624,0,0,DIE-0060,1
20190622,20190624,0,0,DIE-0063,1
20190622,20190624,0,0,DIE-0064,1
20190622,20190624,0,0,DIE-0070,1
20190622,20190624,0,0,DIE-0071,1
20190628,20190701,0,0,DIE-0032,1
20190628,20190701,0,0,DIE-0035,1
20190628,20190701,0,0,DIE-0042,1
20190628,20190701,0,0,DIE-0050,1
20190628,20190701,0,0,DIE-0062,1
20190708,20190710,0,0,DIE-0022,1
20190708,20190710,0,0,DIE-0041,1
20190708,20190710,0,0,DIE-0048,1
20190708,20190710,0,0,DIE-0070,1
20190708,20190710,0,0,DIE-0080,1
20190709,20190711,0,0,DIE-0003,1
20190709,20190711,0,0,DIE-0018,1
20190709,20190711,0,0,DIE-0040,1
20190709,20190711,0,0,DIE-0060,1
20190709,20190711,0,0,DIE-0064,1
20190720,20190724,0,0,DIE-0006,2
20190720,20190724,0,0,DIE-0019,1
20190720,20190724,0,0,DIE-0020,1
20190720,20190724,0,0,DIE-0029,1
20190720,20190724,0,0,DIE-0053,1
20190720,20190724,0,0,DIE-0054,1
20190730,20190807,0,0,DIE-0003,2
20190730,20190807,0,0,DIE-0009,2
20190730,20190807,0,0,DIE-0070,1
20190730,20190807,0,0,DIE-0072,1
20190730,20190807,0,0,DIE-0078,1
20190730,20190807,0,0,DIE-0080,1
20190730,20190807,0,0,DIE-0081,1
20190802,20190807,0,0,DIE-0032,1
20190802,20190807,0,0,DIE-0041,1
20190802,20190807,0,0,DIE-0047,1
20190802,20190807,0,0,DIE-0077,1
20190828,20190903,0,0,DIE-0002,2
20190828,20190903,0,0,DIE-0006,1
20190828,20190903,0,0,DIE-0006,2
20190828,20190903,0,0,DIE-0008,1
20190828,20190903,0,0,DIE-0010,1
20190828,20190903,0,0,DIE-0029,1
20190902,20190904,0,0,DIE-0048,1
20190902,20190904,0,0,DIE-0061,1
20190902,20190904,0,0,DIE-0069,1
20190902,20190904,0,0,DIE-0072,1
20190902,20190904,0,0,DIE-0073,1
20190910,20190912,0,0,DIE-0074,1
20190910,20190912,0,0,DIE-0076,1
20190910,20190912,0,0,DIE-0079,1
20190910,20190912,0,0,DIE-0080,1
20190910,20190912,0,0,DIE-0081,1
20190920,20190924,0,0,DIE-0002,1
20190920,20190924,0,0,DIE-0048,1
20190920,20190924,0,0,DIE-0077,2
20190920,20190924,0,0,DIE-0079,1
20190920,20190924,0,0,DIE-0080,1
20190920,20190924,0,0,DIE-0081,1
20191002,20191008,0,0,DIE-0003,1
20191002,20191008,0,0,DIE-0003,2
20191002,20191008,0,0,DIE-0004,1
20191002,20191008,0,0,DIE-0005,1
20191002,20191008,0,0,DIE-0007,1
20191002,20191008,0,0,DIE-0018,1
20191002,20191008,0,0,DIE-0036,1
20191002,20191008,0,0,DIE-0038,1
20191011,20191015,0,0,DIE-0005,2
20191011,20191015,0,0,DIE-0010,2
20191011,20191015,0,0,DIE-0021,1
20191011,20191015,0,0,DIE-0025,1
20191011,20191015,0,0,DIE-0037,1
20191011,20191015,0,0,DIE-0043,1
20191011,20191015,0,0,DIE-0044,1
20191011,20191015,0,0,DIE-0046,1
20191011,20191015,0,0,DIE-0055,1
20191011,20191015,0,0,DIE-0075,1
20191011,20191015,0,0,DIE-0076,1
20191011,20191015,0,0,DIE-0077,2
20191011,20191015,0,0,DIE-0079,1
20191030,20191101,0,0,DIE-0030,1
20191030,20191101,0,0,DIE-0031,1
20191030,20191101,0,0,DIE-0067,1
20191030,20191101,0,0,DIE-0068,1
20191030,20191101,0,0,DIE-0074,1
20191101,20191109,0,0,DIE-0026,1
20191101,20191109,0,0,DIE-0027,1
20191101,20191109,0,0,DIE-0028,1
20191101,20191109,0,0,DIE-0049,1
20191101,20191109,0,0,DIE-0065,1
20191101,20191109,0,0,DIE-0079,1
20191109,20191126,0,0,DIE-0051,1
20191109,20191126,0,0,DIE-0057,1
20191109,20191126,0,0,DIE-0072,1
20191109,20191126,0,0,DIE-0076,1
20191203,20191210,0,0,DIE-0009,1
20191203,20191210,0,0,DIE-0009,2
20191203,20191210,0,0,DIE-0082,1
20191203,20191210,0,0,DIE-0069,1
20191203,20191210,0,0,DIE-0084,2
20191203,20191210,0,0,DIE-0085,1
20191210,20191219,0,0,DIE-0036,1
20191210,20191219,0,0,DIE-0038,1
20191210,20191219,0,0,DIE-0059,1
20191210,20191219,0,0,DIE-0063,1
20191210,20191219,0,0,DIE-0064,1
20191210,20191219,0,0,DIE-0066,1
20191216,20191219,0,0,DIE-0090,1
20191216,20191219,0,0,DIE-0013,1
20191216,20191219,0,0,DIE-0015,1
20191216,20191219,0,0,DIE-0088,1
20191216,20191219,0,0,DIE-0046,1
20191216,20191219,0,0,DIE-0082,2
20191216,20191219,0,0,DIE-0052,1
20191216,20191219,0,0,DIE-0086,1
20191216,20191219,0,0,DIE-0089,1
20200109,20200114,0,0,DIE-0098,1
20200109,20200114,0,0,DIE-0086,1
20200109,20200114,0,0,DIE-0077,2
20200109,20200114,0,0,DIE-0084,1
20200109,20200120,0,0,DIE-0010,2
20200109,20200120,0,0,DIE-0091,1
20200109,20200120,0,0,DIE-0095,1
20200109,20200120,0,0,DIE-0096,1
20200109,20200120,0,0,DIE-0097,1
20200109,20200120,0,0,DIE-0100,1
20200109,20200120,0,0,DIE-0050,1
20200109,20200120,0,0,DIE-0051,1
20200109,20200120,0,0,DIE-0101,1
20200109,20200120,0,0,DIE-0092,1
20200109,20200120,0,0,DIE-0093,1
20200109,20200120,0,0,DIE-0069,1
20200109,20200120,0,0,DIE-0072,1
20200109,20200120,0,0,DIE-0083,1
20200109,20200120,0,0,DIE-0085,2
20200110,20200120,0,0,DIE-0032,1
20200110,20200120,0,0,DIE-0099,1
20200121,20200123,0,0,DIE-0002,2
20200121,20200123,0,0,DIE-0087,1
20200121,20200123,0,0,DIE-0088,1
20200121,20200123,0,0,DIE-0094,1
20200121,20200123,0,0,DIE-0074,1
20200122,20200123,0,0,DIE-0089,1
20200206,20200212,0,0,DIE-0003,2
20200206,20200212,0,0,DIE-0004,1
20200206,20200212,0,0,DIE-0087,1
20200206,20200212,0,0,DIE-0086,1
20200206,20200212,0,0,DIE-0089,1
20200206,20200212,0,0,DIE-0075,1
20200210,20200214,0,0,DIE-0105,1
20200210,20200214,0,0,DIE-0103,1
20200210,20200214,0,0,DIE-0083,1
20200210,20200226,0,0,DIE-0111,1
20200210,20200226,0,0,DIE-0107,1
20200210,20200226,0,0,DIE-0104,1
20200210,20200226,0,0,DIE-0108,1
20200210,20200226,0,0,DIE-0109,1
20200210,20200226,0,0,DIE-0110,1
20200305,20200320,0,0,DIE-0083,1
20200305,20200320,0,0,DIE-0010,1
20200305,20200320,0,0,DIE-0010,1
20200305,20200320,0,0,DIE-0005,1
20200305,20200320,0,0,DIE-0001,1
20200305,20200320,0,0,DIE-0021,1
20200305,20200320,0,0,DIE-0085,1
20200305,20200320,0,0,DIE-0016,1
20200305,20200320,0,0,DIE-0041,1
20200305,20200320,0,0,DIE-0033,1
20200305,20200320,0,0,DIE-0106,1
20200305,20200320,0,0,DIE-0084,2
20200519,20200525,0,NULL,DIE-0102,1
20200519,20200525,0,NULL,DIE-0031,1
20200519,20200525,0,NULL,DIE-0125,1
20200520,20200525,0,NULL,DIE-0089,1
20200610,20200615,3,3,DIE-0068,1
20200610,20200615,3,3,DIE-0067,1
20200610,20200615,3,3,DIE-0045,1
20200610,20200615,3,3,DIE-0084,1
20200610,20200615,3,3,DIE-0089,1
