op,subop,cod_perfil,long_perfil__m,cant_perfil_min,estado
7,1,PROFILE-0104,6,NULL,1
7,2,PROFILE-0116,6,NULL,1
7,3,PROFILE-0157,6,NULL,1
7,4,PROFILE-0120,6,NULL,1
7,5,PROFILE-0161,6,NULL,2
7,6,PROFILE-0162,6,NULL,0
7,7,PROFILE-0163,6,NULL,2
7,8,PROFILE-0124,6,NULL,1
7,9,PROFILE-0125,5,NULL,1
7,10,PROFILE-0169,4.5,NULL,1
8,1,PROFILE-0125,6,NULL,1
8,2,PROFILE-0116,6,NULL,1
8,3,PROFILE-0117,6,NULL,1
9,1,PROFILE-0120,6,NULL,1
9,2,PROFILE-0125,6,NULL,1
9,3,PROFILE-0124,6,NULL,1
9,4,PROFILE-0116,6,NULL,0
9,5,PROFILE-0157,6,NULL,1
9,6,PROFILE-0162,6,NULL,1
11,1,PROFILE-0170,4.5,52,1
11,2,PROFILE-0119,6,360,1
11,3,PROFILE-0160,6,48,1
11,4,PROFILE-0124,6,54,-1
11,5,PROFILE-0157,6,64,-1
11,6,PROFILE-0162,6,95,-1
11,7,PROFILE-0169,6,51,-1
12,1,PROFILE-0170,4.5,NULL,-1
12,2,PROFILE-0119,6,NULL,-1
12,3,PROFILE-0160,6,NULL,-1
12,4,PROFILE-0124,6,NULL,-1
12,5,PROFILE-0157,6,NULL,-1
12,6,PROFILE-0162,6,NULL,-1
12,7,PROFILE-0169,6,NULL,-1
13,1,PROFILE-0120,6,NULL,1
13,2,PROFILE-0125,6,NULL,1
13,3,PROFILE-0124,6,NULL,1
13,4,PROFILE-0161,6,NULL,1
13,5,PROFILE-0117,6,NULL,1
14,1,PROFILE-0132,6,NULL,1
15,1,PROFILE-0120,6,NULL,1
15,2,PROFILE-0125,6,NULL,1
15,3,PROFILE-0124,6,NULL,1
15,4,PROFILE-0116,6,NULL,0
15,5,PROFILE-0157,6,NULL,1
15,6,PROFILE-0162,6,NULL,1
15,7,PROFILE-0169,6,NULL,0
15,8,PROFILE-0161,6,NULL,1
15,9,PROFILE-0117,6,NULL,1
16,1,PROFILE-0185,4,NULL,1
16,2,PROFILE-0185,6,NULL,2
16,3,PROFILE-0127,6,NULL,1
17,1,PROFILE-0170,4.5,NULL,1
17,2,PROFILE-0157,6,NULL,1
17,3,PROFILE-0162,6,NULL,0
17,4,PROFILE-0169,6,NULL,0
18,1,PROFILE-0120,6,NULL,1
18,2,PROFILE-0125,6,NULL,1
18,3,PROFILE-0117,6,NULL,0
18,4,PROFILE-0123,6,NULL,1
19,1,PROFILE-0091,6,NULL,2
19,2,PROFILE-0170,4.5,NULL,2
21,1,PROFILE-0074,6,NULL,1
21,2,PROFILE-0075,6,NULL,0
21,3,PROFILE-0081,6,NULL,1
21,4,PROFILE-0079,6,NULL,1
21,5,PROFILE-0083,6,NULL,1
22,1,PROFILE-0103,6,NULL,1
23,1,PROFILE-0127,6,NULL,1
23,2,PROFILE-0185,4,NULL,0
23,3,PROFILE-0185,6,NULL,0
24,1,PROFILE-0162,6,NULL,1
24,2,PROFILE-0169,6,NULL,1
24,3,PROFILE-0157,6,NULL,4
24,4,PROFILE-0161,6,NULL,1
25,1,PROFILE-0080,6,NULL,1
25,2,PROFILE-0078,6,NULL,0
25,3,PROFILE-0181,6,NULL,1
26,1,PROFILE-0182,4,NULL,1
27,1,PROFILE-0082,6,NULL,0
27,2,PROFILE-0103,6,NULL,0
27,3,PROFILE-0176,6,NULL,0
27,4,PROFILE-0077,6,NULL,0
28,1,PROFILE-0187,6,NULL,0
28,2,PROFILE-0076,6,NULL,0
29,1,PROFILE-0169,6,NULL,0
29,2,PROFILE-0116,6,NULL,0
29,3,PROFILE-0124,6,NULL,0
30,1,PROFILE-0126,6,NULL,0
30,2,PROFILE-0182,6,NULL,0
31,1,PROFILE-0117,6,NULL,0
31,2,PROFILE-0176,6,NULL,0
32,1,PROFILE-0176,6,NULL,0
33,1,PROFILE-0079,6,NULL,0
33,2,PROFILE-0081,6,NULL,0
34,1,PROFILE-0103,6,NULL,0
34,2,PROFILE-0133,6,NULL,0
34,3,PROFILE-0159,6,NULL,0
34,4,PROFILE-0076,6,NULL,0
34,5,PROFILE-0075,6,NULL,0
34,6,PROFILE-0079,6,NULL,0
34,7,PROFILE-0082,6,NULL,0
34,8,PROFILE-0083,6,NULL,0
35,1,PROFILE-0175,6,NULL,0
35,2,PROFILE-0168,6,NULL,0
36,1,PROFILE-0187,6,0,0
36,2,PROFILE-0185,4,0,0
37,1,PROFILE-0091,3,40,0
37,2,PROFILE-0098,3,80,0
38,1,PROFILE-0177,6,0,0
38,2,PROFILE-0179,6,0,0
38,3,PROFILE-0180,6,0,0
39,1,PROFILE-0165,6,0,0
39,2,PROFILE-0171,6,0,0
39,3,PROFILE-0172,6,0,0
39,4,PROFILE-0066,6,0,0
39,5,PROFILE-0173,6,0,0
39,6,PROFILE-0183,6,0,0
40,1,PROFILE-0075,6,500,0
40,2,PROFILE-0076,6,300,0
40,3,PROFILE-0076,6,200,0
41,1,PROFILE-0082,6,20,0
41,2,PROFILE-0183,6,500,0
41,3,PROFILE-0121,6,30,0
41,4,PROFILE-0064,6,10,0
42,1,PROFILE-0185,5,40,0
43,1,PROFILE-0127,6,25,0
44,1,PROFILE-0183,6,0,0
44,2,PROFILE-0187,6,16,0
44,3,PROFILE-0185,4,163,0
45,1,PROFILE-0181,6,384,0
45,2,PROFILE-0080,6,250,0
45,3,PROFILE-0078,6,285,0
45,4,PROFILE-0077,6,529,0
46,1,PROFILE-0074,6,64,0
46,2,PROFILE-0079,6,111,0
46,3,PROFILE-0180,6,550,0
46,4,PROFILE-0177,6,550,0
46,5,PROFILE-0175,6,458,-1
47,1,PROFILE-0175,6,458,0
48,1,PROFILE-0185,6,21,0
48,2,PROFILE-0127,3.8,36,0
48,4,PROFILE-0132,6,62,0
48,5,PROFILE-0091,3,45,0
49,1,PROFILE-0082,6,214,0
49,2,PROFILE-0082,6,214,0
49,3,PROFILE-0083,6,100,0
49,4,PROFILE-0083,6,274,0
49,5,PROFILE-0078,6,25,0
49,6,PROFILE-0076,6,20,0
49,7,PROFILE-0181,6,284,0
49,8,PROFILE-0103,6,20,0
50,1,PROFILE-0183,6,200,0
50,2,PROFILE-0185,3.8,52,0
50,3,PROFILE-0162,6,120,0
50,4,PROFILE-0165,6,40,0
50,5,PROFILE-0171,6,40,0
50,6,PROFILE-0172,6,40,0
51,1,PROFILE-0138,6,0,0
51,2,PROFILE-0174,6,0,0
51,3,PROFILE-0096,6,0,0
51,4,PROFILE-0139,6,0,0
52,1,PROFILE-0138,6,17,0
53,1,PROFILE-0078,6,65,0
54,1,PROFILE-0180,6,200,0
54,2,PROFILE-0183,6,1534,0
54,3,PROFILE-0185,3.8,30,-1
54,4,PROFILE-0185,4,100,0
54,5,PROFILE-0177,6,550,0
54,6,PROFILE-0175,6,450,0
54,7,PROFILE-0181,6,300,0
55,1,PROFILE-0100,6,12,0
55,2,PROFILE-0138,6,17,0
55,3,PROFILE-0139,6,12,0
56,1,PROFILE-0133,6,45,0
57,1,PROFILE-0141,6,0,0
57,2,PROFILE-0142,6,0,0
57,3,PROFILE-0140,6,0,0
57,4,PROFILE-0146,6,0,0
57,5,PROFILE-0143,6,0,0
57,6,PROFILE-0145,6,0,0
57,7,PROFILE-0144,6,0,0
58,1,PROFILE-0066,6,6,0
59,1,PROFILE-0077,6,278,0
59,2,PROFILE-0079,6,203,0
59,3,PROFILE-0180,6,224,0
59,4,PROFILE-0181,6,172,0
60,1,PROFILE-0074,6,15,0
60,2,PROFILE-0078,6,80,0
60,3,PROFILE-0080,6,88,0
61,1,PROFILE-0087,6,1,0
61,2,PROFILE-0089,6,1,0
61,3,PROFILE-0086,6,1,0
61,4,PROFILE-0134,6,1,0
61,5,PROFILE-0088,6,1,0
62,1,PROFILE-0121,6,22,0
62,2,PROFILE-0168,6,22,0
62,3,PROFILE-0123,6,6,0
62,4,PROFILE-0159,6,10,0
62,5,PROFILE-0064,6,20,0
62,6,PROFILE-0164,6,10,0
63,1,PROFILE-0140,6,0,0
63,2,PROFILE-0141,6,0,0
63,3,PROFILE-0142,6,0,0
64,1,PROFILE-0174,6,0,0
64,2,PROFILE-0133,5,91,0
65,1,PROFILE-0175,6,284,0
66,1,PROFILE-0174,6,105,0
67,1,PROFILE-0179,6,20,0
67,2,PROFILE-0126,6,5,0
68,1,PROFILE-0076,6,86,0
69,1,PROFILE-0083,6,218,0
69,2,PROFILE-0124,6,95,0
69,3,PROFILE-0116,6,51,0
69,4,PROFILE-0169,6,107,0
69,5,PROFILE-0117,6,1697,0
70,1,PROFILE-0096,6,200,0
71,1,PROFILE-0082,6,758,0
71,2,PROFILE-0132,6,97,0
71,3,PROFILE-0161,6,144,0
71,4,PROFILE-0162,6,252,0
72,1,PROFILE-0148,6,167,0
72,2,PROFILE-0149,4.65,187,0
72,3,PROFILE-0149,6.2,72,0
73,1,PROFILE-0083,6,234,0
73,2,PROFILE-0180,6,94,0
74,1,PROFILE-0082,6,657,0
75,1,PROFILE-0077,6,125,0
75,2,PROFILE-0120,6,117,0
75,3,PROFILE-0106,6,426,0
75,4,PROFILE-0169,6,106,0
76,1,PROFILE-0148,6,161,0
76,2,PROFILE-0149,6.2,72,0
76,3,PROFILE-0075,6,653,0
76,4,PROFILE-0076,6,678,0
76,5,PROFILE-0079,6,507,0
76,6,PROFILE-0081,6,537,0
76,7,PROFILE-0083,6,738,0
76,8,PROFILE-0074,6,479,0
76,9,PROFILE-0175,6,528,0
76,10,PROFILE-0117,6,897,0
76,11,PROFILE-0120,6,117,0
76,12,PROFILE-0162,6,220,0
76,14,PROFILE-0077,6,405,0
77,1,PROFILE-0186,6,40,0
78,1,PROFILE-0105,6,269,0
78,2,PROFILE-0105,4.65,187,0
78,3,PROFILE-0184,6,140,0
78,4,PROFILE-0128,6,4,0
78,5,PROFILE-0188,6,30,0
78,6,PROFILE-0177,6,455,0
78,7,PROFILE-0180,6,94,0
79,1,PROFILE-0149,6.2,50,0
79,2,PROFILE-0119,6,20,0
79,3,PROFILE-0160,6,20,0
80,1,PROFILE-0107,6,41,0
80,2,PROFILE-0150,6,40,0
80,3,PROFILE-0152,6,46,0
80,4,PROFILE-0128,6,20,0
80,6,PROFILE-0186,6,40,0
80,7,PROFILE-0188,6,25,0
80,8,PROFILE-0155,6,40,0
80,9,PROFILE-0108,6,40,0
80,10,PROFILE-0110,6,40,0
80,11,PROFILE-0112,6,45,0
80,12,PROFILE-0113,6,40,0
81,1,PROFILE-0184,6,155,0
81,2,PROFILE-0148,4,50,0
81,3,PROFILE-0148,6,30,0
81,4,PROFILE-0105,4,50,0
81,5,PROFILE-0105,6,30,0
81,6,PROFILE-0106,4,50,0
81,7,PROFILE-0106,6,30,0
81,9,PROFILE-0149,4.65,187,0
81,8,PROFILE-0149,6.2,34,0
82,1,PROFILE-0109,6,35,0
82,2,PROFILE-0153,6,27,0
82,3,PROFILE-0111,6,101,0
82,4,PROFILE-0104,6,72,0
83,1,PROFILE-0096,6,368,0
84,1,PROFILE-0130,6,192,0
84,2,PROFILE-0186,4,28,0
84,3,PROFILE-0138,5,25,0
84,4,PROFILE-0139,5,21,0
85,1,PROFILE-0151,6,39,0
86,1,PROFILE-0132,6,25,0
87,1,PROFILE-0107,6,107,0
88,1,PROFILE-0149,4.65,150,0
88,2,PROFILE-0165,3.5,50,0
88,3,PROFILE-0171,3.5,50,0
88,4,PROFILE-0172,6,50,0
88,5,PROFILE-0120,6,50,0
88,6,PROFILE-0075,6,500,0
89,1,PROFILE-0157,6,20,0
89,2,PROFILE-0162,6,50,0
89,3,PROFILE-0167,6,20,0
89,4,PROFILE-0125,6,50,0
89,5,PROFILE-0169,6,20,0
89,6,PROFILE-0116,6,50,0
89,7,PROFILE-0158,6,20,0
90,1,PROFILE-0186,4,77,0
90,2,PROFILE-0166,6,9,0
90,3,PROFILE-0167,6,9,0
91,1,PROFILE-0155,5,20,0
91,2,PROFILE-0117,6,815,0
91,3,PROFILE-0115,6,16,0
92,1,PROFILE-0096,6,14,0
92,2,PROFILE-0165,3.5,16,0
92,3,PROFILE-0156,6,8,0
92,4,PROFILE-0161,6,20,0
92,5,PROFILE-0079,6,91,0
92,6,PROFILE-0083,6,493,0
92,7,PROFILE-0080,6,500,0
93,1,PROFILE-0184,6,200,0
93,2,PROFILE-0075,6,653,0
94,1,PROFILE-0172,6,16,0
94,2,PROFILE-0173,6,30,0
94,3,PROFILE-0122,6,10,0
94,4,PROFILE-0158,6,30,0
94,5,PROFILE-0130,6,100,0
95,1,PROFILE-0151,6,85,0
95,3,PROFILE-0149,4.65,107,0
95,2,PROFILE-0116,6,25,0
96,1,PROFILE-0082,6,1000,0
96,2,PROFILE-0083,6,800,0
96,3,PROFILE-0079,6,400,0
96,4,PROFILE-0076,6,1100,0
96,5,PROFILE-0181,6,500,0
96,6,PROFILE-0091,6,100,0
96,10,PROFILE-0098,6,150,0
96,7,PROFILE-0086,6,30,0
96,8,PROFILE-0134,6,100,0
96,9,PROFILE-0087,6,100,0
