nro_op,nro_subop,codigo,long__m,cant,id_estado_op
1,1,PROFILE-0116,6,10,0
1,2,PROFILE-0116,6,62,0
1,3,PROFILE-0117,6,75,0
1,4,PROFILE-0117,6,112,0
1,5,PROFILE-0120,6,10,0
1,6,PROFILE-0120,6,27,0
1,7,PROFILE-0161,6,12,0
1,8,PROFILE-0161,6,14,0
1,9,PROFILE-0122,6,11,0
1,10,PROFILE-0168,6,11,0
1,11,PROFILE-0125,6,10,0
1,12,PROFILE-0125,6,18,0
2,1,PROFILE-0117,6,58,0
3,1,PROFILE-0025,6,12,0
3,2,NULL,0,68,-1
3,3,NULL,0,34,0
4,1,PROFILE-0017,6,8,0
5,1,PROFILE-0116,6,51,0
5,2,PROFILE-0117,6,307,0
5,3,PROFILE-0120,6,69,0
5,4,PROFILE-0161,6,89,0
5,5,PROFILE-0125,6,9,0
5,6,PROFILE-0124,6,29,0
5,7,PROFILE-0162,6,97,0
6,1,PROFILE-0025,6,10,0
6,2,PROFILE-0104,6,5,0
6,3,PROFILE-0122,6,2,0
7,1,PROFILE-0119,6,10,0
7,2,PROFILE-0104,6,10,0
7,3,PROFILE-0122,6,4,0
8,1,PROFILE-0157,6,59,0
8,2,PROFILE-0169,6,39,0
9,1,PROFILE-0162,6,163,0
9,2,PROFILE-0161,6,90,0
9,3,PROFILE-0157,6,20,0
9,4,PROFILE-0169,6,44,0
9,5,PROFILE-0120,6,22,0
9,6,PROFILE-0125,6,19,0
9,7,PROFILE-0124,6,177,0
9,8,PROFILE-0116,6,40,0
9,9,PROFILE-0117,6,30,0
10,1,PROFILE-0127,6,3,0
10,2,PROFILE-0182,6,10,0
10,3,PROFILE-0187,6,2,0
10,4,PROFILE-0059,6,1,0
11,1,PROFILE-0120,6,127,0
11,2,PROFILE-0125,6,127,0
11,3,PROFILE-0124,6,273,0
11,4,PROFILE-0116,6,127,0
11,5,PROFILE-0157,6,127,0
11,6,PROFILE-0162,6,273,0
11,7,PROFILE-0169,6,156,0
11,8,PROFILE-0161,6,156,0
11,9,PROFILE-0117,6,2175,0
11,10,PROFILE-0122,6,11,0
11,12,PROFILE-0123,6,3,0
11,13,PROFILE-0175,6,4,0
12,1,PROFILE-0185,6,30,0
12,2,PROFILE-0185,4,90,0
12,3,PROFILE-0127,6,60,0
12,4,PROFILE-0182,6,90,0
13,1,PROFILE-0185,4,36,0
13,2,PROFILE-0127,4,14,0
13,3,PROFILE-0182,4,90,0
14,1,PROFILE-0125,6,127,0
14,2,PROFILE-0124,6,273,0
14,3,PROFILE-0116,6,127,0
14,4,PROFILE-0162,6,273,0
14,5,PROFILE-0169,6,156,0
14,6,PROFILE-0161,6,156,0
14,7,PROFILE-0117,6,2175,0
14,8,PROFILE-0123,6,3,0
15,1,PROFILE-0077,6,30,0
15,2,PROFILE-0074,6,30,0
15,3,PROFILE-0176,6,30,0
15,4,PROFILE-0181,6,30,0
15,5,PROFILE-0080,6,50,0
15,6,PROFILE-0078,6,50,0
15,7,PROFILE-0083,6,30,0
15,8,PROFILE-0082,6,30,0
15,9,PROFILE-0079,6,60,0
15,10,PROFILE-0081,6,60,0
15,11,PROFILE-0076,6,30,0
15,12,PROFILE-0075,6,30,0
15,13,PROFILE-0176,6,30,0
15,14,PROFILE-0181,6,30,0
16,1,PROFILE-0187,6,20,0
17,1,PROFILE-0182,6,20,0
17,2,PROFILE-0044,2.39,2.00,0
17,3,PROFILE-0045,5.90,1.00,0
17,4,PROFILE-0046,5.90,4.00,0
17,5,PROFILE-0042,2.32,2.00,0
18,4,PROFILE-0046,5.9,4,0
18,5,PROFILE-0042,2.32,2,0
19,1,PROFILE-0082,6,50,0
19,2,PROFILE-0181,6,30,0
19,3,PROFILE-0077,6,50,0
19,4,PROFILE-0077,6,50,0
20,1,PROFILE-0126,6,180,0
20,2,PROFILE-0083,6,1,0
20,3,PROFILE-0082,6,1,0
20,4,PROFILE-0086,6,1,0
20,5,PROFILE-0081,6,1,0
20,6,PROFILE-0080,6,2,0
20,7,PROFILE-0077,6,1,0
21,1,PROFILE-0025,6,10,0
22,1,PROFILE-0076,6,38,0
22,2,PROFILE-0075,6,69,0
22,3,PROFILE-0079,6,111,0
22,4,PROFILE-0083,6,37,0
23,1,PROFILE-0083,6,20,0
23,2,PROFILE-0082,6,20,0
23,3,PROFILE-0079,6,20,0
23,4,PROFILE-0081,6,16,0
23,5,PROFILE-0080,6,40,0
23,6,PROFILE-0077,6,20,0
24,1,PROFILE-0117,5,118,0
24,2,PROFILE-0121,6,25,0
25,1,PROFILE-0079,6,15,0
25,2,PROFILE-0075,6,17,0
25,3,PROFILE-0082,6,10,0
25,4,PROFILE-0083,6,18,0
25,5,PROFILE-0159,6,1,0
25,6,PROFILE-0064,6,1,0
25,7,PROFILE-0073,1.9,1,0
25,8,PROFILE-0159,6,6,0
25,9,PROFILE-0064,6,1,0
26,1,PROFILE-0121,5,2,0
26,2,PROFILE-0166,6,1,0
26,3,PROFILE-0110,6,1,0
26,4,PROFILE-0037,6,1,0
26,5,PROFILE-0185,6,18,0
26,6,PROFILE-0127,6,47,0
26,7,PROFILE-0187,6,42,0
26,8,PROFILE-0182,4,34,0
26,9,PROFILE-0182,5,3,0
26,10,PROFILE-0182,3,4,0
27,1,PROFILE-0026,1.65,1,0
27,2,PROFILE-0029,1.65,1,0
27,3,PROFILE-0027,1.65,1,0
27,4,PROFILE-0070,1.65,1,0
27,5,PROFILE-0028,1.2,2,0
27,6,PROFILE-0014,1.2,1,0
27,7,PROFILE-0166,1.6,1,0
28,1,PROFILE-0181,6,10,0
28,2,PROFILE-0081,6,4,0
28,3,PROFILE-0120,6,1,0
28,4,PROFILE-0173,6,1,0
28,5,PROFILE-0162,6,1,0
28,6,PROFILE-0104,6,1,0
28,7,PROFILE-0119,6,1,0
29,1,PROFILE-0133,6,38,0
30,1,PROFILE-0159,6,4,0
30,2,PROFILE-0176,6,10,0
30,3,PROFILE-0076,6,11,0
30,4,PROFILE-0075,6,158,0
30,5,PROFILE-0079,6,251,0
30,6,PROFILE-0082,6,89,0
30,7,PROFILE-0080,6,150,0
30,8,PROFILE-0078,6,116,0
30,9,PROFILE-0077,6,75,0
31,1,PROFILE-0082,6,20,0
31,2,PROFILE-0080,6,30,0
31,3,PROFILE-0078,6,22,0
31,4,PROFILE-0077,6,76,0
32,1,PROFILE-0121,6,1,0
32,2,PROFILE-0168,6,1,0
32,3,PROFILE-0104,6,1,0
32,4,PROFILE-0082,6,30,0
32,5,PROFILE-0175,6,40,0
32,6,PROFILE-0080,6,75,0
32,7,PROFILE-0078,6,58,0
32,8,PROFILE-0077,6,37,0
32,9,PROFILE-0176,6,27,0
33,1,PROFILE-0168,6,25,0
33,2,PROFILE-0064,6,10,0
34,1,PROFILE-0080,6,45,0
34,2,PROFILE-0078,6,35,0
34,3,PROFILE-0077,6,22,0
34,4,PROFILE-0076,5,1,0
34,5,PROFILE-0075,5,1,0
34,6,PROFILE-0079,5,1,0
34,7,PROFILE-0081,4,1,0
35,1,PROFILE-0076,6,38,0
35,2,PROFILE-0075,6,67,0
35,3,PROFILE-0079,6,1,0
35,4,PROFILE-0083,6,74,0
35,5,PROFILE-0181,6,50,0
35,6,PROFILE-0176,6,50,0
36,1,PROFILE-0168,6,30,0
36,2,PROFILE-0159,6,10,0
37,1,PROFILE-0185,4,55,0
37,2,PROFILE-0127,6,40,0
38,1,PROFILE-0121,6,30,0
38,2,PROFILE-0168,6,3,0
38,3,PROFILE-0064,6,10,0
39,1,PROFILE-0169,5,1,0
39,2,PROFILE-0124,5,1,0
39,3,PROFILE-0120,5,1,0
39,4,PROFILE-0104,5,2,0
39,5,PROFILE-0162,5,1,0
39,6,PROFILE-0161,5,1,0
39,7,PROFILE-0083,5,1,0
39,8,PROFILE-0116,5,1,0
39,9,PROFILE-0081,5,1,0
39,10,PROFILE-0082,5,1,0
39,11,PROFILE-0079,5,1,0
39,12,PROFILE-0125,5,1,0
40,1,PROFILE-0185,5,1,0
40,2,PROFILE-0127,6,90,0
40,3,PROFILE-0187,6,172,0
40,4,PROFILE-0183,6,102,0
40,5,PROFILE-0121,5,1,0
40,6,PROFILE-0168,5,1,0
40,7,PROFILE-0104,5,1,0
40,8,PROFILE-0083,5,1,0
40,9,PROFILE-0082,5,1,0
40,10,PROFILE-0081,5,1,0
40,11,PROFILE-0185,4,45,0
40,12,PROFILE-0126,6,104,0
41,1,PROFILE-0185,5,23,0
41,2,PROFILE-0185,3.8,114,0
41,3,PROFILE-0187,6,32,0
41,4,PROFILE-0183,6,53,0
41,5,PROFILE-0076,6,99,0
41,6,PROFILE-0075,6,102,0
41,7,PROFILE-0079,6,198,0
41,8,PROFILE-0080,6,125,0
41,9,PROFILE-0074,6,36,0
41,10,PROFILE-0081,6,100,0
41,11,PROFILE-0180,6,100,0
41,12,PROFILE-0177,6,67,0
41,13,PROFILE-0175,6,52,0
41,14,PROFILE-0181,6,16,0
42,1,PROFILE-0185,4,47,0
42,2,PROFILE-0187,6,30,0
42,3,PROFILE-0187,6,17,0
42,4,PROFILE-0183,6,124,0
42,5,PROFILE-0185,5,1,0
42,6,PROFILE-0185,3.8,27,0
42,7,PROFILE-0187,6,2,0
42,8,PROFILE-0127,5,8,0
42,9,PROFILE-0127,6,14,0
42,10,PROFILE-0078,6,142,0
42,11,PROFILE-0077,6,111,0
42,12,PROFILE-0074,6,14,0
42,13,PROFILE-0181,6,84,0
43,1,PROFILE-0175,6,8,0
43,2,PROFILE-0082,6,42,0
44,1,PROFILE-0185,5,18,0
44,2,PROFILE-0185,4,1,0
44,3,PROFILE-0185,6,18,0
45,1,PROFILE-0116,6,40,0
45,2,PROFILE-0157,6,40,0
45,3,PROFILE-0169,6,20,0
45,4,PROFILE-0161,6,20,0
45,5,PROFILE-0079,6,129,0
45,6,PROFILE-0077,6,304,0
45,7,PROFILE-0180,6,250,0
45,8,PROFILE-0175,6,64,0
45,9,PROFILE-0181,6,59,0
46,1,PROFILE-0132,6,70,0
47,1,PROFILE-0159,5,2,0
47,2,PROFILE-0064,5,2,0
47,3,PROFILE-0124,5,1,0
47,4,PROFILE-0125,5,1,0
47,5,PROFILE-0120,6,1,0
47,6,PROFILE-0169,5,1,0
47,7,PROFILE-0161,6,1,0
47,8,PROFILE-0116,5,1,0
47,9,PROFILE-0157,5,1,0
47,10,PROFILE-0104,5,4,0
47,11,PROFILE-0082,6,13,0
47,12,PROFILE-0083,6,28,0
47,13,PROFILE-0177,6,6,0
47,14,PROFILE-0162,6,47,0
48,1,PROFILE-0076,6,50,0
48,2,PROFILE-0075,6,50,0
48,3,PROFILE-0079,6,100,0
48,4,PROFILE-0080,6,70,0
48,5,PROFILE-0078,6,78,0
48,6,PROFILE-0077,6,39,0
48,7,PROFILE-0074,6,25,0
48,8,PROFILE-0081,6,50,0
48,9,PROFILE-0180,6,26,0
48,10,PROFILE-0177,6,6,0
49,1,PROFILE-0177,6,34,0
49,2,PROFILE-0181,6,30,0
49,3,PROFILE-0082,6,30,0
49,4,PROFILE-0083,6,28,0
50,1,PROFILE-0083,6,146,0
50,2,PROFILE-0162,6,33,0
50,3,PROFILE-0165,3.5,40,0
50,4,PROFILE-0171,3.5,55,0
51,1,PROFILE-0076,6,50,0
51,2,PROFILE-0075,6,50,0
51,3,PROFILE-0079,6,104,0
51,4,PROFILE-0083,6,50,0
51,5,PROFILE-0080,6,55,0
51,6,PROFILE-0078,6,65,0
51,7,PROFILE-0077,6,75,0
51,8,PROFILE-0074,6,25,0
51,9,PROFILE-0081,6,50,0
52,1,PROFILE-0181,6,24,0
52,2,PROFILE-0175,6,11,0
52,3,PROFILE-0083,6,22,0
52,4,PROFILE-0172,6,52,0
52,5,PROFILE-0181,5,3,0
53,1,PROFILE-0171,3.5,3,0
53,2,PROFILE-0162,6,40,0
53,3,PROFILE-0138,6,24,0
53,4,PROFILE-0139,6,20,0
53,5,PROFILE-0082,6,15,0
53,6,PROFILE-0177,6,30,0
53,7,PROFILE-0181,6,126,0
53,8,PROFILE-0169,6,20,0
53,9,PROFILE-0161,6,20,0
54,1,PROFILE-0134,6,10,0
54,2,PROFILE-0087,6,10,0
54,3,PROFILE-0086,6,10,0
55,1,PROFILE-0183,6,10,0
55,2,PROFILE-0139,6,20,0
56,1,PROFILE-0185,5,2,0
56,2,PROFILE-0185,3.8,22,0
56,3,PROFILE-0183,6,342,0
56,4,PROFILE-0127,3.8,36,0
56,5,PROFILE-0185,6,3,0
57,1,PROFILE-0083,6,100,0
58,1,PROFILE-0071,6,19,0
58,2,PROFILE-0107,6,8,0
58,3,PROFILE-0151,6,10,0
58,4,PROFILE-0152,6,12,0
58,5,PROFILE-0153,6,12,0
58,6,PROFILE-0110,6,24,0
58,7,PROFILE-0111,6,14,0
58,8,PROFILE-0035,6,20,0
58,9,PROFILE-0038,6,18,0
58,10,PROFILE-0051,6,5,0
59,1,PROFILE-0018,6,10,0
59,2,PROFILE-0019,6,21,0
59,3,PROFILE-0020,6,17,0
59,4,PROFILE-0109,6,14,0
59,5,PROFILE-0021,6,24,0
59,6,PROFILE-0150,6,3,0
59,7,PROFILE-0022,6,13,0
59,8,PROFILE-0154,6,3,0
59,9,PROFILE-0023,6,3,0
59,10,PROFILE-0032,6,6,0
59,11,PROFILE-0033,6,4,0
59,12,PROFILE-0036,6,4,0
60,1,PROFILE-0076,6,71,0
60,2,PROFILE-0075,6,71,0
60,3,PROFILE-0079,6,100,0
60,4,PROFILE-0083,6,50,0
60,5,PROFILE-0080,6,55,0
60,6,PROFILE-0078,6,65,0
60,7,PROFILE-0077,6,75,0
60,8,PROFILE-0074,6,25,0
60,9,PROFILE-0081,6,50,0
60,10,PROFILE-0177,6,50,0
60,11,PROFILE-0175,6,50,0
60,12,PROFILE-0181,6,50,0
61,1,PROFILE-0015,6,80,0
61,2,PROFILE-0071,6,10,0
61,3,PROFILE-0107,6,21,0
61,4,PROFILE-0110,6,23,0
61,5,PROFILE-0111,6,60,0
61,6,PROFILE-0057,6,3,0
61,7,PROFILE-0034,6,4,0
61,8,PROFILE-0151,6,8,0
61,9,PROFILE-0155,6,3,0
62,1,PROFILE-0183,6,134,0
63,1,PROFILE-0104,6,24,0
63,2,PROFILE-0177,6,50,0
64,1,PROFILE-0035,6,8,1
64,2,PROFILE-0061,6,4,1
64,3,PROFILE-0062,6,4,0
65,1,PROFILE-0138,6,23,0
65,2,PROFILE-0139,6,18,0
66,1,PROFILE-0133,6,40,0
67,1,PROFILE-0183,6,464,0
68,1,PROFILE-0040,6,22,0
68,2,PROFILE-0031,6,28,0
68,3,PROFILE-0030,6,82,0
69,1,PROFILE-0076,6,3,0
69,2,PROFILE-0083,6,8,0
69,3,PROFILE-0077,6,64,0
69,4,PROFILE-0180,6,50,0
70,1,PROFILE-0081,6,53,0
70,2,PROFILE-0180,6,52,0
70,3,PROFILE-0175,6,21,0
71,1,PROFILE-0134,6,10,0
71,2,PROFILE-0086,6,10,0
71,3,PROFILE-0087,6,10,0
71,4,PROFILE-0090,6,5,0
71,5,PROFILE-0088,6,5,0
71,6,PROFILE-0089,6,5,0
72,1,PROFILE-0077,6,180,0
72,2,PROFILE-0079,6,203,0
72,4,PROFILE-0181,6,106,0
72,5,PROFILE-0081,6,65,0
72,6,PROFILE-0180,6,50,0
73,1,PROFILE-0148,6,9,0
73,2,PROFILE-0105,6,9,0
73,3,PROFILE-0078,6,22,0
73,4,PROFILE-0080,6,54,0
73,5,PROFILE-0083,6,12,0
73,6,PROFILE-0080,6,46,0
73,7,PROFILE-0180,6,24,0
73,8,PROFILE-0175,6,53,0
73,9,PROFILE-0181,6,50,0
74,1,PROFILE-0082,6,12,0
74,2,PROFILE-0175,6,63,0
74,3,PROFILE-0081,6,65,0
75,1,PROFILE-0165,6,2,0
75,2,PROFILE-0171,6,2,0
75,3,PROFILE-0172,6,3,0
75,4,PROFILE-0116,6,2,0
75,5,PROFILE-0064,6,2,0
75,6,PROFILE-0118,6,2,0
75,8,PROFILE-0119,6,9,0
75,9,PROFILE-0161,6,3,0
75,10,PROFILE-0160,6,3,0
75,11,PROFILE-0162,6,3,0
75,12,PROFILE-0164,6,2,0
75,13,PROFILE-0159,6,3,0
75,14,PROFILE-0049,6,2,0
75,16,PROFILE-0016,6,8,0
75,17,PROFILE-0039,6,1,0
75,18,PROFILE-0104,6,5,0
76,1,PROFILE-0177,6,66,0
76,2,PROFILE-0123,6,22,0
76,3,PROFILE-0159,6,10,0
76,4,PROFILE-0064,6,20,0
76,5,PROFILE-0164,6,13,0
77,1,PROFILE-0177,6,33,0
77,2,PROFILE-0074,6,15,0
77,3,PROFILE-0078,6,58,0
77,4,PROFILE-0080,6,34,0
77,5,PROFILE-0077,6,19,0
77,6,PROFILE-0181,6,16,0
77,7,PROFILE-0181,6,110,0
77,8,PROFILE-0058,6,44,0
77,9,PROFILE-0060,6,4,0
78,1,PROFILE-0071,2,2,0
78,2,PROFILE-0107,2,2,0
78,3,PROFILE-0151,2,2,0
78,4,PROFILE-0152,1.2,1,0
78,5,PROFILE-0153,1.2,1,0
78,6,PROFILE-0108,1.25,1,0
78,7,PROFILE-0110,1.25,4,0
78,8,PROFILE-0111,1.25,4,0
78,9,PROFILE-0114,1.25,1,0
78,10,PROFILE-0072,1.25,1,0
79,1,PROFILE-0116,6,1,0
79,2,PROFILE-0157,6,2,0
79,3,PROFILE-0083,6,8,0
79,4,PROFILE-0077,6,64,0
79,5,PROFILE-0180,6,50,0
79,6,PROFILE-0177,6,11,0
79,8,PROFILE-0077,6,64,0
79,9,PROFILE-0180,6,50,0
80,1,PROFILE-0076,6,66,0
80,2,PROFILE-0075,6,13,0
80,3,PROFILE-0083,6,74,0
80,4,PROFILE-0080,6,24,0
80,5,PROFILE-0078,6,78,0
80,6,PROFILE-0077,6,69,0
80,7,PROFILE-0074,6,144,0
80,8,PROFILE-0081,6,90,0
80,9,PROFILE-0180,6,90,0
80,10,PROFILE-0177,6,114,0
80,11,PROFILE-0175,6,94,0
80,12,PROFILE-0181,6,42,0
81,1,PROFILE-0074,6,26,0
81,2,PROFILE-0121,6,22,0
81,3,PROFILE-0168,6,22,0
81,4,PROFILE-0123,6,6,0
81,5,PROFILE-0159,6,10,0
81,6,PROFILE-0064,6,20,0
81,7,PROFILE-0164,6,10,0
81,8,PROFILE-0082,6,25,0
82,1,PROFILE-0076,6,55,0
82,2,PROFILE-0075,6,55,0
82,3,PROFILE-0079,6,5,0
82,4,PROFILE-0080,6,4,0
82,5,PROFILE-0077,6,50,0
82,6,PROFILE-0074,6,86,0
82,7,PROFILE-0081,6,55,0
82,8,PROFILE-0180,6,50,0
82,9,PROFILE-0181,6,50,0
82,10,PROFILE-0061,6,5,0
82,11,PROFILE-0061,4.5,1,0
82,12,PROFILE-0062,6,12,0
82,13,PROFILE-0063,6,2,0
83,1,PROFILE-0076,6,26,0
83,2,PROFILE-0075,6,40,0
83,3,PROFILE-0074,6,75,0
83,4,PROFILE-0081,6,50,0
83,5,PROFILE-0177,6,61,0
83,7,PROFILE-0181,6,50,0
84,1,PROFILE-0134,6,30,0
84,2,PROFILE-0086,6,30,0
84,3,PROFILE-0087,6,30,0
84,4,PROFILE-0081,6,30,0
85,1,PROFILE-0134,6,50,0
85,2,PROFILE-0086,6,50,0
85,3,PROFILE-0087,6,50,0
86,1,PROFILE-0076,6,56,0
86,2,PROFILE-0075,6,56,0
86,3,PROFILE-0080,6,150,0
86,4,PROFILE-0077,6,13,0
86,5,PROFILE-0078,6,91,0
87,1,PROFILE-0183,6,3,0
87,2,PROFILE-0183,5,3,0
88,1,PROFILE-0076,6,30,0
88,2,PROFILE-0075,6,80,0
88,3,PROFILE-0079,6,46,0
88,4,PROFILE-0080,6,300,0
88,5,PROFILE-0078,6,205,0
88,6,PROFILE-0077,6,66,0
88,7,PROFILE-0074,6,65,0
88,8,PROFILE-0081,6,60,0
88,9,PROFILE-0179,6,30,0
88,10,PROFILE-0126,6,30,0
89,1,PROFILE-0111,6,2,0
90,1,PROFILE-0159,6,10,0
91,1,PROFILE-0177,6,16,0
91,2,PROFILE-0175,6,8,0
91,3,PROFILE-0082,6,36,0
91,4,PROFILE-0082,6,50,0
91,5,PROFILE-0177,6,28,0
92,1,PROFILE-0082,6,50,0
92,2,PROFILE-0177,6,11,0
92,3,PROFILE-0175,6,6,0
92,4,PROFILE-0177,6,61,0
92,5,PROFILE-0082,6,23,0
92,6,PROFILE-0002,6,3,0
92,7,PROFILE-0010,6,3,0
92,8,PROFILE-0005,6,1,0
92,9,PROFILE-0007,6,1,0
93,1,PROFILE-0120,6,45,0
93,2,PROFILE-0125,6,90,0
93,3,PROFILE-0124,6,157,0
93,4,PROFILE-0116,6,65,0
93,5,PROFILE-0157,6,87,0
93,6,PROFILE-0162,6,135,0
93,7,PROFILE-0169,6,36,0
93,8,PROFILE-0161,6,31,0
93,9,PROFILE-0117,6,427,0
93,10,PROFILE-0122,6,11,0
93,11,PROFILE-0168,6,11,0
93,12,PROFILE-0123,6,3,0
93,13,PROFILE-0175,6,4,0
94,1,PROFILE-0082,6,20,0
94,2,PROFILE-0177,6,36,0
94,3,PROFILE-0054,6,3,0
94,4,PROFILE-0053,6,3,0
94,5,PROFILE-0013,6,1,0
94,6,PROFILE-0052,6,3,0
95,1,PROFILE-0065,6,18,0
95,2,PROFILE-0068,6,12,0
95,3,PROFILE-0182,6,15,0
96,1,PROFILE-0180,6,50,0
96,2,PROFILE-0083,6,12,0
96,3,PROFILE-0083,6,69,0
97,1,PROFILE-0002,6,3,0
97,2,PROFILE-0010,6,3,0
97,3,PROFILE-0083,6,42,0
98,1,PROFILE-0124,6,252,0
98,2,PROFILE-0116,6,117,0
98,3,PROFILE-0169,6,143,0
99,1,PROFILE-0165,6,2,0
99,2,PROFILE-0171,6,2,0
100,1,PROFILE-0125,6,27,0
101,1,PROFILE-0117,6,796,0
101,2,PROFILE-0175,6,60,0
101,3,PROFILE-0177,6,52,0
102,1,PROFILE-0175,6,128,0
102,2,PROFILE-0175,6,76,0
102,3,PROFILE-0171,6,1,0
103,1,PROFILE-0132,6,90,0
104,1,PROFILE-0148,6,43,0
104,2,PROFILE-0105,6,9,0
105,1,PROFILE-0083,6,69,0
105,2,PROFILE-0076,6,30,0
105,3,PROFILE-0126,6,10,0
105,4,PROFILE-0078,6,6,0
105,5,PROFILE-0075,6,4,0
105,6,PROFILE-0082,6,71,0
105,7,PROFILE-0082,6,145,0
106,1,PROFILE-0082,6,20,0
106,2,PROFILE-0076,6,27,0
106,3,PROFILE-0082,6,70,0
106,4,PROFILE-0077,6,15,0
106,5,PROFILE-0077,6,2,0
106,6,PROFILE-0074,6,4,0
107,1,PROFILE-0082,6,101,0
107,2,PROFILE-0082,6,143,0
107,3,PROFILE-0076,6,15,0
107,4,PROFILE-0075,6,13,0
107,5,PROFILE-0074,6,2,0
107,6,PROFILE-0171,6,2,0
108,1,PROFILE-0175,6,20,0
108,2,PROFILE-0077,6,108,0
109,1,PROFILE-0165,5,10,0
109,2,PROFILE-0171,5,10,0
110,1,PROFILE-0082,6,82,0
111,1,PROFILE-0083,6,35,0
111,2,PROFILE-0083,6,99,0
111,3,PROFILE-0082,6,11,0
112,1,PROFILE-0162,6,41,0
112,2,PROFILE-0161,6,49,0
112,3,PROFILE-0079,6,50,0
112,4,PROFILE-0076,6,60,0
112,5,PROFILE-0075,6,60,0
112,6,PROFILE-0074,6,100,0
112,7,PROFILE-0077,6,100,0
113,1,PROFILE-0083,6,30,0
113,2,PROFILE-0079,6,50,0
113,3,PROFILE-0076,6,50,0
113,4,PROFILE-0074,6,50,0
113,5,PROFILE-0077,6,100,0
113,6,PROFILE-0082,6,30,0
113,7,PROFILE-0120,6,72,0
114,1,PROFILE-0083,6,21,0
114,2,PROFILE-0082,6,20,0
114,3,PROFILE-0079,6,50,0
114,4,PROFILE-0076,6,30,0
114,5,PROFILE-0075,6,31,0
114,6,PROFILE-0074,6,50,0
114,7,PROFILE-0077,6,100,0
114,8,PROFILE-0169,6,4,0
114,9,PROFILE-0161,6,23,0
115,1,PROFILE-0079,6,50,0
115,2,PROFILE-0076,6,50,0
115,3,PROFILE-0074,6,50,0
115,4,PROFILE-0077,6,88,0
116,1,PROFILE-0148,6,30,0
116,2,PROFILE-0148,6,68,0
116,3,PROFILE-0186,6,6,0
116,4,PROFILE-0128,6,4,0
116,5,PROFILE-0184,6,7,0
116,6,PROFILE-0188,6,30,0
117,1,PROFILE-0133,5,72,0
118,1,PROFILE-0132,6,90,0
119,1,PROFILE-0148,6,72,0
120,1,PROFILE-0079,6,135,0
120,2,PROFILE-0074,6,152,0
120,3,PROFILE-0159,6,30,0
120,4,PROFILE-0064,6,30,0
121,1,PROFILE-0118,6,17,0
121,2,PROFILE-0160,6,8,0
121,3,PROFILE-0163,6,10,0
121,4,PROFILE-0167,6,18,0
121,5,PROFILE-0082,6,12,0
121,6,PROFILE-0079,6,52,0
121,7,PROFILE-0076,6,50,0
122,1,PROFILE-0149,6.2,16,0
122,2,PROFILE-0186,6,40,0
122,3,PROFILE-0083,6,4,0
123,1,PROFILE-0086,6,7,0
123,2,PROFILE-0079,6,100,0
123,3,PROFILE-0076,6,60,0
123,4,PROFILE-0083,6,100,0
124,1,PROFILE-0083,6,82,0
124,2,PROFILE-0079,6,70,0
124,3,PROFILE-0074,6,123,0
124,4,PROFILE-0180,6,44,0
124,5,PROFILE-0180,6,50,0
125,1,PROFILE-0003,6,3,0
125,2,PROFILE-0004,6,1,0
125,3,PROFILE-0006,6,2,0
125,4,PROFILE-0008,6,2,0
125,5,PROFILE-0009,6,1,0
125,6,PROFILE-0010,6,15,0
125,7,PROFILE-0012,6,2,0
126,1,PROFILE-0112,6,5,0
126,2,PROFILE-0152,6,6,0
126,3,PROFILE-0107,6,1,0
127,1,PROFILE-0186,6,3,0
127,2,PROFILE-0128,6,4,0
127,3,PROFILE-0184,6,140,0
127,4,PROFILE-0188,6,30,0
127,5,PROFILE-0107,6,7,0
127,6,PROFILE-0108,6,6,0
127,7,PROFILE-0110,6,20,0
127,8,PROFILE-0112,6,10,0
127,9,PROFILE-0115,6,8,0
128,1,PROFILE-0105,6,229,0
128,2,PROFILE-0105,6,30,0
128,3,PROFILE-0105,4.65,156,0
129,1,PROFILE-0175,6,6,0
129,2,PROFILE-0162,6,70,0
129,3,PROFILE-0117,6,26,0
129,4,PROFILE-0159,6,3,0
129,5,PROFILE-0064,6,2,0
129,7,PROFILE-0166,6,14,0
129,9,PROFILE-0124,6,3,0
129,10,PROFILE-0169,6,19,0
129,11,PROFILE-0120,6,45,0
130,1,PROFILE-0078,6,6,0
130,2,PROFILE-0184,6,13,0
130,3,PROFILE-0149,6.2,28,0
130,4,PROFILE-0181,6,86,0
130,5,PROFILE-0064,6,5,0
130,6,PROFILE-0159,6,5,0
130,7,PROFILE-0118,6,3,0
130,8,PROFILE-0177,6,50,0
131,1,PROFILE-0133,6,30,0
132,1,PROFILE-0109,6,2,0
132,2,PROFILE-0111,6,5,0
132,3,PROFILE-0034,6,2,0
132,4,PROFILE-0035,6,10,0
132,5,PROFILE-0151,6,7,0
132,6,PROFILE-0153,6,2,0
132,7,PROFILE-0036,6,4,0
132,8,PROFILE-0038,6,6,0
132,9,PROFILE-0152,6,2,0
133,1,PROFILE-0118,6,22,0
133,2,PROFILE-0163,6,22,0
133,3,PROFILE-0075,6,109,0
133,4,PROFILE-0080,6,300,0
133,5,PROFILE-0159,6,4,0
134,1,PROFILE-0175,6,41,0
134,2,PROFILE-0081,6,29,0
134,3,PROFILE-0119,6,22,0
134,4,PROFILE-0160,6,22,0
134,5,PROFILE-0177,6,50,0
134,6,PROFILE-0150,6,22,0
135,1,PROFILE-0116,6,2,0
135,2,PROFILE-0106,6,19,0
135,3,PROFILE-0124,6,4,0
135,4,PROFILE-0082,6,14,0
135,5,PROFILE-0169,6,4,0
135,6,PROFILE-0175,6,5,0
135,7,PROFILE-0110,6,16,0
135,8,PROFILE-0113,6,3,0
135,9,PROFILE-0156,6,2,0
135,10,PROFILE-0115,6,2,0
136,1,PROFILE-0175,6,25,0
136,2,PROFILE-0149,6.2,10,0
136,3,PROFILE-0107,6,13,0
136,4,PROFILE-0152,6,20,0
136,5,PROFILE-0155,6,20,0
136,6,PROFILE-0181,6,4,0
136,7,PROFILE-0151,6,5,0
136,8,PROFILE-0119,6,4,0
136,9,PROFILE-0128,6,2,0
136,10,PROFILE-0188,6,7,0
136,11,PROFILE-0107,6,18,0
136,12,PROFILE-0151,6,3,0
136,13,PROFILE-0152,6,20,0
136,14,PROFILE-0110,6,50,0
136,15,PROFILE-0168,6,7,0
136,16,PROFILE-0123,6,2,0
136,17,PROFILE-0121,6,20,0
136,18,PROFILE-0119,6,40,0
136,19,PROFILE-0152,6,3,0
136,20,PROFILE-0107,6,8,0
136,21,PROFILE-0110,6,11,0
137,1,PROFILE-0108,6,5,0
137,2,PROFILE-0071,6,5,0
137,3,PROFILE-0130,6,9,0
137,4,PROFILE-0108,6,2,0
137,5,PROFILE-0109,6,2,0
137,6,PROFILE-0071,6,2,0
137,7,PROFILE-0151,6,2,0
137,8,PROFILE-0152,6,2,0
137,9,PROFILE-0153,6,2,0
137,10,PROFILE-0107,6,3,0
137,11,PROFILE-0110,6,3,0
137,12,PROFILE-0111,6,3,0
137,13,PROFILE-0064,6,4,0
137,14,PROFILE-0159,6,4,0
137,15,PROFILE-0118,6,2,0
137,16,PROFILE-0104,6,2,0
137,17,PROFILE-0119,6,3,0
138,1,PROFILE-0082,6,20,0
138,2,PROFILE-0105,6,26,0
138,3,PROFILE-0153,6,3,0
138,4,PROFILE-0153,6,20,0
138,5,PROFILE-0109,6,20,0
138,6,PROFILE-0186,6,2,0
138,7,PROFILE-0188,6,25,0
138,8,PROFILE-0109,6,4,0
138,9,PROFILE-0111,6,13,0
139,1,PROFILE-0117,6,6,0
139,2,PROFILE-0082,6,100,0
139,3,PROFILE-0150,6,8,0
139,4,PROFILE-0152,6,21,0
139,5,PROFILE-0155,6,21,0
139,6,PROFILE-0110,6,21,0
139,7,PROFILE-0148,6,30,0
139,8,PROFILE-0105,6,30,0
139,9,PROFILE-0148,4,50,0
139,10,PROFILE-0105,4,50,0
140,1,PROFILE-0082,6,11,0
140,2,PROFILE-0175,6,17,0
140,3,PROFILE-0006,6,3,0
141,1,PROFILE-0108,6,15,0
141,2,PROFILE-0104,6,2,0
141,3,PROFILE-0111,6,11,0
141,4,PROFILE-0109,6,5,0
141,5,PROFILE-0108,6,30,0
141,6,PROFILE-0109,6,10,0
141,7,PROFILE-0111,6,90,0
141,8,PROFILE-0104,6,70,0
142,1,PROFILE-0186,6,30,0
142,2,PROFILE-0184,6,25,0
143,1,PROFILE-0132,6,38,0
144,1,PROFILE-0105,4.65,34,0
144,2,PROFILE-0112,6,60,0
144,3,PROFILE-0128,6,18,0
144,4,PROFILE-0184,6,115,0
145,1,PROFILE-0081,6,263,0
145,2,PROFILE-0112,6,20,0
145,3,PROFILE-0150,6,3,0
145,4,PROFILE-0080,6,10,0
145,5,PROFILE-0106,6,13,0
145,6,PROFILE-0106,4,16,0
145,7,PROFILE-0162,6,22,0
145,8,PROFILE-0108,6,20,0
146,1,PROFILE-0133,5,100,0
147,1,PROFILE-0082,6,57,0
147,2,PROFILE-0080,6,91,0
147,3,PROFILE-0078,6,97,0
147,4,PROFILE-0077,6,86,0
147,5,PROFILE-0074,6,50,0
147,6,PROFILE-0081,6,95,0
147,7,PROFILE-0180,6,50,0
148,1,PROFILE-0161,6,3,0
148,2,PROFILE-0157,6,2,0
148,3,PROFILE-0125,6,34,0
148,4,PROFILE-0117,6,27,0
148,5,PROFILE-0160,6,1,0
148,6,PROFILE-0163,6,2,0
148,7,PROFILE-0107,6,20,0
148,8,PROFILE-0113,6,20,0
148,9,PROFILE-0106,4,37,0
148,10,PROFILE-0130,6,100,0
149,1,PROFILE-0138,4,25,0
149,2,PROFILE-0139,4,21,0
150,1,PROFILE-0149,6.2,30,0
150,2,PROFILE-0149,4.65,6,0
150,3,PROFILE-0113,6,60,0
150,4,PROFILE-0181,6,6,0
150,5,PROFILE-0109,6,1,0
150,6,PROFILE-0111,6,2,0
150,7,PROFILE-0186,4,18,0
150,8,PROFILE-0107,6,77,0
150,9,PROFILE-0108,6,11,0
150,10,PROFILE-0110,6,5,0
150,11,PROFILE-0130,6,92,0
150,12,PROFILE-0175,6,10,0
151,1,PROFILE-0107,6,37,0
151,2,PROFILE-0108,6,20,0
151,3,PROFILE-0113,6,4,0
151,4,PROFILE-0130,6,2,0
151,5,PROFILE-0139,4,5,0
151,6,PROFILE-0111,6,20,0
151,7,PROFILE-0151,6,20,0
152,1,PROFILE-0156,6,14,0
152,2,PROFILE-0115,6,20,0
153,1,PROFILE-0133,5,23,0
154,1,PROFILE-0132,6,14,0
155,1,PROFILE-0125,6,34,0
155,2,PROFILE-0120,6,5,0
155,3,PROFILE-0161,6,3,0
155,4,PROFILE-0160,6,1,0
155,5,PROFILE-0163,6,2,0
155,6,PROFILE-0150,6,5,0
155,7,PROFILE-0151,6,1,0
155,8,PROFILE-0165,6,6,0
156,1,PROFILE-0177,6,20,0
156,2,PROFILE-0149,4.65,31,0
156,3,PROFILE-0105,4.65,4,0
156,5,PROFILE-0150,6,20,0
156,6,PROFILE-0156,6,20,0
156,7,PROFILE-0115,6,20,0
157,1,PROFILE-0149,6.2,1,0
157,2,PROFILE-0151,6,30,0
158,1,PROFILE-0077,6,1,0
158,2,PROFILE-0150,6,1,0
158,3,PROFILE-0116,6,25,0
158,4,PROFILE-0157,6,17,0
158,5,PROFILE-0162,6,26,0
158,6,PROFILE-0169,6,44,0
158,7,PROFILE-0161,6,50,0
158,8,PROFILE-0130,6,2,0
159,1,PROFILE-0109,6,29,0
159,2,PROFILE-0112,6,90,0
159,3,PROFILE-0151,6,50,0
159,4,PROFILE-0152,6,25,0
159,5,PROFILE-0153,6,25,0
159,6,PROFILE-0110,6,50,0
159,7,PROFILE-0111,6,180,0
159,8,PROFILE-0104,6,17,0
159,9,PROFILE-0119,6,12,0
159,10,PROFILE-0177,6,37,0
159,11,PROFILE-0078,6,3,0
159,12,PROFILE-0081,6,2,0
160,1,PROFILE-0177,6,20,0
160,2,PROFILE-0081,6,246,0
160,3,PROFILE-0079,6,2,0
160,4,PROFILE-0083,6,3,0
