p,sp,fecha,hora,cant_barras
46,2,20190925,NULL,72
46,4,20191107,NULL,130
51,2,20191104,NULL,182
51,10,20191204,NULL,24
54,4,20200422,NULL,594
55,4,20200102,NULL,71
55,4,20200102,NULL,29
56,2,20191205,NULL,77
56,2,20200106,NULL,101
56,6,20191223,NULL,47
56,6,20191223,NULL,48
56,6,20200213,NULL,35
56,7,20191220,NULL,60
56,7,20191223,NULL,26
56,7,20200102,NULL,6
56,7,20200207,NULL,4
56,7,20200213,NULL,35
57,4,20200103,NULL,20
57,13,20191121,NULL,53
59,3,20191105,NULL,56
59,3,20200131,NULL,44
59,4,20200320,NULL,37
59,5,20191105,NULL,20
74,1,20191028,NULL,19
82,2,20191106,NULL,72
82,2,20200109,NULL,4
82,8,20191218,NULL,50
82,8,20200131,NULL,50
88,1,20200124,NULL,33
88,1,20200210,NULL,30
94,1,20200106,NULL,131
94,1,20200213,NULL,12
94,2,20191218,NULL,12
94,5,20200102,NULL,40
94,5,20200102,NULL,28
94,8,20200102,NULL,37
94,8,20200103,NULL,78
94,8,20200109,NULL,11
94,9,20200103,NULL,39
94,9,20200117,NULL,35
94,16,20200207,NULL,37
94,16,20200211,NULL,12
94,17,20200217,NULL,25
94,17,20200313,NULL,20
96,1,20191125,NULL,28
96,4,20200103,NULL,64
96,7,20191125,NULL,48
96,8,20191125,NULL,82
96,16,20200109,NULL,70
96,21,20200224,NULL,16
100,2,20191202,NULL,43
100,2,20200207,NULL,7
100,3,20191202,NULL,30
101,2,20191203,NULL,76
101,2,20200107,NULL,4
101,4,20200117,NULL,95
101,4,20200211,NULL,4
101,6,20191203,NULL,199
101,6,20200207,NULL,6
101,10,20191202,NULL,41
101,10,20200106,NULL,15
101,11,20191202,NULL,43
101,11,20200106,NULL,13
101,12,20191218,NULL,67
101,15,20191202,NULL,89
101,15,20200109,NULL,2
104,2,20191203,NULL,20
104,2,20200106,NULL,10
108,1,20200130,NULL,66
108,1,20200210,NULL,14
108,1,20200512,NULL,35
108,2,20191212,NULL,83
108,2,20200313,NULL,15
108,2,20200512,NULL,10
108,3,20191212,NULL,157
108,3,20200116,NULL,92
108,3,20200213,NULL,3
108,4,20191212,NULL,64
108,4,20200203,NULL,52
108,4,20200213,NULL,1
108,5,20191212,NULL,82
108,6,20191213,NULL,32
108,6,20200121,NULL,99
108,6,20200130,NULL,37
108,6,20200210,NULL,62
108,6,20200227,NULL,19
108,6,20200306,NULL,3
108,7,20191217,NULL,38
108,7,20200107,NULL,36
108,7,20200210,NULL,22
108,7,20200213,NULL,4
108,8,20191213,NULL,31
108,8,20191217,NULL,54
108,8,20200203,NULL,55
108,8,20200313,NULL,3
108,9,20191217,NULL,426
108,9,20200107,NULL,216
108,9,20200107,NULL,561
108,9,20200210,NULL,49
108,9,20200220,NULL,6
108,9,20200303,NULL,27
108,10,20200210,NULL,11
108,11,20200210,NULL,11
111,1,20191209,NULL,18
111,2,20191209,NULL,9
111,3,20191209,NULL,6
113,1,20191219,NULL,200
115,1,20200212,NULL,32
115,1,20200218,NULL,10
115,1,20200305,NULL,21
115,1,20200310,NULL,5
115,2,20200310,NULL,6
115,3,20200107,NULL,36
115,3,20200206,NULL,58
115,3,20200210,NULL,64
115,3,20200305,NULL,9
115,4,20200212,NULL,213
115,4,20200305,NULL,26
115,5,20200305,NULL,183
115,5,20200313,NULL,4
115,6,20200206,NULL,58
115,6,20200210,NULL,64
115,6,20200305,NULL,304
117,1,20191218,NULL,2
117,1,20200109,NULL,10
117,2,20191218,NULL,1
117,2,20200109,NULL,10
118,1,20200124,NULL,56
118,1,20200210,NULL,3
118,1,20200224,NULL,25
118,1,20200310,NULL,14
119,1,20200124,NULL,30
119,1,20200210,NULL,19
119,2,20200207,NULL,12
120,1,20200122,NULL,46
120,1,20200129,NULL,55
120,1,20200203,NULL,82
120,2,20200121,NULL,43
120,2,20200213,NULL,2
120,2,20200218,NULL,48
120,2,20200224,NULL,27
120,3,20200122,NULL,96
120,3,20200128,NULL,152
120,3,20200128,NULL,66
120,3,20200129,NULL,24
120,3,20200218,NULL,128
120,4,20200121,NULL,153
120,4,20200121,NULL,32
120,4,20200122,NULL,4
120,4,20200129,NULL,40
120,4,20200130,NULL,64
120,4,20200207,NULL,2
120,5,20200122,NULL,77
120,6,20200227,NULL,262
120,7,20200122,NULL,248
120,7,20200128,NULL,90
120,7,20200206,NULL,60
120,7,20200213,NULL,29
120,8,20200121,NULL,344
120,8,20200122,NULL,3
120,8,20200129,NULL,40
120,8,20200319,NULL,4
120,10,20200203,NULL,47
120,10,20200422,NULL,3
120,12,20200131,NULL,35
120,12,20200131,NULL,33
120,12,20200422,NULL,2
120,15,20200422,NULL,250
120,16,20200422,NULL,115
121,1,20200212,NULL,16
121,1,20200302,NULL,23
121,1,20200221,NULL,1
121,2,20200302,NULL,4
121,3,20200302,NULL,140
121,4,20200302,NULL,30
123,1,20200206,NULL,27
123,1,20200207,NULL,4
123,1,20200211,NULL,2
123,2,20200206,NULL,32
124,1,20200207,NULL,10
124,1,20200210,NULL,12
124,2,20200211,NULL,22
124,3,20200213,NULL,19
124,3,20200313,NULL,1
124,4,20200207,NULL,10
124,4,20200211,NULL,8
124,4,20200313,NULL,2
124,5,20200207,NULL,11
124,6,20200207,NULL,6
124,6,20200211,NULL,11
126,1,20200210,NULL,20
127,4,20200302,NULL,48
127,4,20200303,NULL,5
127,6,20200302,NULL,91
127,7,20200302,NULL,94
127,7,20200320,NULL,2
127,8,20200302,NULL,86
127,9,20200302,NULL,33
127,10,20200302,NULL,93
127,10,20200320,NULL,2
127,11,20200302,NULL,50
128,1,20200303,NULL,3
128,2,20200213,NULL,12
128,2,20200220,NULL,3
128,2,20200313,NULL,4
128,2,20200319,NULL,1
128,3,20200220,NULL,21
128,4,20200220,NULL,21
128,5,20200306,NULL,29
128,6,20200220,NULL,21
128,7,20200227,NULL,20
128,8,20200303,NULL,16
128,8,20200306,NULL,4
128,9,20200306,NULL,12
128,10,20200306,NULL,8
128,10,20200310,NULL,10
129,1,20200211,NULL,7
129,1,20200217,NULL,13
129,2,20200313,NULL,20
129,3,20200217,NULL,12
129,3,20200220,NULL,8
129,4,20200217,NULL,20
129,5,20200211,NULL,5
129,5,20200221,NULL,15
129,6,20200211,NULL,20
129,7,20200211,NULL,10
129,7,20200225,NULL,10
129,8,20200306,NULL,20
129,9,20200313,NULL,20
129,10,20200313,NULL,6
129,11,20200212,NULL,30
129,12,20200217,NULL,10
130,1,20200210,NULL,1
130,2,20200210,NULL,2
130,3,20200210,NULL,5
130,4,20200210,NULL,5
130,5,20200210,NULL,2
130,6,20200210,NULL,10
130,7,20200210,NULL,7
130,8,20200210,NULL,4
130,9,20200210,NULL,2
130,10,20200210,NULL,4
130,11,20200210,NULL,6
131,2,20200213,NULL,290
131,2,20200227,NULL,10
131,3,20200207,NULL,80
131,3,20200211,NULL,5
131,3,20200306,NULL,6
132,1,20200227,NULL,4
132,1,20200306,NULL,1
132,2,20200227,NULL,2
132,3,20200220,NULL,3
132,4,20200227,NULL,9
132,4,20200306,NULL,2
132,5,20200213,NULL,5
132,6,20200213,NULL,1
132,6,20200227,NULL,4
132,7,20200227,NULL,3
132,8,20200227,NULL,2
132,9,20200227,NULL,4
133,1,20200225,NULL,12
133,1,20200304,NULL,16
133,2,20200217,NULL,13
133,2,20200225,NULL,18
133,3,20200221,NULL,25
133,3,20200224,NULL,2
133,3,20200225,NULL,88
133,4,20200220,NULL,25
134,1,20200306,NULL,50
134,2,20200217,NULL,6
134,2,20200319,NULL,30
134,3,20200220,NULL,23
134,4,20200220,NULL,20
134,5,20200221,NULL,19
134,5,20200306,NULL,11
134,6,20200220,NULL,23
134,6,20200224,NULL,11
134,7,20200217,NULL,45
134,7,20200306,NULL,5
134,8,20200224,NULL,90
134,9,20200225,NULL,50
134,10,20200304,NULL,40
134,11,20200217,NULL,7
134,12,20200217,NULL,2
134,14,20200217,NULL,20
134,15,20200217,NULL,40
134,16,20200224,NULL,71
135,1,20200218,NULL,30
135,2,20200220,NULL,30
135,3,20200213,NULL,17
135,3,20200227,NULL,13
135,4,20200218,NULL,30
135,4,20200218,NULL,20
135,5,20200220,NULL,34
135,5,20200227,NULL,16
135,6,20200227,NULL,13
135,6,20200303,NULL,37
136,1,20200226,NULL,40
137,1,20200217,NULL,5
137,2,20200217,NULL,5
137,3,20200217,NULL,3
137,4,20200217,NULL,8
137,5,20200217,NULL,11
138,1,20200303,NULL,98
138,1,20200306,NULL,2
138,2,20200220,NULL,8
138,2,20200304,NULL,92
139,1,20200217,NULL,102
139,1,20200218,NULL,48
140,1,20200217,NULL,2
140,2,20200217,NULL,2
140,3,20200217,NULL,2
140,4,20200217,NULL,2
140,5,20200217,NULL,2
140,6,20200217,NULL,2
140,7,20200217,NULL,3
140,8,20200217,NULL,3
140,9,20200217,NULL,3
140,10,20200217,NULL,4
140,11,20200217,NULL,4
140,12,20200217,NULL,2
140,13,20200217,NULL,2
140,14,20200217,NULL,3
141,1,20200218,NULL,33
141,1,20200227,NULL,67
141,1,20200228,NULL,109
141,1,20200304,NULL,177
143,1,20200224,NULL,10
144,1,20200304,NULL,25
144,2,20200304,NULL,17
144,2,20200306,NULL,5
145,1,20200302,NULL,78
145,1,20200310,NULL,22
147,1,20200310,NULL,19
147,2,20200306,NULL,20
148,1,20200429,NULL,30
148,2,20200429,NULL,44
148,3,20200512,NULL,34
148,5,20200319,NULL,15
148,6,20200319,NULL,24
148,7,20200319,NULL,32
148,8,20200319,NULL,30
149,1,20200320,NULL,29
149,2,20200320,NULL,90
149,4,20200320,NULL,25
149,5,20200320,NULL,24
149,8,20200320,NULL,50
149,9,20200320,NULL,180
149,10,20200320,NULL,17
149,11,20200320,NULL,12
150,1,20200312,NULL,15
155,1,20200512,NULL,18
155,7,20200512,NULL,29
120,5,20200519,NULL,20
153,1,20200519,NULL,89
138,3,20200520,NULL,17
124,5,20200520,NULL,6
128,1,20200520,NULL,3
147,3,20200520,NULL,20
148,6,20200520,NULL,26
108,2,20200520,NULL,12
108,5,20200520,NULL,5
148,5,20200520,NULL,10
148,2,20200520,NULL,2
155,8,20200520,NULL,4
148,7,20200520,NULL,18
155,2,20200520,NULL,11
124,6,20200520,NULL,3
108,1,20200520,NULL,2
155,9,20200520,NULL,20
156,1,20200520,NULL,48
156,2,20200520,NULL,48
156,2,20200522,NULL,338
120,1,20200522,NULL,8
157,29,20200522,NULL,289
154,1,20200522,NULL,50
156,1,20200522,NULL,278
128,10,20200522,NULL,2
158,3,20200522,NULL,36
159,4,20200522,NULL,5
155,7,20200522,NULL,1
148,1,20200522,NULL,6
158,3,20200525,NULL,12
133,1,20200525,NULL,11
157,15,20200525,NULL,50
134,12,20200525,NULL,6
134,1,20200525,NULL,27
157,31,20200525,NULL,114
159,5,20200525,NULL,10
148,8,20200525,NULL,20
141,1,20200526,NULL,14
133,1,20200526,NULL,1
138,3,20200526,NULL,1
120,1,20200526,NULL,12
158,2,20200526,NULL,40
159,1,20200526,NULL,16
128,9,20200526,NULL,2
129,10,20200526,NULL,14
153,1,20200526,NULL,1
158,4,20200526,NULL,50
155,1,20200528,082100,6
158,1,20200528,082100,27
128,9,20200528,082100,2
158,2,20200528,082100,3
108,9,20200528,082100,264
159,6,20200528,082100,45
151,1,20200529,075200,48
151,2,20200529,075200,48
151,3,20200529,075200,32
151,4,20200529,075200,31
151,5,20200529,075200,30
152,1,20200529,075200,6
152,2,20200529,075200,3
152,4,20200529,075200,2
152,5,20200529,075200,3
152,6,20200529,075200,10
152,7,20200529,075200,1
152,8,20200529,075200,4
152,9,20200529,075200,4
152,10,20200529,075200,2
152,11,20200529,075200,2
152,12,20200529,075200,4
159,6,20200529,092000,50
159,2,20200529,092000,9
155,3,20200530,NULL,136
155,4,20200530,NULL,84
155,5,20200530,NULL,52
164,1,20200603,083500,10
